1x1-andymeneely-police-badge.svg	1x1/andymeneely/police-badge.svg
1x1-andymeneely-riposte.svg	1x1/andymeneely/riposte.svg
1x1-aussiesim-card-10-clubs.svg	1x1/aussiesim/card-10-clubs.svg
1x1-aussiesim-card-10-diamonds.svg	1x1/aussiesim/card-10-diamonds.svg
1x1-aussiesim-card-10-hearts.svg	1x1/aussiesim/card-10-hearts.svg
1x1-aussiesim-card-10-spades.svg	1x1/aussiesim/card-10-spades.svg
1x1-aussiesim-card-2-clubs.svg	1x1/aussiesim/card-2-clubs.svg
1x1-aussiesim-card-2-diamonds.svg	1x1/aussiesim/card-2-diamonds.svg
1x1-aussiesim-card-2-hearts.svg	1x1/aussiesim/card-2-hearts.svg
1x1-aussiesim-card-2-spades.svg	1x1/aussiesim/card-2-spades.svg
1x1-aussiesim-card-3-clubs.svg	1x1/aussiesim/card-3-clubs.svg
1x1-aussiesim-card-3-diamonds.svg	1x1/aussiesim/card-3-diamonds.svg
1x1-aussiesim-card-3-hearts.svg	1x1/aussiesim/card-3-hearts.svg
1x1-aussiesim-card-3-spades.svg	1x1/aussiesim/card-3-spades.svg
1x1-aussiesim-card-4-clubs.svg	1x1/aussiesim/card-4-clubs.svg
1x1-aussiesim-card-4-diamonds.svg	1x1/aussiesim/card-4-diamonds.svg
1x1-aussiesim-card-4-hearts.svg	1x1/aussiesim/card-4-hearts.svg
1x1-aussiesim-card-4-spades.svg	1x1/aussiesim/card-4-spades.svg
1x1-aussiesim-card-5-clubs.svg	1x1/aussiesim/card-5-clubs.svg
1x1-aussiesim-card-5-diamonds.svg	1x1/aussiesim/card-5-diamonds.svg
1x1-aussiesim-card-5-hearts.svg	1x1/aussiesim/card-5-hearts.svg
1x1-aussiesim-card-5-spades.svg	1x1/aussiesim/card-5-spades.svg
1x1-aussiesim-card-6-clubs.svg	1x1/aussiesim/card-6-clubs.svg
1x1-aussiesim-card-6-diamonds.svg	1x1/aussiesim/card-6-diamonds.svg
1x1-aussiesim-card-6-hearts.svg	1x1/aussiesim/card-6-hearts.svg
1x1-aussiesim-card-6-spades.svg	1x1/aussiesim/card-6-spades.svg
1x1-aussiesim-card-7-clubs.svg	1x1/aussiesim/card-7-clubs.svg
1x1-aussiesim-card-7-diamonds.svg	1x1/aussiesim/card-7-diamonds.svg
1x1-aussiesim-card-7-hearts.svg	1x1/aussiesim/card-7-hearts.svg
1x1-aussiesim-card-7-spades.svg	1x1/aussiesim/card-7-spades.svg
1x1-aussiesim-card-8-clubs.svg	1x1/aussiesim/card-8-clubs.svg
1x1-aussiesim-card-8-diamonds.svg	1x1/aussiesim/card-8-diamonds.svg
1x1-aussiesim-card-8-hearts.svg	1x1/aussiesim/card-8-hearts.svg
1x1-aussiesim-card-8-spades.svg	1x1/aussiesim/card-8-spades.svg
1x1-aussiesim-card-9-clubs.svg	1x1/aussiesim/card-9-clubs.svg
1x1-aussiesim-card-9-diamonds.svg	1x1/aussiesim/card-9-diamonds.svg
1x1-aussiesim-card-9-hearts.svg	1x1/aussiesim/card-9-hearts.svg
1x1-aussiesim-card-9-spades.svg	1x1/aussiesim/card-9-spades.svg
1x1-aussiesim-card-ace-clubs.svg	1x1/aussiesim/card-ace-clubs.svg
1x1-aussiesim-card-ace-diamonds.svg	1x1/aussiesim/card-ace-diamonds.svg
1x1-aussiesim-card-ace-hearts.svg	1x1/aussiesim/card-ace-hearts.svg
1x1-aussiesim-card-ace-spades.svg	1x1/aussiesim/card-ace-spades.svg
1x1-aussiesim-card-jack-clubs.svg	1x1/aussiesim/card-jack-clubs.svg
1x1-aussiesim-card-jack-diamonds.svg	1x1/aussiesim/card-jack-diamonds.svg
1x1-aussiesim-card-jack-hearts.svg	1x1/aussiesim/card-jack-hearts.svg
1x1-aussiesim-card-jack-spades.svg	1x1/aussiesim/card-jack-spades.svg
1x1-aussiesim-card-king-clubs.svg	1x1/aussiesim/card-king-clubs.svg
1x1-aussiesim-card-king-diamonds.svg	1x1/aussiesim/card-king-diamonds.svg
1x1-aussiesim-card-king-hearts.svg	1x1/aussiesim/card-king-hearts.svg
1x1-aussiesim-card-king-spades.svg	1x1/aussiesim/card-king-spades.svg
1x1-aussiesim-card-queen-clubs.svg	1x1/aussiesim/card-queen-clubs.svg
1x1-aussiesim-card-queen-diamonds.svg	1x1/aussiesim/card-queen-diamonds.svg
1x1-aussiesim-card-queen-hearts.svg	1x1/aussiesim/card-queen-hearts.svg
1x1-aussiesim-card-queen-spades.svg	1x1/aussiesim/card-queen-spades.svg
1x1-carl-olsen-brutal-helm.svg	1x1/carl-olsen/brutal-helm.svg
1x1-carl-olsen-crossbow.svg	1x1/carl-olsen/crossbow.svg
1x1-carl-olsen-flame.svg	1x1/carl-olsen/flame.svg
1x1-carl-olsen-mite-alt.svg	1x1/carl-olsen/mite-alt.svg
1x1-carl-olsen-spider-alt.svg	1x1/carl-olsen/spider-alt.svg
1x1-carl-olsen-spider-face.svg	1x1/carl-olsen/spider-face.svg
1x1-caro-asercion-accordion.svg	1x1/caro-asercion/accordion.svg
1x1-caro-asercion-anteater.svg	1x1/caro-asercion/anteater.svg
1x1-caro-asercion-archaeopteryx-fossil.svg	1x1/caro-asercion/archaeopteryx-fossil.svg
1x1-caro-asercion-armchair.svg	1x1/caro-asercion/armchair.svg
1x1-caro-asercion-artichoke.svg	1x1/caro-asercion/artichoke.svg
1x1-caro-asercion-astrolabe.svg	1x1/caro-asercion/astrolabe.svg
1x1-caro-asercion-axolotl.svg	1x1/caro-asercion/axolotl.svg
1x1-caro-asercion-badger.svg	1x1/caro-asercion/badger.svg
1x1-caro-asercion-barn-owl.svg	1x1/caro-asercion/barn-owl.svg
1x1-caro-asercion-bassoon.svg	1x1/caro-asercion/bassoon.svg
1x1-caro-asercion-birch-trees.svg	1x1/caro-asercion/birch-trees.svg
1x1-caro-asercion-blender.svg	1x1/caro-asercion/blender.svg
1x1-caro-asercion-boar.svg	1x1/caro-asercion/boar.svg
1x1-caro-asercion-boarding-pass.svg	1x1/caro-asercion/boarding-pass.svg
1x1-caro-asercion-boba.svg	1x1/caro-asercion/boba.svg
1x1-caro-asercion-bok-choy.svg	1x1/caro-asercion/bok-choy.svg
1x1-caro-asercion-bowl-of-rice.svg	1x1/caro-asercion/bowl-of-rice.svg
1x1-caro-asercion-bucket-wheel-excavator.svg	1x1/caro-asercion/bucket-wheel-excavator.svg
1x1-caro-asercion-bunny-slippers.svg	1x1/caro-asercion/bunny-slippers.svg
1x1-caro-asercion-bus-stop.svg	1x1/caro-asercion/bus-stop.svg
1x1-caro-asercion-canadian-goose.svg	1x1/caro-asercion/canadian-goose.svg
1x1-caro-asercion-capybara.svg	1x1/caro-asercion/capybara.svg
1x1-caro-asercion-charcuterie.svg	1x1/caro-asercion/charcuterie.svg
1x1-caro-asercion-clarinet.svg	1x1/caro-asercion/clarinet.svg
1x1-caro-asercion-cloaked-figure-on-horseback.svg	1x1/caro-asercion/cloaked-figure-on-horseback.svg
1x1-caro-asercion-clock-tower.svg	1x1/caro-asercion/clock-tower.svg
1x1-caro-asercion-clothesline.svg	1x1/caro-asercion/clothesline.svg
1x1-caro-asercion-coinflip.svg	1x1/caro-asercion/coinflip.svg
1x1-caro-asercion-cootie-catcher.svg	1x1/caro-asercion/cootie-catcher.svg
1x1-caro-asercion-deer-head.svg	1x1/caro-asercion/deer-head.svg
1x1-caro-asercion-deer.svg	1x1/caro-asercion/deer.svg
1x1-caro-asercion-dodo.svg	1x1/caro-asercion/dodo.svg
1x1-caro-asercion-drum-kit.svg	1x1/caro-asercion/drum-kit.svg
1x1-caro-asercion-dumpling-bao.svg	1x1/caro-asercion/dumpling-bao.svg
1x1-caro-asercion-dumpling.svg	1x1/caro-asercion/dumpling.svg
1x1-caro-asercion-earbuds.svg	1x1/caro-asercion/earbuds.svg
1x1-caro-asercion-easel.svg	1x1/caro-asercion/easel.svg
1x1-caro-asercion-fox.svg	1x1/caro-asercion/fox.svg
1x1-caro-asercion-french-horn.svg	1x1/caro-asercion/french-horn.svg
1x1-caro-asercion-fridge.svg	1x1/caro-asercion/fridge.svg
1x1-caro-asercion-froe-and-mallet.svg	1x1/caro-asercion/froe-and-mallet.svg
1x1-caro-asercion-frog-mouth-helm.svg	1x1/caro-asercion/frog-mouth-helm.svg
1x1-caro-asercion-goblin.svg	1x1/caro-asercion/goblin.svg
1x1-caro-asercion-grand-piano.svg	1x1/caro-asercion/grand-piano.svg
1x1-caro-asercion-gyroscope.svg	1x1/caro-asercion/gyroscope.svg
1x1-caro-asercion-hedgehog.svg	1x1/caro-asercion/hedgehog.svg
1x1-caro-asercion-heraldic-sun.svg	1x1/caro-asercion/heraldic-sun.svg
1x1-caro-asercion-heron.svg	1x1/caro-asercion/heron.svg
1x1-caro-asercion-hyena-head.svg	1x1/caro-asercion/hyena-head.svg
1x1-caro-asercion-mason-jar.svg	1x1/caro-asercion/mason-jar.svg
1x1-caro-asercion-medieval-village-01.svg	1x1/caro-asercion/medieval-village-01.svg
1x1-caro-asercion-mole.svg	1x1/caro-asercion/mole.svg
1x1-caro-asercion-mountain-climbing.svg	1x1/caro-asercion/mountain-climbing.svg
1x1-caro-asercion-ophanim.svg	1x1/caro-asercion/ophanim.svg
1x1-caro-asercion-orrery.svg	1x1/caro-asercion/orrery.svg
1x1-caro-asercion-pangolin.svg	1x1/caro-asercion/pangolin.svg
1x1-caro-asercion-paper-bag-crumpled.svg	1x1/caro-asercion/paper-bag-crumpled.svg
1x1-caro-asercion-paper-bag-folded.svg	1x1/caro-asercion/paper-bag-folded.svg
1x1-caro-asercion-paper-bag-open.svg	1x1/caro-asercion/paper-bag-open.svg
1x1-caro-asercion-paper-crane.svg	1x1/caro-asercion/paper-crane.svg
1x1-caro-asercion-paper-frog.svg	1x1/caro-asercion/paper-frog.svg
1x1-caro-asercion-philosopher-bust.svg	1x1/caro-asercion/philosopher-bust.svg
1x1-caro-asercion-pianist.svg	1x1/caro-asercion/pianist.svg
1x1-caro-asercion-pipe-organ.svg	1x1/caro-asercion/pipe-organ.svg
1x1-caro-asercion-porcupine.svg	1x1/caro-asercion/porcupine.svg
1x1-caro-asercion-prank-glasses.svg	1x1/caro-asercion/prank-glasses.svg
1x1-caro-asercion-pressure-cooker.svg	1x1/caro-asercion/pressure-cooker.svg
1x1-caro-asercion-rice-cooker.svg	1x1/caro-asercion/rice-cooker.svg
1x1-caro-asercion-ricochet.svg	1x1/caro-asercion/ricochet.svg
1x1-caro-asercion-rolling-suitcase.svg	1x1/caro-asercion/rolling-suitcase.svg
1x1-caro-asercion-rotary-phone.svg	1x1/caro-asercion/rotary-phone.svg
1x1-caro-asercion-round-potion.svg	1x1/caro-asercion/round-potion.svg
1x1-caro-asercion-saucepan.svg	1x1/caro-asercion/saucepan.svg
1x1-caro-asercion-sauropod-skeleton.svg	1x1/caro-asercion/sauropod-skeleton.svg
1x1-caro-asercion-schrodingers-cat-alive.svg	1x1/caro-asercion/schrodingers-cat-alive.svg
1x1-caro-asercion-schrodingers-cat-dead.svg	1x1/caro-asercion/schrodingers-cat-dead.svg
1x1-caro-asercion-sewing-machine.svg	1x1/caro-asercion/sewing-machine.svg
1x1-caro-asercion-sink.svg	1x1/caro-asercion/sink.svg
1x1-caro-asercion-skateboarding-01.svg	1x1/caro-asercion/skateboarding-01.svg
1x1-caro-asercion-skateboarding-02.svg	1x1/caro-asercion/skateboarding-02.svg
1x1-caro-asercion-slot-machine.svg	1x1/caro-asercion/slot-machine.svg
1x1-caro-asercion-sloth.svg	1x1/caro-asercion/sloth.svg
1x1-caro-asercion-soda-bottle.svg	1x1/caro-asercion/soda-bottle.svg
1x1-caro-asercion-soldering-iron.svg	1x1/caro-asercion/soldering-iron.svg
1x1-caro-asercion-spinning-wheel.svg	1x1/caro-asercion/spinning-wheel.svg
1x1-caro-asercion-stapler-heavy-duty.svg	1x1/caro-asercion/stapler-heavy-duty.svg
1x1-caro-asercion-stapler-pneumatic.svg	1x1/caro-asercion/stapler-pneumatic.svg
1x1-caro-asercion-stapler.svg	1x1/caro-asercion/stapler.svg
1x1-caro-asercion-steamroller.svg	1x1/caro-asercion/steamroller.svg
1x1-caro-asercion-subway-pass.svg	1x1/caro-asercion/subway-pass.svg
1x1-caro-asercion-subway-train.svg	1x1/caro-asercion/subway-train.svg
1x1-caro-asercion-tarot-00-the-fool.svg	1x1/caro-asercion/tarot-00-the-fool.svg
1x1-caro-asercion-tarot-01-the-magician.svg	1x1/caro-asercion/tarot-01-the-magician.svg
1x1-caro-asercion-tarot-02-the-high-priestess.svg	1x1/caro-asercion/tarot-02-the-high-priestess.svg
1x1-caro-asercion-tarot-03-the-empress.svg	1x1/caro-asercion/tarot-03-the-empress.svg
1x1-caro-asercion-tarot-04-the-emperor.svg	1x1/caro-asercion/tarot-04-the-emperor.svg
1x1-caro-asercion-tarot-05-the-hierophant.svg	1x1/caro-asercion/tarot-05-the-hierophant.svg
1x1-caro-asercion-tarot-06-the-lovers.svg	1x1/caro-asercion/tarot-06-the-lovers.svg
1x1-caro-asercion-tarot-07-the-chariot.svg	1x1/caro-asercion/tarot-07-the-chariot.svg
1x1-caro-asercion-tarot-08-strength.svg	1x1/caro-asercion/tarot-08-strength.svg
1x1-caro-asercion-tarot-09-the-hermit.svg	1x1/caro-asercion/tarot-09-the-hermit.svg
1x1-caro-asercion-tarot-10-wheel-of-fortune.svg	1x1/caro-asercion/tarot-10-wheel-of-fortune.svg
1x1-caro-asercion-tarot-11-justice.svg	1x1/caro-asercion/tarot-11-justice.svg
1x1-caro-asercion-tarot-12-the-hanged-man.svg	1x1/caro-asercion/tarot-12-the-hanged-man.svg
1x1-caro-asercion-tarot-13-death.svg	1x1/caro-asercion/tarot-13-death.svg
1x1-caro-asercion-tarot-14-temperance.svg	1x1/caro-asercion/tarot-14-temperance.svg
1x1-caro-asercion-tarot-15-the-devil.svg	1x1/caro-asercion/tarot-15-the-devil.svg
1x1-caro-asercion-tarot-16-the-tower.svg	1x1/caro-asercion/tarot-16-the-tower.svg
1x1-caro-asercion-tarot-17-the-star.svg	1x1/caro-asercion/tarot-17-the-star.svg
1x1-caro-asercion-tarot-18-the-moon.svg	1x1/caro-asercion/tarot-18-the-moon.svg
1x1-caro-asercion-tarot-19-the-sun.svg	1x1/caro-asercion/tarot-19-the-sun.svg
1x1-caro-asercion-tarot-20-judgement.svg	1x1/caro-asercion/tarot-20-judgement.svg
1x1-caro-asercion-tarot-21-the-world.svg	1x1/caro-asercion/tarot-21-the-world.svg
1x1-caro-asercion-tesla-coil.svg	1x1/caro-asercion/tesla-coil.svg
1x1-caro-asercion-test-tube-held.svg	1x1/caro-asercion/test-tube-held.svg
1x1-caro-asercion-test-tube-rack.svg	1x1/caro-asercion/test-tube-rack.svg
1x1-caro-asercion-toothbrush.svg	1x1/caro-asercion/toothbrush.svg
1x1-caro-asercion-treehouse.svg	1x1/caro-asercion/treehouse.svg
1x1-caro-asercion-trombone.svg	1x1/caro-asercion/trombone.svg
1x1-caro-asercion-tuba.svg	1x1/caro-asercion/tuba.svg
1x1-caro-asercion-venus-flytrap.svg	1x1/caro-asercion/venus-flytrap.svg
1x1-caro-asercion-vhs.svg	1x1/caro-asercion/vhs.svg
1x1-caro-asercion-warlord-helmet.svg	1x1/caro-asercion/warlord-helmet.svg
1x1-caro-asercion-water-mill.svg	1x1/caro-asercion/water-mill.svg
1x1-caro-asercion-willow-tree.svg	1x1/caro-asercion/willow-tree.svg
1x1-caro-asercion-windchimes.svg	1x1/caro-asercion/windchimes.svg
1x1-caro-asercion-wok.svg	1x1/caro-asercion/wok.svg
1x1-cathelineau-annexation.svg	1x1/cathelineau/annexation.svg
1x1-cathelineau-bad-gnome.svg	1x1/cathelineau/bad-gnome.svg
1x1-cathelineau-battleship.svg	1x1/cathelineau/battleship.svg
1x1-cathelineau-boar-ensign.svg	1x1/cathelineau/boar-ensign.svg
1x1-cathelineau-carnyx.svg	1x1/cathelineau/carnyx.svg
1x1-cathelineau-carrier.svg	1x1/cathelineau/carrier.svg
1x1-cathelineau-chariot.svg	1x1/cathelineau/chariot.svg
1x1-cathelineau-cruiser.svg	1x1/cathelineau/cruiser.svg
1x1-cathelineau-dread.svg	1x1/cathelineau/dread.svg
1x1-cathelineau-dreadnought.svg	1x1/cathelineau/dreadnought.svg
1x1-cathelineau-earth-worm.svg	1x1/cathelineau/earth-worm.svg
1x1-cathelineau-flying-trout.svg	1x1/cathelineau/flying-trout.svg
1x1-cathelineau-fomorian.svg	1x1/cathelineau/fomorian.svg
1x1-cathelineau-great-war-tank.svg	1x1/cathelineau/great-war-tank.svg
1x1-cathelineau-holy-oak.svg	1x1/cathelineau/holy-oak.svg
1x1-cathelineau-iron-hulled-warship.svg	1x1/cathelineau/iron-hulled-warship.svg
1x1-cathelineau-medusa-head.svg	1x1/cathelineau/medusa-head.svg
1x1-cathelineau-nun-face.svg	1x1/cathelineau/nun-face.svg
1x1-cathelineau-occupy.svg	1x1/cathelineau/occupy.svg
1x1-cathelineau-old-king.svg	1x1/cathelineau/old-king.svg
1x1-cathelineau-oppidum.svg	1x1/cathelineau/oppidum.svg
1x1-cathelineau-polar-bear.svg	1x1/cathelineau/polar-bear.svg
1x1-cathelineau-swordman.svg	1x1/cathelineau/swordman.svg
1x1-cathelineau-swordwoman.svg	1x1/cathelineau/swordwoman.svg
1x1-cathelineau-torc.svg	1x1/cathelineau/torc.svg
1x1-cathelineau-transparent-slime.svg	1x1/cathelineau/transparent-slime.svg
1x1-cathelineau-tree-face.svg	1x1/cathelineau/tree-face.svg
1x1-cathelineau-tumulus.svg	1x1/cathelineau/tumulus.svg
1x1-cathelineau-witch-face.svg	1x1/cathelineau/witch-face.svg
1x1-catsu-broken-arrow.svg	1x1/catsu/broken-arrow.svg
1x1-darkzaitzev-acrobatic.svg	1x1/darkzaitzev/acrobatic.svg
1x1-darkzaitzev-apothecary.svg	1x1/darkzaitzev/apothecary.svg
1x1-darkzaitzev-big-gear.svg	1x1/darkzaitzev/big-gear.svg
1x1-darkzaitzev-catch.svg	1x1/darkzaitzev/catch.svg
1x1-darkzaitzev-cauldron.svg	1x1/darkzaitzev/cauldron.svg
1x1-darkzaitzev-chameleon-glyph.svg	1x1/darkzaitzev/chameleon-glyph.svg
1x1-darkzaitzev-death-juice.svg	1x1/darkzaitzev/death-juice.svg
1x1-darkzaitzev-distraction.svg	1x1/darkzaitzev/distraction.svg
1x1-darkzaitzev-fish-cooked.svg	1x1/darkzaitzev/fish-cooked.svg
1x1-darkzaitzev-flying-shuriken.svg	1x1/darkzaitzev/flying-shuriken.svg
1x1-darkzaitzev-fried-fish.svg	1x1/darkzaitzev/fried-fish.svg
1x1-darkzaitzev-hooded-assassin.svg	1x1/darkzaitzev/hooded-assassin.svg
1x1-darkzaitzev-hooded-figure.svg	1x1/darkzaitzev/hooded-figure.svg
1x1-darkzaitzev-kusarigama.svg	1x1/darkzaitzev/kusarigama.svg
1x1-darkzaitzev-ninja-head.svg	1x1/darkzaitzev/ninja-head.svg
1x1-darkzaitzev-ninja-heroic-stance.svg	1x1/darkzaitzev/ninja-heroic-stance.svg
1x1-darkzaitzev-north-star-shuriken.svg	1x1/darkzaitzev/north-star-shuriken.svg
1x1-darkzaitzev-on-sight.svg	1x1/darkzaitzev/on-sight.svg
1x1-darkzaitzev-plants-and-animals.svg	1x1/darkzaitzev/plants-and-animals.svg
1x1-darkzaitzev-ram.svg	1x1/darkzaitzev/ram.svg
1x1-darkzaitzev-revolt.svg	1x1/darkzaitzev/revolt.svg
1x1-darkzaitzev-robber-hand.svg	1x1/darkzaitzev/robber-hand.svg
1x1-darkzaitzev-running-ninja.svg	1x1/darkzaitzev/running-ninja.svg
1x1-darkzaitzev-severed-hand.svg	1x1/darkzaitzev/severed-hand.svg
1x1-darkzaitzev-sharp-shuriken.svg	1x1/darkzaitzev/sharp-shuriken.svg
1x1-darkzaitzev-shuriken.svg	1x1/darkzaitzev/shuriken.svg
1x1-darkzaitzev-skull-sabertooth.svg	1x1/darkzaitzev/skull-sabertooth.svg
1x1-darkzaitzev-smoke-bomb.svg	1x1/darkzaitzev/smoke-bomb.svg
1x1-darkzaitzev-star-shuriken.svg	1x1/darkzaitzev/star-shuriken.svg
1x1-darkzaitzev-tabi-boot.svg	1x1/darkzaitzev/tabi-boot.svg
1x1-darkzaitzev-three-pointed-shuriken.svg	1x1/darkzaitzev/three-pointed-shuriken.svg
1x1-darkzaitzev-whirlpool-shuriken.svg	1x1/darkzaitzev/whirlpool-shuriken.svg
1x1-delapouite-3d-glasses.svg	1x1/delapouite/3d-glasses.svg
1x1-delapouite-3d-hammer.svg	1x1/delapouite/3d-hammer.svg
1x1-delapouite-3d-meeple.svg	1x1/delapouite/3d-meeple.svg
1x1-delapouite-3d-stairs.svg	1x1/delapouite/3d-stairs.svg
1x1-delapouite-abacus.svg	1x1/delapouite/abacus.svg
1x1-delapouite-abbot-meeple.svg	1x1/delapouite/abbot-meeple.svg
1x1-delapouite-abdominal-armor.svg	1x1/delapouite/abdominal-armor.svg
1x1-delapouite-achilles-heel.svg	1x1/delapouite/achilles-heel.svg
1x1-delapouite-acoustic-megaphone.svg	1x1/delapouite/acoustic-megaphone.svg
1x1-delapouite-aero-bike.svg	1x1/delapouite/aero-bike.svg
1x1-delapouite-africa.svg	1x1/delapouite/africa.svg
1x1-delapouite-agave.svg	1x1/delapouite/agave.svg
1x1-delapouite-ages.svg	1x1/delapouite/ages.svg
1x1-delapouite-air-balloon.svg	1x1/delapouite/air-balloon.svg
1x1-delapouite-air-man.svg	1x1/delapouite/air-man.svg
1x1-delapouite-airplane-arrival.svg	1x1/delapouite/airplane-arrival.svg
1x1-delapouite-airplane-departure.svg	1x1/delapouite/airplane-departure.svg
1x1-delapouite-airtight-hatch.svg	1x1/delapouite/airtight-hatch.svg
1x1-delapouite-akhet.svg	1x1/delapouite/akhet.svg
1x1-delapouite-alarm-clock.svg	1x1/delapouite/alarm-clock.svg
1x1-delapouite-algae.svg	1x1/delapouite/algae.svg
1x1-delapouite-algeria.svg	1x1/delapouite/algeria.svg
1x1-delapouite-alien-bug.svg	1x1/delapouite/alien-bug.svg
1x1-delapouite-alien-egg.svg	1x1/delapouite/alien-egg.svg
1x1-delapouite-all-seeing-eye.svg	1x1/delapouite/all-seeing-eye.svg
1x1-delapouite-almond.svg	1x1/delapouite/almond.svg
1x1-delapouite-amber-mosquito.svg	1x1/delapouite/amber-mosquito.svg
1x1-delapouite-ambulance.svg	1x1/delapouite/ambulance.svg
1x1-delapouite-american-football-ball.svg	1x1/delapouite/american-football-ball.svg
1x1-delapouite-american-football-helmet.svg	1x1/delapouite/american-football-helmet.svg
1x1-delapouite-american-football-player.svg	1x1/delapouite/american-football-player.svg
1x1-delapouite-american-shield.svg	1x1/delapouite/american-shield.svg
1x1-delapouite-amphora.svg	1x1/delapouite/amphora.svg
1x1-delapouite-ample-dress.svg	1x1/delapouite/ample-dress.svg
1x1-delapouite-anarchy.svg	1x1/delapouite/anarchy.svg
1x1-delapouite-ancient-columns.svg	1x1/delapouite/ancient-columns.svg
1x1-delapouite-ancient-ruins.svg	1x1/delapouite/ancient-ruins.svg
1x1-delapouite-ancient-screw.svg	1x1/delapouite/ancient-screw.svg
1x1-delapouite-ancient-sword.svg	1x1/delapouite/ancient-sword.svg
1x1-delapouite-angola.svg	1x1/delapouite/angola.svg
1x1-delapouite-angry-eyes.svg	1x1/delapouite/angry-eyes.svg
1x1-delapouite-animal-hide.svg	1x1/delapouite/animal-hide.svg
1x1-delapouite-ant.svg	1x1/delapouite/ant.svg
1x1-delapouite-antarctica.svg	1x1/delapouite/antarctica.svg
1x1-delapouite-antibody.svg	1x1/delapouite/antibody.svg
1x1-delapouite-anticlockwise-rotation.svg	1x1/delapouite/anticlockwise-rotation.svg
1x1-delapouite-ants.svg	1x1/delapouite/ants.svg
1x1-delapouite-anubis.svg	1x1/delapouite/anubis.svg
1x1-delapouite-apollo-capsule.svg	1x1/delapouite/apollo-capsule.svg
1x1-delapouite-apple-core.svg	1x1/delapouite/apple-core.svg
1x1-delapouite-aquarium.svg	1x1/delapouite/aquarium.svg
1x1-delapouite-aquarius.svg	1x1/delapouite/aquarius.svg
1x1-delapouite-aqueduct.svg	1x1/delapouite/aqueduct.svg
1x1-delapouite-arabic-door.svg	1x1/delapouite/arabic-door.svg
1x1-delapouite-arc-triomphe.svg	1x1/delapouite/arc-triomphe.svg
1x1-delapouite-arch-bridge.svg	1x1/delapouite/arch-bridge.svg
1x1-delapouite-archer.svg	1x1/delapouite/archer.svg
1x1-delapouite-archive-register.svg	1x1/delapouite/archive-register.svg
1x1-delapouite-archive-research.svg	1x1/delapouite/archive-research.svg
1x1-delapouite-aries.svg	1x1/delapouite/aries.svg
1x1-delapouite-arm-bandage.svg	1x1/delapouite/arm-bandage.svg
1x1-delapouite-arm-sling.svg	1x1/delapouite/arm-sling.svg
1x1-delapouite-arm.svg	1x1/delapouite/arm.svg
1x1-delapouite-armadillo.svg	1x1/delapouite/armadillo.svg
1x1-delapouite-armor-cuisses.svg	1x1/delapouite/armor-cuisses.svg
1x1-delapouite-armor-downgrade.svg	1x1/delapouite/armor-downgrade.svg
1x1-delapouite-armor-punch.svg	1x1/delapouite/armor-punch.svg
1x1-delapouite-armor-upgrade.svg	1x1/delapouite/armor-upgrade.svg
1x1-delapouite-armored-boomerang.svg	1x1/delapouite/armored-boomerang.svg
1x1-delapouite-arrest.svg	1x1/delapouite/arrest.svg
1x1-delapouite-arrow-cursor.svg	1x1/delapouite/arrow-cursor.svg
1x1-delapouite-arrow-wings.svg	1x1/delapouite/arrow-wings.svg
1x1-delapouite-ascending-block.svg	1x1/delapouite/ascending-block.svg
1x1-delapouite-asian-lantern.svg	1x1/delapouite/asian-lantern.svg
1x1-delapouite-asparagus.svg	1x1/delapouite/asparagus.svg
1x1-delapouite-aspergillum.svg	1x1/delapouite/aspergillum.svg
1x1-delapouite-asteroid.svg	1x1/delapouite/asteroid.svg
1x1-delapouite-astronaut-helmet.svg	1x1/delapouite/astronaut-helmet.svg
1x1-delapouite-atlas.svg	1x1/delapouite/atlas.svg
1x1-delapouite-atom-core.svg	1x1/delapouite/atom-core.svg
1x1-delapouite-attached-shield.svg	1x1/delapouite/attached-shield.svg
1x1-delapouite-attack-gauge.svg	1x1/delapouite/attack-gauge.svg
1x1-delapouite-audio-cassette.svg	1x1/delapouite/audio-cassette.svg
1x1-delapouite-australia.svg	1x1/delapouite/australia.svg
1x1-delapouite-avocado.svg	1x1/delapouite/avocado.svg
1x1-delapouite-avoidance.svg	1x1/delapouite/avoidance.svg
1x1-delapouite-axe-in-log.svg	1x1/delapouite/axe-in-log.svg
1x1-delapouite-axe-sword.svg	1x1/delapouite/axe-sword.svg
1x1-delapouite-aztec-calendar-sun.svg	1x1/delapouite/aztec-calendar-sun.svg
1x1-delapouite-azul-flake.svg	1x1/delapouite/azul-flake.svg
1x1-delapouite-baby-bottle.svg	1x1/delapouite/baby-bottle.svg
1x1-delapouite-baby-face.svg	1x1/delapouite/baby-face.svg
1x1-delapouite-babyfoot-players.svg	1x1/delapouite/babyfoot-players.svg
1x1-delapouite-backgammon.svg	1x1/delapouite/backgammon.svg
1x1-delapouite-backpack.svg	1x1/delapouite/backpack.svg
1x1-delapouite-backward-time.svg	1x1/delapouite/backward-time.svg
1x1-delapouite-bacon.svg	1x1/delapouite/bacon.svg
1x1-delapouite-bad-breath.svg	1x1/delapouite/bad-breath.svg
1x1-delapouite-bagpipes.svg	1x1/delapouite/bagpipes.svg
1x1-delapouite-ball-pyramid.svg	1x1/delapouite/ball-pyramid.svg
1x1-delapouite-ballerina-shoes.svg	1x1/delapouite/ballerina-shoes.svg
1x1-delapouite-balloon-dog.svg	1x1/delapouite/balloon-dog.svg
1x1-delapouite-bamboo-fountain.svg	1x1/delapouite/bamboo-fountain.svg
1x1-delapouite-bamboo.svg	1x1/delapouite/bamboo.svg
1x1-delapouite-banana-bunch.svg	1x1/delapouite/banana-bunch.svg
1x1-delapouite-banana-peel.svg	1x1/delapouite/banana-peel.svg
1x1-delapouite-banana-peeled.svg	1x1/delapouite/banana-peeled.svg
1x1-delapouite-banana.svg	1x1/delapouite/banana.svg
1x1-delapouite-bandana.svg	1x1/delapouite/bandana.svg
1x1-delapouite-bandit.svg	1x1/delapouite/bandit.svg
1x1-delapouite-banging-gavel.svg	1x1/delapouite/banging-gavel.svg
1x1-delapouite-banjo.svg	1x1/delapouite/banjo.svg
1x1-delapouite-bank.svg	1x1/delapouite/bank.svg
1x1-delapouite-banknote.svg	1x1/delapouite/banknote.svg
1x1-delapouite-baobab.svg	1x1/delapouite/baobab.svg
1x1-delapouite-bar-stool.svg	1x1/delapouite/bar-stool.svg
1x1-delapouite-barbarian.svg	1x1/delapouite/barbarian.svg
1x1-delapouite-barbecue.svg	1x1/delapouite/barbecue.svg
1x1-delapouite-barn.svg	1x1/delapouite/barn.svg
1x1-delapouite-barracks-tent.svg	1x1/delapouite/barracks-tent.svg
1x1-delapouite-barracks.svg	1x1/delapouite/barracks.svg
1x1-delapouite-barrel-leak.svg	1x1/delapouite/barrel-leak.svg
1x1-delapouite-barrel.svg	1x1/delapouite/barrel.svg
1x1-delapouite-barricade.svg	1x1/delapouite/barricade.svg
1x1-delapouite-barrier.svg	1x1/delapouite/barrier.svg
1x1-delapouite-base-dome.svg	1x1/delapouite/base-dome.svg
1x1-delapouite-baseball-bat.svg	1x1/delapouite/baseball-bat.svg
1x1-delapouite-baseball-glove.svg	1x1/delapouite/baseball-glove.svg
1x1-delapouite-basket.svg	1x1/delapouite/basket.svg
1x1-delapouite-basketball-ball.svg	1x1/delapouite/basketball-ball.svg
1x1-delapouite-basketball-basket.svg	1x1/delapouite/basketball-basket.svg
1x1-delapouite-basketball-jersey.svg	1x1/delapouite/basketball-jersey.svg
1x1-delapouite-basset-hound-head.svg	1x1/delapouite/basset-hound-head.svg
1x1-delapouite-bastet.svg	1x1/delapouite/bastet.svg
1x1-delapouite-bat-leth.svg	1x1/delapouite/bat-leth.svg
1x1-delapouite-bat-mask.svg	1x1/delapouite/bat-mask.svg
1x1-delapouite-bat.svg	1x1/delapouite/bat.svg
1x1-delapouite-bathtub.svg	1x1/delapouite/bathtub.svg
1x1-delapouite-battle-mech.svg	1x1/delapouite/battle-mech.svg
1x1-delapouite-beach-bag.svg	1x1/delapouite/beach-bag.svg
1x1-delapouite-beach-ball.svg	1x1/delapouite/beach-ball.svg
1x1-delapouite-beach-bucket.svg	1x1/delapouite/beach-bucket.svg
1x1-delapouite-beam-satellite.svg	1x1/delapouite/beam-satellite.svg
1x1-delapouite-bear-head.svg	1x1/delapouite/bear-head.svg
1x1-delapouite-beaver.svg	1x1/delapouite/beaver.svg
1x1-delapouite-bed-lamp.svg	1x1/delapouite/bed-lamp.svg
1x1-delapouite-bed.svg	1x1/delapouite/bed.svg
1x1-delapouite-beehive.svg	1x1/delapouite/beehive.svg
1x1-delapouite-beer-bottle.svg	1x1/delapouite/beer-bottle.svg
1x1-delapouite-beer-horn.svg	1x1/delapouite/beer-horn.svg
1x1-delapouite-beet.svg	1x1/delapouite/beet.svg
1x1-delapouite-belgium.svg	1x1/delapouite/belgium.svg
1x1-delapouite-bell-pepper.svg	1x1/delapouite/bell-pepper.svg
1x1-delapouite-bellows.svg	1x1/delapouite/bellows.svg
1x1-delapouite-belt-armor.svg	1x1/delapouite/belt-armor.svg
1x1-delapouite-berries-bowl.svg	1x1/delapouite/berries-bowl.svg
1x1-delapouite-berry-bush.svg	1x1/delapouite/berry-bush.svg
1x1-delapouite-biceps.svg	1x1/delapouite/biceps.svg
1x1-delapouite-billed-cap.svg	1x1/delapouite/billed-cap.svg
1x1-delapouite-bindle.svg	1x1/delapouite/bindle.svg
1x1-delapouite-binoculars.svg	1x1/delapouite/binoculars.svg
1x1-delapouite-bird-cage.svg	1x1/delapouite/bird-cage.svg
1x1-delapouite-bird-house.svg	1x1/delapouite/bird-house.svg
1x1-delapouite-bird-scepter.svg	1x1/delapouite/bird-scepter.svg
1x1-delapouite-bison.svg	1x1/delapouite/bison.svg
1x1-delapouite-black-belt.svg	1x1/delapouite/black-belt.svg
1x1-delapouite-black-bridge.svg	1x1/delapouite/black-bridge.svg
1x1-delapouite-black-knight-helm.svg	1x1/delapouite/black-knight-helm.svg
1x1-delapouite-black-sea.svg	1x1/delapouite/black-sea.svg
1x1-delapouite-blacksmith.svg	1x1/delapouite/blacksmith.svg
1x1-delapouite-blanket.svg	1x1/delapouite/blanket.svg
1x1-delapouite-blindfold.svg	1x1/delapouite/blindfold.svg
1x1-delapouite-block-house.svg	1x1/delapouite/block-house.svg
1x1-delapouite-bo.svg	1x1/delapouite/bo.svg
1x1-delapouite-boat-engine.svg	1x1/delapouite/boat-engine.svg
1x1-delapouite-boat-fishing.svg	1x1/delapouite/boat-fishing.svg
1x1-delapouite-boat-horizon.svg	1x1/delapouite/boat-horizon.svg
1x1-delapouite-boat-propeller.svg	1x1/delapouite/boat-propeller.svg
1x1-delapouite-body-balance.svg	1x1/delapouite/body-balance.svg
1x1-delapouite-body-height.svg	1x1/delapouite/body-height.svg
1x1-delapouite-bolivia.svg	1x1/delapouite/bolivia.svg
1x1-delapouite-bolt-bomb.svg	1x1/delapouite/bolt-bomb.svg
1x1-delapouite-bolt-cutter.svg	1x1/delapouite/bolt-cutter.svg
1x1-delapouite-bolt-drop.svg	1x1/delapouite/bolt-drop.svg
1x1-delapouite-bolt-spell-cast.svg	1x1/delapouite/bolt-spell-cast.svg
1x1-delapouite-bone-knife.svg	1x1/delapouite/bone-knife.svg
1x1-delapouite-bone-mace.svg	1x1/delapouite/bone-mace.svg
1x1-delapouite-bonsai-tree.svg	1x1/delapouite/bonsai-tree.svg
1x1-delapouite-book-cover.svg	1x1/delapouite/book-cover.svg
1x1-delapouite-book-pile.svg	1x1/delapouite/book-pile.svg
1x1-delapouite-bookshelf.svg	1x1/delapouite/bookshelf.svg
1x1-delapouite-boombox.svg	1x1/delapouite/boombox.svg
1x1-delapouite-boomerang-cross.svg	1x1/delapouite/boomerang-cross.svg
1x1-delapouite-boomerang.svg	1x1/delapouite/boomerang.svg
1x1-delapouite-booze.svg	1x1/delapouite/booze.svg
1x1-delapouite-boss-key.svg	1x1/delapouite/boss-key.svg
1x1-delapouite-bottle-cap.svg	1x1/delapouite/bottle-cap.svg
1x1-delapouite-bottled-shadow.svg	1x1/delapouite/bottled-shadow.svg
1x1-delapouite-boulder-dash.svg	1x1/delapouite/boulder-dash.svg
1x1-delapouite-bouncing-spring.svg	1x1/delapouite/bouncing-spring.svg
1x1-delapouite-bow-arrow.svg	1x1/delapouite/bow-arrow.svg
1x1-delapouite-bow-string.svg	1x1/delapouite/bow-string.svg
1x1-delapouite-bow-tie-ribbon.svg	1x1/delapouite/bow-tie-ribbon.svg
1x1-delapouite-bow-tie.svg	1x1/delapouite/bow-tie.svg
1x1-delapouite-bowels.svg	1x1/delapouite/bowels.svg
1x1-delapouite-bowen-knot.svg	1x1/delapouite/bowen-knot.svg
1x1-delapouite-bowling-alley.svg	1x1/delapouite/bowling-alley.svg
1x1-delapouite-bowling-pin.svg	1x1/delapouite/bowling-pin.svg
1x1-delapouite-bowling-strike.svg	1x1/delapouite/bowling-strike.svg
1x1-delapouite-box-cutter.svg	1x1/delapouite/box-cutter.svg
1x1-delapouite-box-unpacking.svg	1x1/delapouite/box-unpacking.svg
1x1-delapouite-boxing-ring.svg	1x1/delapouite/boxing-ring.svg
1x1-delapouite-bracer.svg	1x1/delapouite/bracer.svg
1x1-delapouite-brain-dump.svg	1x1/delapouite/brain-dump.svg
1x1-delapouite-brain-leak.svg	1x1/delapouite/brain-leak.svg
1x1-delapouite-brain-tentacle.svg	1x1/delapouite/brain-tentacle.svg
1x1-delapouite-brasero.svg	1x1/delapouite/brasero.svg
1x1-delapouite-brass-knuckles.svg	1x1/delapouite/brass-knuckles.svg
1x1-delapouite-brazil-flag.svg	1x1/delapouite/brazil-flag.svg
1x1-delapouite-brazil.svg	1x1/delapouite/brazil.svg
1x1-delapouite-bread-slice.svg	1x1/delapouite/bread-slice.svg
1x1-delapouite-bread.svg	1x1/delapouite/bread.svg
1x1-delapouite-brick-pile.svg	1x1/delapouite/brick-pile.svg
1x1-delapouite-brick-wall.svg	1x1/delapouite/brick-wall.svg
1x1-delapouite-briefcase.svg	1x1/delapouite/briefcase.svg
1x1-delapouite-broccoli.svg	1x1/delapouite/broccoli.svg
1x1-delapouite-broken-axe.svg	1x1/delapouite/broken-axe.svg
1x1-delapouite-broken-pottery.svg	1x1/delapouite/broken-pottery.svg
1x1-delapouite-broken-wall.svg	1x1/delapouite/broken-wall.svg
1x1-delapouite-broom.svg	1x1/delapouite/broom.svg
1x1-delapouite-brute.svg	1x1/delapouite/brute.svg
1x1-delapouite-buffalo-head.svg	1x1/delapouite/buffalo-head.svg
1x1-delapouite-bug-net.svg	1x1/delapouite/bug-net.svg
1x1-delapouite-bulgaria.svg	1x1/delapouite/bulgaria.svg
1x1-delapouite-bulldozer.svg	1x1/delapouite/bulldozer.svg
1x1-delapouite-bullet-bill.svg	1x1/delapouite/bullet-bill.svg
1x1-delapouite-bullet-impacts.svg	1x1/delapouite/bullet-impacts.svg
1x1-delapouite-bully-minion.svg	1x1/delapouite/bully-minion.svg
1x1-delapouite-bunk-beds.svg	1x1/delapouite/bunk-beds.svg
1x1-delapouite-buoy.svg	1x1/delapouite/buoy.svg
1x1-delapouite-burning-forest.svg	1x1/delapouite/burning-forest.svg
1x1-delapouite-bus-doors.svg	1x1/delapouite/bus-doors.svg
1x1-delapouite-bus.svg	1x1/delapouite/bus.svg
1x1-delapouite-butter-toast.svg	1x1/delapouite/butter-toast.svg
1x1-delapouite-butter.svg	1x1/delapouite/butter.svg
1x1-delapouite-butterfly-flower.svg	1x1/delapouite/butterfly-flower.svg
1x1-delapouite-butterfly-knife.svg	1x1/delapouite/butterfly-knife.svg
1x1-delapouite-button-finger.svg	1x1/delapouite/button-finger.svg
1x1-delapouite-buy-card.svg	1x1/delapouite/buy-card.svg
1x1-delapouite-byzantin-temple.svg	1x1/delapouite/byzantin-temple.svg
1x1-delapouite-cabbage.svg	1x1/delapouite/cabbage.svg
1x1-delapouite-cable-stayed-bridge.svg	1x1/delapouite/cable-stayed-bridge.svg
1x1-delapouite-cactus-pot.svg	1x1/delapouite/cactus-pot.svg
1x1-delapouite-cactus-tap.svg	1x1/delapouite/cactus-tap.svg
1x1-delapouite-cactus.svg	1x1/delapouite/cactus.svg
1x1-delapouite-cadillac-helm.svg	1x1/delapouite/cadillac-helm.svg
1x1-delapouite-caduceus.svg	1x1/delapouite/caduceus.svg
1x1-delapouite-caesar.svg	1x1/delapouite/caesar.svg
1x1-delapouite-cage.svg	1x1/delapouite/cage.svg
1x1-delapouite-calavera.svg	1x1/delapouite/calavera.svg
1x1-delapouite-calculator.svg	1x1/delapouite/calculator.svg
1x1-delapouite-calendar-half-year.svg	1x1/delapouite/calendar-half-year.svg
1x1-delapouite-calendar.svg	1x1/delapouite/calendar.svg
1x1-delapouite-caltrops.svg	1x1/delapouite/caltrops.svg
1x1-delapouite-camargue-cross.svg	1x1/delapouite/camargue-cross.svg
1x1-delapouite-cambodia.svg	1x1/delapouite/cambodia.svg
1x1-delapouite-camel-head.svg	1x1/delapouite/camel-head.svg
1x1-delapouite-camel.svg	1x1/delapouite/camel.svg
1x1-delapouite-camp-cooking-pot.svg	1x1/delapouite/camp-cooking-pot.svg
1x1-delapouite-camping-tent.svg	1x1/delapouite/camping-tent.svg
1x1-delapouite-cancer.svg	1x1/delapouite/cancer.svg
1x1-delapouite-candles.svg	1x1/delapouite/candles.svg
1x1-delapouite-candlestick-phone.svg	1x1/delapouite/candlestick-phone.svg
1x1-delapouite-candy-canes.svg	1x1/delapouite/candy-canes.svg
1x1-delapouite-canned-fish.svg	1x1/delapouite/canned-fish.svg
1x1-delapouite-canoe.svg	1x1/delapouite/canoe.svg
1x1-delapouite-cantua.svg	1x1/delapouite/cantua.svg
1x1-delapouite-cape-armor.svg	1x1/delapouite/cape-armor.svg
1x1-delapouite-cape.svg	1x1/delapouite/cape.svg
1x1-delapouite-capricorn.svg	1x1/delapouite/capricorn.svg
1x1-delapouite-captain-hat-profile.svg	1x1/delapouite/captain-hat-profile.svg
1x1-delapouite-car-battery.svg	1x1/delapouite/car-battery.svg
1x1-delapouite-car-door.svg	1x1/delapouite/car-door.svg
1x1-delapouite-car-key.svg	1x1/delapouite/car-key.svg
1x1-delapouite-car-seat.svg	1x1/delapouite/car-seat.svg
1x1-delapouite-car-wheel.svg	1x1/delapouite/car-wheel.svg
1x1-delapouite-carabiner.svg	1x1/delapouite/carabiner.svg
1x1-delapouite-carambola.svg	1x1/delapouite/carambola.svg
1x1-delapouite-caravan.svg	1x1/delapouite/caravan.svg
1x1-delapouite-caravel.svg	1x1/delapouite/caravel.svg
1x1-delapouite-card-burn.svg	1x1/delapouite/card-burn.svg
1x1-delapouite-card-exchange.svg	1x1/delapouite/card-exchange.svg
1x1-delapouite-card-joker.svg	1x1/delapouite/card-joker.svg
1x1-delapouite-cardboard-box-closed.svg	1x1/delapouite/cardboard-box-closed.svg
1x1-delapouite-cardboard-box.svg	1x1/delapouite/cardboard-box.svg
1x1-delapouite-cargo-crate.svg	1x1/delapouite/cargo-crate.svg
1x1-delapouite-cargo-ship.svg	1x1/delapouite/cargo-ship.svg
1x1-delapouite-carnival-mask.svg	1x1/delapouite/carnival-mask.svg
1x1-delapouite-carnivorous-plant.svg	1x1/delapouite/carnivorous-plant.svg
1x1-delapouite-carousel.svg	1x1/delapouite/carousel.svg
1x1-delapouite-carrot.svg	1x1/delapouite/carrot.svg
1x1-delapouite-cassowary-head.svg	1x1/delapouite/cassowary-head.svg
1x1-delapouite-castle-ruins.svg	1x1/delapouite/castle-ruins.svg
1x1-delapouite-castle.svg	1x1/delapouite/castle.svg
1x1-delapouite-caterpillar.svg	1x1/delapouite/caterpillar.svg
1x1-delapouite-cavalry.svg	1x1/delapouite/cavalry.svg
1x1-delapouite-cave-entrance.svg	1x1/delapouite/cave-entrance.svg
1x1-delapouite-caveman.svg	1x1/delapouite/caveman.svg
1x1-delapouite-cctv-camera.svg	1x1/delapouite/cctv-camera.svg
1x1-delapouite-ceiling-barnacle.svg	1x1/delapouite/ceiling-barnacle.svg
1x1-delapouite-ceiling-light.svg	1x1/delapouite/ceiling-light.svg
1x1-delapouite-cellar-barrels.svg	1x1/delapouite/cellar-barrels.svg
1x1-delapouite-centaur-heart.svg	1x1/delapouite/centaur-heart.svg
1x1-delapouite-centaur.svg	1x1/delapouite/centaur.svg
1x1-delapouite-centurion-helmet.svg	1x1/delapouite/centurion-helmet.svg
1x1-delapouite-ceremonial-mask.svg	1x1/delapouite/ceremonial-mask.svg
1x1-delapouite-chainsaw.svg	1x1/delapouite/chainsaw.svg
1x1-delapouite-chakram.svg	1x1/delapouite/chakram.svg
1x1-delapouite-chalk-outline-murder.svg	1x1/delapouite/chalk-outline-murder.svg
1x1-delapouite-champagne-cork.svg	1x1/delapouite/champagne-cork.svg
1x1-delapouite-champions.svg	1x1/delapouite/champions.svg
1x1-delapouite-chanterelles.svg	1x1/delapouite/chanterelles.svg
1x1-delapouite-character.svg	1x1/delapouite/character.svg
1x1-delapouite-charging-bull.svg	1x1/delapouite/charging-bull.svg
1x1-delapouite-charging.svg	1x1/delapouite/charging.svg
1x1-delapouite-chart.svg	1x1/delapouite/chart.svg
1x1-delapouite-chat-bubble.svg	1x1/delapouite/chat-bubble.svg
1x1-delapouite-check-mark.svg	1x1/delapouite/check-mark.svg
1x1-delapouite-checkered-flag.svg	1x1/delapouite/checkered-flag.svg
1x1-delapouite-checklist.svg	1x1/delapouite/checklist.svg
1x1-delapouite-chef-toque.svg	1x1/delapouite/chef-toque.svg
1x1-delapouite-chelsea-boot.svg	1x1/delapouite/chelsea-boot.svg
1x1-delapouite-cherish.svg	1x1/delapouite/cherish.svg
1x1-delapouite-cherry.svg	1x1/delapouite/cherry.svg
1x1-delapouite-chest-armor.svg	1x1/delapouite/chest-armor.svg
1x1-delapouite-chest.svg	1x1/delapouite/chest.svg
1x1-delapouite-chestnut-leaf.svg	1x1/delapouite/chestnut-leaf.svg
1x1-delapouite-chicken-oven.svg	1x1/delapouite/chicken-oven.svg
1x1-delapouite-chicken.svg	1x1/delapouite/chicken.svg
1x1-delapouite-chili-pepper.svg	1x1/delapouite/chili-pepper.svg
1x1-delapouite-chimney.svg	1x1/delapouite/chimney.svg
1x1-delapouite-chips-bag.svg	1x1/delapouite/chips-bag.svg
1x1-delapouite-chisel.svg	1x1/delapouite/chisel.svg
1x1-delapouite-choice.svg	1x1/delapouite/choice.svg
1x1-delapouite-chopsticks.svg	1x1/delapouite/chopsticks.svg
1x1-delapouite-church.svg	1x1/delapouite/church.svg
1x1-delapouite-cigale.svg	1x1/delapouite/cigale.svg
1x1-delapouite-cigar.svg	1x1/delapouite/cigar.svg
1x1-delapouite-cigarette.svg	1x1/delapouite/cigarette.svg
1x1-delapouite-circle-forest.svg	1x1/delapouite/circle-forest.svg
1x1-delapouite-circle.svg	1x1/delapouite/circle.svg
1x1-delapouite-circling-fish.svg	1x1/delapouite/circling-fish.svg
1x1-delapouite-city-car.svg	1x1/delapouite/city-car.svg
1x1-delapouite-clamp.svg	1x1/delapouite/clamp.svg
1x1-delapouite-clapperboard.svg	1x1/delapouite/clapperboard.svg
1x1-delapouite-classical-knowledge.svg	1x1/delapouite/classical-knowledge.svg
1x1-delapouite-claws.svg	1x1/delapouite/claws.svg
1x1-delapouite-clay-brick.svg	1x1/delapouite/clay-brick.svg
1x1-delapouite-claymore-explosive.svg	1x1/delapouite/claymore-explosive.svg
1x1-delapouite-cleaver.svg	1x1/delapouite/cleaver.svg
1x1-delapouite-cleopatra.svg	1x1/delapouite/cleopatra.svg
1x1-delapouite-cliff-crossing.svg	1x1/delapouite/cliff-crossing.svg
1x1-delapouite-clockwise-rotation.svg	1x1/delapouite/clockwise-rotation.svg
1x1-delapouite-closed-barbute.svg	1x1/delapouite/closed-barbute.svg
1x1-delapouite-closed-doors.svg	1x1/delapouite/closed-doors.svg
1x1-delapouite-cloth-jar.svg	1x1/delapouite/cloth-jar.svg
1x1-delapouite-clothes.svg	1x1/delapouite/clothes.svg
1x1-delapouite-clothespin.svg	1x1/delapouite/clothespin.svg
1x1-delapouite-cloud-download.svg	1x1/delapouite/cloud-download.svg
1x1-delapouite-cloud-upload.svg	1x1/delapouite/cloud-upload.svg
1x1-delapouite-clown.svg	1x1/delapouite/clown.svg
1x1-delapouite-clownfish.svg	1x1/delapouite/clownfish.svg
1x1-delapouite-coa-de-jima.svg	1x1/delapouite/coa-de-jima.svg
1x1-delapouite-coal-pile.svg	1x1/delapouite/coal-pile.svg
1x1-delapouite-coal-wagon.svg	1x1/delapouite/coal-wagon.svg
1x1-delapouite-cobra.svg	1x1/delapouite/cobra.svg
1x1-delapouite-coconuts.svg	1x1/delapouite/coconuts.svg
1x1-delapouite-coffee-beans.svg	1x1/delapouite/coffee-beans.svg
1x1-delapouite-coffee-cup.svg	1x1/delapouite/coffee-cup.svg
1x1-delapouite-coffee-pot.svg	1x1/delapouite/coffee-pot.svg
1x1-delapouite-coiled-nail.svg	1x1/delapouite/coiled-nail.svg
1x1-delapouite-coins-pile.svg	1x1/delapouite/coins-pile.svg
1x1-delapouite-coins.svg	1x1/delapouite/coins.svg
1x1-delapouite-coliseum.svg	1x1/delapouite/coliseum.svg
1x1-delapouite-colombia.svg	1x1/delapouite/colombia.svg
1x1-delapouite-colombian-statue.svg	1x1/delapouite/colombian-statue.svg
1x1-delapouite-column-vase.svg	1x1/delapouite/column-vase.svg
1x1-delapouite-commercial-airplane.svg	1x1/delapouite/commercial-airplane.svg
1x1-delapouite-compact-disc.svg	1x1/delapouite/compact-disc.svg
1x1-delapouite-companion-cube.svg	1x1/delapouite/companion-cube.svg
1x1-delapouite-computer-fan.svg	1x1/delapouite/computer-fan.svg
1x1-delapouite-concrete-bag.svg	1x1/delapouite/concrete-bag.svg
1x1-delapouite-confirmed.svg	1x1/delapouite/confirmed.svg
1x1-delapouite-confrontation.svg	1x1/delapouite/confrontation.svg
1x1-delapouite-congress.svg	1x1/delapouite/congress.svg
1x1-delapouite-conqueror.svg	1x1/delapouite/conqueror.svg
1x1-delapouite-contortionist.svg	1x1/delapouite/contortionist.svg
1x1-delapouite-contract.svg	1x1/delapouite/contract.svg
1x1-delapouite-control-tower.svg	1x1/delapouite/control-tower.svg
1x1-delapouite-convergence-target.svg	1x1/delapouite/convergence-target.svg
1x1-delapouite-converse-shoe.svg	1x1/delapouite/converse-shoe.svg
1x1-delapouite-convict.svg	1x1/delapouite/convict.svg
1x1-delapouite-convince.svg	1x1/delapouite/convince.svg
1x1-delapouite-conway-life-glider.svg	1x1/delapouite/conway-life-glider.svg
1x1-delapouite-cook.svg	1x1/delapouite/cook.svg
1x1-delapouite-cookie.svg	1x1/delapouite/cookie.svg
1x1-delapouite-cooking-glove.svg	1x1/delapouite/cooking-glove.svg
1x1-delapouite-cooking-pot.svg	1x1/delapouite/cooking-pot.svg
1x1-delapouite-cooler.svg	1x1/delapouite/cooler.svg
1x1-delapouite-coral.svg	1x1/delapouite/coral.svg
1x1-delapouite-cork-hat.svg	1x1/delapouite/cork-hat.svg
1x1-delapouite-corkscrew.svg	1x1/delapouite/corkscrew.svg
1x1-delapouite-corn.svg	1x1/delapouite/corn.svg
1x1-delapouite-corner-flag.svg	1x1/delapouite/corner-flag.svg
1x1-delapouite-cornucopia.svg	1x1/delapouite/cornucopia.svg
1x1-delapouite-coronation.svg	1x1/delapouite/coronation.svg
1x1-delapouite-corporal.svg	1x1/delapouite/corporal.svg
1x1-delapouite-corset.svg	1x1/delapouite/corset.svg
1x1-delapouite-corsica.svg	1x1/delapouite/corsica.svg
1x1-delapouite-cosmic-egg.svg	1x1/delapouite/cosmic-egg.svg
1x1-delapouite-cotton-flower.svg	1x1/delapouite/cotton-flower.svg
1x1-delapouite-covered-jar.svg	1x1/delapouite/covered-jar.svg
1x1-delapouite-cow.svg	1x1/delapouite/cow.svg
1x1-delapouite-cowboy-boot.svg	1x1/delapouite/cowboy-boot.svg
1x1-delapouite-cowboy-holster.svg	1x1/delapouite/cowboy-holster.svg
1x1-delapouite-cpu.svg	1x1/delapouite/cpu.svg
1x1-delapouite-crafting.svg	1x1/delapouite/crafting.svg
1x1-delapouite-crane.svg	1x1/delapouite/crane.svg
1x1-delapouite-credits-currency.svg	1x1/delapouite/credits-currency.svg
1x1-delapouite-crenel-crown.svg	1x1/delapouite/crenel-crown.svg
1x1-delapouite-crescent-staff.svg	1x1/delapouite/crescent-staff.svg
1x1-delapouite-cricket-bat.svg	1x1/delapouite/cricket-bat.svg
1x1-delapouite-cricket.svg	1x1/delapouite/cricket.svg
1x1-delapouite-crime-scene-tape.svg	1x1/delapouite/crime-scene-tape.svg
1x1-delapouite-croissant.svg	1x1/delapouite/croissant.svg
1x1-delapouite-crook-flail.svg	1x1/delapouite/crook-flail.svg
1x1-delapouite-cross-shield.svg	1x1/delapouite/cross-shield.svg
1x1-delapouite-crosscut-saw.svg	1x1/delapouite/crosscut-saw.svg
1x1-delapouite-crosshair.svg	1x1/delapouite/crosshair.svg
1x1-delapouite-crossroad.svg	1x1/delapouite/crossroad.svg
1x1-delapouite-crow-nest.svg	1x1/delapouite/crow-nest.svg
1x1-delapouite-crowbar.svg	1x1/delapouite/crowbar.svg
1x1-delapouite-crucifix.svg	1x1/delapouite/crucifix.svg
1x1-delapouite-cryo-chamber.svg	1x1/delapouite/cryo-chamber.svg
1x1-delapouite-crypt-entrance.svg	1x1/delapouite/crypt-entrance.svg
1x1-delapouite-crystal-earrings.svg	1x1/delapouite/crystal-earrings.svg
1x1-delapouite-crystal-shrine.svg	1x1/delapouite/crystal-shrine.svg
1x1-delapouite-cuauhtli.svg	1x1/delapouite/cuauhtli.svg
1x1-delapouite-cube.svg	1x1/delapouite/cube.svg
1x1-delapouite-cuckoo-clock.svg	1x1/delapouite/cuckoo-clock.svg
1x1-delapouite-cupcake.svg	1x1/delapouite/cupcake.svg
1x1-delapouite-curling-stone.svg	1x1/delapouite/curling-stone.svg
1x1-delapouite-custodian-helmet.svg	1x1/delapouite/custodian-helmet.svg
1x1-delapouite-cut-lemon.svg	1x1/delapouite/cut-lemon.svg
1x1-delapouite-cyber-eye.svg	1x1/delapouite/cyber-eye.svg
1x1-delapouite-cyborg-face.svg	1x1/delapouite/cyborg-face.svg
1x1-delapouite-cycling.svg	1x1/delapouite/cycling.svg
1x1-delapouite-daemon-pull.svg	1x1/delapouite/daemon-pull.svg
1x1-delapouite-dagger-rose.svg	1x1/delapouite/dagger-rose.svg
1x1-delapouite-dam.svg	1x1/delapouite/dam.svg
1x1-delapouite-dandelion-flower.svg	1x1/delapouite/dandelion-flower.svg
1x1-delapouite-dango.svg	1x1/delapouite/dango.svg
1x1-delapouite-dart.svg	1x1/delapouite/dart.svg
1x1-delapouite-database.svg	1x1/delapouite/database.svg
1x1-delapouite-dead-head.svg	1x1/delapouite/dead-head.svg
1x1-delapouite-death-star.svg	1x1/delapouite/death-star.svg
1x1-delapouite-deer-track.svg	1x1/delapouite/deer-track.svg
1x1-delapouite-defense-satellite.svg	1x1/delapouite/defense-satellite.svg
1x1-delapouite-deku-tree.svg	1x1/delapouite/deku-tree.svg
1x1-delapouite-delicate-perfume.svg	1x1/delapouite/delicate-perfume.svg
1x1-delapouite-delivery-drone.svg	1x1/delapouite/delivery-drone.svg
1x1-delapouite-desert-camp.svg	1x1/delapouite/desert-camp.svg
1x1-delapouite-desert.svg	1x1/delapouite/desert.svg
1x1-delapouite-deshret-red-crown.svg	1x1/delapouite/deshret-red-crown.svg
1x1-delapouite-desk.svg	1x1/delapouite/desk.svg
1x1-delapouite-detonator.svg	1x1/delapouite/detonator.svg
1x1-delapouite-detour.svg	1x1/delapouite/detour.svg
1x1-delapouite-devil-mask.svg	1x1/delapouite/devil-mask.svg
1x1-delapouite-dial-padlock.svg	1x1/delapouite/dial-padlock.svg
1x1-delapouite-diamond-hilt.svg	1x1/delapouite/diamond-hilt.svg
1x1-delapouite-diamond-ring.svg	1x1/delapouite/diamond-ring.svg
1x1-delapouite-diamond-trophy.svg	1x1/delapouite/diamond-trophy.svg
1x1-delapouite-dice-eight-faces-eight.svg	1x1/delapouite/dice-eight-faces-eight.svg
1x1-delapouite-dice-fire.svg	1x1/delapouite/dice-fire.svg
1x1-delapouite-dice-shield.svg	1x1/delapouite/dice-shield.svg
1x1-delapouite-dice-six-faces-five.svg	1x1/delapouite/dice-six-faces-five.svg
1x1-delapouite-dice-six-faces-four.svg	1x1/delapouite/dice-six-faces-four.svg
1x1-delapouite-dice-six-faces-one.svg	1x1/delapouite/dice-six-faces-one.svg
1x1-delapouite-dice-six-faces-six.svg	1x1/delapouite/dice-six-faces-six.svg
1x1-delapouite-dice-six-faces-three.svg	1x1/delapouite/dice-six-faces-three.svg
1x1-delapouite-dice-six-faces-two.svg	1x1/delapouite/dice-six-faces-two.svg
1x1-delapouite-dice-target.svg	1x1/delapouite/dice-target.svg
1x1-delapouite-dice-twenty-faces-one.svg	1x1/delapouite/dice-twenty-faces-one.svg
1x1-delapouite-dice-twenty-faces-twenty.svg	1x1/delapouite/dice-twenty-faces-twenty.svg
1x1-delapouite-dig-hole.svg	1x1/delapouite/dig-hole.svg
1x1-delapouite-dimetrodon.svg	1x1/delapouite/dimetrodon.svg
1x1-delapouite-diplodocus.svg	1x1/delapouite/diplodocus.svg
1x1-delapouite-diploma.svg	1x1/delapouite/diploma.svg
1x1-delapouite-direction-sign.svg	1x1/delapouite/direction-sign.svg
1x1-delapouite-direction-signs.svg	1x1/delapouite/direction-signs.svg
1x1-delapouite-director-chair.svg	1x1/delapouite/director-chair.svg
1x1-delapouite-disc-golf-bag.svg	1x1/delapouite/disc-golf-bag.svg
1x1-delapouite-disc-golf-basket.svg	1x1/delapouite/disc-golf-basket.svg
1x1-delapouite-discobolus.svg	1x1/delapouite/discobolus.svg
1x1-delapouite-discussion.svg	1x1/delapouite/discussion.svg
1x1-delapouite-distress-signal.svg	1x1/delapouite/distress-signal.svg
1x1-delapouite-diving-helmet.svg	1x1/delapouite/diving-helmet.svg
1x1-delapouite-djed-pillar.svg	1x1/delapouite/djed-pillar.svg
1x1-delapouite-djembe.svg	1x1/delapouite/djembe.svg
1x1-delapouite-djinn.svg	1x1/delapouite/djinn.svg
1x1-delapouite-dog-bowl.svg	1x1/delapouite/dog-bowl.svg
1x1-delapouite-dog-house.svg	1x1/delapouite/dog-house.svg
1x1-delapouite-dolmen.svg	1x1/delapouite/dolmen.svg
1x1-delapouite-dolphin.svg	1x1/delapouite/dolphin.svg
1x1-delapouite-domino-tiles.svg	1x1/delapouite/domino-tiles.svg
1x1-delapouite-doner-kebab.svg	1x1/delapouite/doner-kebab.svg
1x1-delapouite-donut.svg	1x1/delapouite/donut.svg
1x1-delapouite-door-handle.svg	1x1/delapouite/door-handle.svg
1x1-delapouite-door-ring-handle.svg	1x1/delapouite/door-ring-handle.svg
1x1-delapouite-door-watcher.svg	1x1/delapouite/door-watcher.svg
1x1-delapouite-door.svg	1x1/delapouite/door.svg
1x1-delapouite-double-fish.svg	1x1/delapouite/double-fish.svg
1x1-delapouite-double-necklace.svg	1x1/delapouite/double-necklace.svg
1x1-delapouite-double-street-lights.svg	1x1/delapouite/double-street-lights.svg
1x1-delapouite-dough-roller.svg	1x1/delapouite/dough-roller.svg
1x1-delapouite-dragon-orb.svg	1x1/delapouite/dragon-orb.svg
1x1-delapouite-dragon-shield.svg	1x1/delapouite/dragon-shield.svg
1x1-delapouite-drakkar-dragon.svg	1x1/delapouite/drakkar-dragon.svg
1x1-delapouite-drakkar.svg	1x1/delapouite/drakkar.svg
1x1-delapouite-drawbridge.svg	1x1/delapouite/drawbridge.svg
1x1-delapouite-dream-catcher.svg	1x1/delapouite/dream-catcher.svg
1x1-delapouite-drill.svg	1x1/delapouite/drill.svg
1x1-delapouite-drinking.svg	1x1/delapouite/drinking.svg
1x1-delapouite-drop-earrings.svg	1x1/delapouite/drop-earrings.svg
1x1-delapouite-drum.svg	1x1/delapouite/drum.svg
1x1-delapouite-duck-palm.svg	1x1/delapouite/duck-palm.svg
1x1-delapouite-duck.svg	1x1/delapouite/duck.svg
1x1-delapouite-duffel-bag.svg	1x1/delapouite/duffel-bag.svg
1x1-delapouite-dunce-cap.svg	1x1/delapouite/dunce-cap.svg
1x1-delapouite-dungeon-gate.svg	1x1/delapouite/dungeon-gate.svg
1x1-delapouite-dungeon-light.svg	1x1/delapouite/dungeon-light.svg
1x1-delapouite-duration.svg	1x1/delapouite/duration.svg
1x1-delapouite-dutch-bike.svg	1x1/delapouite/dutch-bike.svg
1x1-delapouite-dwarf-face.svg	1x1/delapouite/dwarf-face.svg
1x1-delapouite-dwennimmen.svg	1x1/delapouite/dwennimmen.svg
1x1-delapouite-dynamite.svg	1x1/delapouite/dynamite.svg
1x1-delapouite-eagle-head.svg	1x1/delapouite/eagle-head.svg
1x1-delapouite-earrings.svg	1x1/delapouite/earrings.svg
1x1-delapouite-earth-africa-europe.svg	1x1/delapouite/earth-africa-europe.svg
1x1-delapouite-earth-america.svg	1x1/delapouite/earth-america.svg
1x1-delapouite-earth-asia-oceania.svg	1x1/delapouite/earth-asia-oceania.svg
1x1-delapouite-easter-egg.svg	1x1/delapouite/easter-egg.svg
1x1-delapouite-eating-pelican.svg	1x1/delapouite/eating-pelican.svg
1x1-delapouite-eating.svg	1x1/delapouite/eating.svg
1x1-delapouite-ecology.svg	1x1/delapouite/ecology.svg
1x1-delapouite-eel.svg	1x1/delapouite/eel.svg
1x1-delapouite-egg-eye.svg	1x1/delapouite/egg-eye.svg
1x1-delapouite-egypt.svg	1x1/delapouite/egypt.svg
1x1-delapouite-egyptian-bird.svg	1x1/delapouite/egyptian-bird.svg
1x1-delapouite-egyptian-profile.svg	1x1/delapouite/egyptian-profile.svg
1x1-delapouite-egyptian-pyramids.svg	1x1/delapouite/egyptian-pyramids.svg
1x1-delapouite-egyptian-sphinx.svg	1x1/delapouite/egyptian-sphinx.svg
1x1-delapouite-egyptian-temple.svg	1x1/delapouite/egyptian-temple.svg
1x1-delapouite-egyptian-urns.svg	1x1/delapouite/egyptian-urns.svg
1x1-delapouite-egyptian-walk.svg	1x1/delapouite/egyptian-walk.svg
1x1-delapouite-eight-ball.svg	1x1/delapouite/eight-ball.svg
1x1-delapouite-elbow-pad.svg	1x1/delapouite/elbow-pad.svg
1x1-delapouite-electrical-resistance.svg	1x1/delapouite/electrical-resistance.svg
1x1-delapouite-electrical-socket.svg	1x1/delapouite/electrical-socket.svg
1x1-delapouite-elephant-head.svg	1x1/delapouite/elephant-head.svg
1x1-delapouite-elephant.svg	1x1/delapouite/elephant.svg
1x1-delapouite-elevator.svg	1x1/delapouite/elevator.svg
1x1-delapouite-elf-ear.svg	1x1/delapouite/elf-ear.svg
1x1-delapouite-elysium-shade.svg	1x1/delapouite/elysium-shade.svg
1x1-delapouite-emerald-necklace.svg	1x1/delapouite/emerald-necklace.svg
1x1-delapouite-empty-chessboard.svg	1x1/delapouite/empty-chessboard.svg
1x1-delapouite-empty-metal-bucket-handle.svg	1x1/delapouite/empty-metal-bucket-handle.svg
1x1-delapouite-empty-metal-bucket.svg	1x1/delapouite/empty-metal-bucket.svg
1x1-delapouite-empty-wood-bucket-handle.svg	1x1/delapouite/empty-wood-bucket-handle.svg
1x1-delapouite-empty-wood-bucket.svg	1x1/delapouite/empty-wood-bucket.svg
1x1-delapouite-encirclement.svg	1x1/delapouite/encirclement.svg
1x1-delapouite-encrypted-channel.svg	1x1/delapouite/encrypted-channel.svg
1x1-delapouite-energy-tank.svg	1x1/delapouite/energy-tank.svg
1x1-delapouite-enrage.svg	1x1/delapouite/enrage.svg
1x1-delapouite-entry-door.svg	1x1/delapouite/entry-door.svg
1x1-delapouite-ermine.svg	1x1/delapouite/ermine.svg
1x1-delapouite-escalator.svg	1x1/delapouite/escalator.svg
1x1-delapouite-eternal-love.svg	1x1/delapouite/eternal-love.svg
1x1-delapouite-european-flag.svg	1x1/delapouite/european-flag.svg
1x1-delapouite-evasion.svg	1x1/delapouite/evasion.svg
1x1-delapouite-evil-love.svg	1x1/delapouite/evil-love.svg
1x1-delapouite-evil-tower.svg	1x1/delapouite/evil-tower.svg
1x1-delapouite-executioner-hood.svg	1x1/delapouite/executioner-hood.svg
1x1-delapouite-exit-door.svg	1x1/delapouite/exit-door.svg
1x1-delapouite-expand.svg	1x1/delapouite/expand.svg
1x1-delapouite-expense.svg	1x1/delapouite/expense.svg
1x1-delapouite-exploding-planet.svg	1x1/delapouite/exploding-planet.svg
1x1-delapouite-extra-time.svg	1x1/delapouite/extra-time.svg
1x1-delapouite-extra-vision.svg	1x1/delapouite/extra-vision.svg
1x1-delapouite-eye-of-horus.svg	1x1/delapouite/eye-of-horus.svg
1x1-delapouite-eye-target.svg	1x1/delapouite/eye-target.svg
1x1-delapouite-eyelashes.svg	1x1/delapouite/eyelashes.svg
1x1-delapouite-eyepatch.svg	1x1/delapouite/eyepatch.svg
1x1-delapouite-f-clef.svg	1x1/delapouite/f-clef.svg
1x1-delapouite-face-to-face.svg	1x1/delapouite/face-to-face.svg
1x1-delapouite-factory-arm.svg	1x1/delapouite/factory-arm.svg
1x1-delapouite-factory.svg	1x1/delapouite/factory.svg
1x1-delapouite-fairy-wings.svg	1x1/delapouite/fairy-wings.svg
1x1-delapouite-fairy.svg	1x1/delapouite/fairy.svg
1x1-delapouite-falcon-moon.svg	1x1/delapouite/falcon-moon.svg
1x1-delapouite-falling-bomb.svg	1x1/delapouite/falling-bomb.svg
1x1-delapouite-falling-rocks.svg	1x1/delapouite/falling-rocks.svg
1x1-delapouite-falling-star.svg	1x1/delapouite/falling-star.svg
1x1-delapouite-fallout-shelter.svg	1x1/delapouite/fallout-shelter.svg
1x1-delapouite-family-house.svg	1x1/delapouite/family-house.svg
1x1-delapouite-family-tree.svg	1x1/delapouite/family-tree.svg
1x1-delapouite-farm-tractor.svg	1x1/delapouite/farm-tractor.svg
1x1-delapouite-farmer.svg	1x1/delapouite/farmer.svg
1x1-delapouite-fast-backward-button.svg	1x1/delapouite/fast-backward-button.svg
1x1-delapouite-fast-forward-button.svg	1x1/delapouite/fast-forward-button.svg
1x1-delapouite-fast-noodles.svg	1x1/delapouite/fast-noodles.svg
1x1-delapouite-feather-necklace.svg	1x1/delapouite/feather-necklace.svg
1x1-delapouite-feline.svg	1x1/delapouite/feline.svg
1x1-delapouite-female-legs.svg	1x1/delapouite/female-legs.svg
1x1-delapouite-female.svg	1x1/delapouite/female.svg
1x1-delapouite-fencer.svg	1x1/delapouite/fencer.svg
1x1-delapouite-fern.svg	1x1/delapouite/fern.svg
1x1-delapouite-fertilizer-bag.svg	1x1/delapouite/fertilizer-bag.svg
1x1-delapouite-fez.svg	1x1/delapouite/fez.svg
1x1-delapouite-figurehead.svg	1x1/delapouite/figurehead.svg
1x1-delapouite-files.svg	1x1/delapouite/files.svg
1x1-delapouite-film-projector.svg	1x1/delapouite/film-projector.svg
1x1-delapouite-film-spool.svg	1x1/delapouite/film-spool.svg
1x1-delapouite-film-strip.svg	1x1/delapouite/film-strip.svg
1x1-delapouite-finch.svg	1x1/delapouite/finch.svg
1x1-delapouite-finger-print.svg	1x1/delapouite/finger-print.svg
1x1-delapouite-fingernail.svg	1x1/delapouite/fingernail.svg
1x1-delapouite-finish-line.svg	1x1/delapouite/finish-line.svg
1x1-delapouite-fire-extinguisher.svg	1x1/delapouite/fire-extinguisher.svg
1x1-delapouite-fire-flower.svg	1x1/delapouite/fire-flower.svg
1x1-delapouite-fire-gem.svg	1x1/delapouite/fire-gem.svg
1x1-delapouite-fire-iris.svg	1x1/delapouite/fire-iris.svg
1x1-delapouite-fire-shrine.svg	1x1/delapouite/fire-shrine.svg
1x1-delapouite-fire-spell-cast.svg	1x1/delapouite/fire-spell-cast.svg
1x1-delapouite-fireplace.svg	1x1/delapouite/fireplace.svg
1x1-delapouite-firewall.svg	1x1/delapouite/firewall.svg
1x1-delapouite-first-aid-kit.svg	1x1/delapouite/first-aid-kit.svg
1x1-delapouite-fish-bucket.svg	1x1/delapouite/fish-bucket.svg
1x1-delapouite-fish-eggs.svg	1x1/delapouite/fish-eggs.svg
1x1-delapouite-fish-escape.svg	1x1/delapouite/fish-escape.svg
1x1-delapouite-fish-monster.svg	1x1/delapouite/fish-monster.svg
1x1-delapouite-fish-scales.svg	1x1/delapouite/fish-scales.svg
1x1-delapouite-fish-smoking.svg	1x1/delapouite/fish-smoking.svg
1x1-delapouite-fishing-boat.svg	1x1/delapouite/fishing-boat.svg
1x1-delapouite-fishing-jig.svg	1x1/delapouite/fishing-jig.svg
1x1-delapouite-fishing-lure.svg	1x1/delapouite/fishing-lure.svg
1x1-delapouite-fishing-pole.svg	1x1/delapouite/fishing-pole.svg
1x1-delapouite-fishing-spoon.svg	1x1/delapouite/fishing-spoon.svg
1x1-delapouite-fishing.svg	1x1/delapouite/fishing.svg
1x1-delapouite-flag-objective.svg	1x1/delapouite/flag-objective.svg
1x1-delapouite-flail.svg	1x1/delapouite/flail.svg
1x1-delapouite-flamethrower-soldier.svg	1x1/delapouite/flamethrower-soldier.svg
1x1-delapouite-flamethrower.svg	1x1/delapouite/flamethrower.svg
1x1-delapouite-flamingo.svg	1x1/delapouite/flamingo.svg
1x1-delapouite-flanged-mace.svg	1x1/delapouite/flanged-mace.svg
1x1-delapouite-flashlight.svg	1x1/delapouite/flashlight.svg
1x1-delapouite-flat-platform.svg	1x1/delapouite/flat-platform.svg
1x1-delapouite-flat-tire.svg	1x1/delapouite/flat-tire.svg
1x1-delapouite-flatfish.svg	1x1/delapouite/flatfish.svg
1x1-delapouite-flax.svg	1x1/delapouite/flax.svg
1x1-delapouite-fleur-de-lys.svg	1x1/delapouite/fleur-de-lys.svg
1x1-delapouite-flexible-lamp.svg	1x1/delapouite/flexible-lamp.svg
1x1-delapouite-flint-spark.svg	1x1/delapouite/flint-spark.svg
1x1-delapouite-flip-flops.svg	1x1/delapouite/flip-flops.svg
1x1-delapouite-floating-ghost.svg	1x1/delapouite/floating-ghost.svg
1x1-delapouite-floating-platforms.svg	1x1/delapouite/floating-platforms.svg
1x1-delapouite-floating-tentacles.svg	1x1/delapouite/floating-tentacles.svg
1x1-delapouite-flood.svg	1x1/delapouite/flood.svg
1x1-delapouite-floor-hatch.svg	1x1/delapouite/floor-hatch.svg
1x1-delapouite-floor-polisher.svg	1x1/delapouite/floor-polisher.svg
1x1-delapouite-flour.svg	1x1/delapouite/flour.svg
1x1-delapouite-flower-emblem.svg	1x1/delapouite/flower-emblem.svg
1x1-delapouite-flower-hat.svg	1x1/delapouite/flower-hat.svg
1x1-delapouite-flower-star.svg	1x1/delapouite/flower-star.svg
1x1-delapouite-flute.svg	1x1/delapouite/flute.svg
1x1-delapouite-fly.svg	1x1/delapouite/fly.svg
1x1-delapouite-flying-beetle.svg	1x1/delapouite/flying-beetle.svg
1x1-delapouite-flying-fox.svg	1x1/delapouite/flying-fox.svg
1x1-delapouite-flying-target.svg	1x1/delapouite/flying-target.svg
1x1-delapouite-fog-light.svg	1x1/delapouite/fog-light.svg
1x1-delapouite-fog.svg	1x1/delapouite/fog.svg
1x1-delapouite-food-truck.svg	1x1/delapouite/food-truck.svg
1x1-delapouite-foot-plaster.svg	1x1/delapouite/foot-plaster.svg
1x1-delapouite-footy-field.svg	1x1/delapouite/footy-field.svg
1x1-delapouite-forearm.svg	1x1/delapouite/forearm.svg
1x1-delapouite-forest-camp.svg	1x1/delapouite/forest-camp.svg
1x1-delapouite-forest-entrance.svg	1x1/delapouite/forest-entrance.svg
1x1-delapouite-forest.svg	1x1/delapouite/forest.svg
1x1-delapouite-fork-knife-spoon.svg	1x1/delapouite/fork-knife-spoon.svg
1x1-delapouite-forklift.svg	1x1/delapouite/forklift.svg
1x1-delapouite-foundry-bucket.svg	1x1/delapouite/foundry-bucket.svg
1x1-delapouite-fox-tail.svg	1x1/delapouite/fox-tail.svg
1x1-delapouite-france.svg	1x1/delapouite/france.svg
1x1-delapouite-freemasonry.svg	1x1/delapouite/freemasonry.svg
1x1-delapouite-french-fries.svg	1x1/delapouite/french-fries.svg
1x1-delapouite-fried-eggs.svg	1x1/delapouite/fried-eggs.svg
1x1-delapouite-frisbee.svg	1x1/delapouite/frisbee.svg
1x1-delapouite-frog-foot.svg	1x1/delapouite/frog-foot.svg
1x1-delapouite-frog-prince.svg	1x1/delapouite/frog-prince.svg
1x1-delapouite-frozen-body.svg	1x1/delapouite/frozen-body.svg
1x1-delapouite-frozen-ring.svg	1x1/delapouite/frozen-ring.svg
1x1-delapouite-fruit-tree.svg	1x1/delapouite/fruit-tree.svg
1x1-delapouite-fuel-tank.svg	1x1/delapouite/fuel-tank.svg
1x1-delapouite-fuji.svg	1x1/delapouite/fuji.svg
1x1-delapouite-full-folder.svg	1x1/delapouite/full-folder.svg
1x1-delapouite-full-metal-bucket-handle.svg	1x1/delapouite/full-metal-bucket-handle.svg
1x1-delapouite-full-metal-bucket.svg	1x1/delapouite/full-metal-bucket.svg
1x1-delapouite-full-motorcycle-helmet.svg	1x1/delapouite/full-motorcycle-helmet.svg
1x1-delapouite-full-pizza.svg	1x1/delapouite/full-pizza.svg
1x1-delapouite-full-wood-bucket-handle.svg	1x1/delapouite/full-wood-bucket-handle.svg
1x1-delapouite-full-wood-bucket.svg	1x1/delapouite/full-wood-bucket.svg
1x1-delapouite-funnel.svg	1x1/delapouite/funnel.svg
1x1-delapouite-fur-boot.svg	1x1/delapouite/fur-boot.svg
1x1-delapouite-fur-shirt.svg	1x1/delapouite/fur-shirt.svg
1x1-delapouite-furnace.svg	1x1/delapouite/furnace.svg
1x1-delapouite-g-clef.svg	1x1/delapouite/g-clef.svg
1x1-delapouite-galaxy.svg	1x1/delapouite/galaxy.svg
1x1-delapouite-galea.svg	1x1/delapouite/galea.svg
1x1-delapouite-galley.svg	1x1/delapouite/galley.svg
1x1-delapouite-game-console.svg	1x1/delapouite/game-console.svg
1x1-delapouite-gamepad.svg	1x1/delapouite/gamepad.svg
1x1-delapouite-gardening-shears.svg	1x1/delapouite/gardening-shears.svg
1x1-delapouite-gargoyle.svg	1x1/delapouite/gargoyle.svg
1x1-delapouite-garlic.svg	1x1/delapouite/garlic.svg
1x1-delapouite-gas-pump.svg	1x1/delapouite/gas-pump.svg
1x1-delapouite-gas-stove.svg	1x1/delapouite/gas-stove.svg
1x1-delapouite-gate.svg	1x1/delapouite/gate.svg
1x1-delapouite-gauls-helm.svg	1x1/delapouite/gauls-helm.svg
1x1-delapouite-gauntlet.svg	1x1/delapouite/gauntlet.svg
1x1-delapouite-gear-stick-pattern.svg	1x1/delapouite/gear-stick-pattern.svg
1x1-delapouite-gear-stick.svg	1x1/delapouite/gear-stick.svg
1x1-delapouite-gemini.svg	1x1/delapouite/gemini.svg
1x1-delapouite-giant-squid.svg	1x1/delapouite/giant-squid.svg
1x1-delapouite-giant.svg	1x1/delapouite/giant.svg
1x1-delapouite-gingerbread-man.svg	1x1/delapouite/gingerbread-man.svg
1x1-delapouite-ginkgo-leaf.svg	1x1/delapouite/ginkgo-leaf.svg
1x1-delapouite-glaive.svg	1x1/delapouite/glaive.svg
1x1-delapouite-glass-ball.svg	1x1/delapouite/glass-ball.svg
1x1-delapouite-glass-celebration.svg	1x1/delapouite/glass-celebration.svg
1x1-delapouite-globe-ring.svg	1x1/delapouite/globe-ring.svg
1x1-delapouite-gloves.svg	1x1/delapouite/gloves.svg
1x1-delapouite-glowing-artifact.svg	1x1/delapouite/glowing-artifact.svg
1x1-delapouite-goal-keeper.svg	1x1/delapouite/goal-keeper.svg
1x1-delapouite-goblin-camp.svg	1x1/delapouite/goblin-camp.svg
1x1-delapouite-goblin-head.svg	1x1/delapouite/goblin-head.svg
1x1-delapouite-gold-mine.svg	1x1/delapouite/gold-mine.svg
1x1-delapouite-gold-nuggets.svg	1x1/delapouite/gold-nuggets.svg
1x1-delapouite-gold-stack.svg	1x1/delapouite/gold-stack.svg
1x1-delapouite-golem-head.svg	1x1/delapouite/golem-head.svg
1x1-delapouite-golf-flag.svg	1x1/delapouite/golf-flag.svg
1x1-delapouite-golf-tee.svg	1x1/delapouite/golf-tee.svg
1x1-delapouite-gong.svg	1x1/delapouite/gong.svg
1x1-delapouite-goose.svg	1x1/delapouite/goose.svg
1x1-delapouite-gorilla.svg	1x1/delapouite/gorilla.svg
1x1-delapouite-gps.svg	1x1/delapouite/gps.svg
1x1-delapouite-graduate-cap.svg	1x1/delapouite/graduate-cap.svg
1x1-delapouite-grain-bundle.svg	1x1/delapouite/grain-bundle.svg
1x1-delapouite-grain.svg	1x1/delapouite/grain.svg
1x1-delapouite-granary.svg	1x1/delapouite/granary.svg
1x1-delapouite-grasping-slug.svg	1x1/delapouite/grasping-slug.svg
1x1-delapouite-grass-mushroom.svg	1x1/delapouite/grass-mushroom.svg
1x1-delapouite-grass.svg	1x1/delapouite/grass.svg
1x1-delapouite-grave-flowers.svg	1x1/delapouite/grave-flowers.svg
1x1-delapouite-graveyard.svg	1x1/delapouite/graveyard.svg
1x1-delapouite-gravitation.svg	1x1/delapouite/gravitation.svg
1x1-delapouite-great-pyramid.svg	1x1/delapouite/great-pyramid.svg
1x1-delapouite-greaves.svg	1x1/delapouite/greaves.svg
1x1-delapouite-greek-sphinx.svg	1x1/delapouite/greek-sphinx.svg
1x1-delapouite-greek-temple.svg	1x1/delapouite/greek-temple.svg
1x1-delapouite-green-power.svg	1x1/delapouite/green-power.svg
1x1-delapouite-greenhouse.svg	1x1/delapouite/greenhouse.svg
1x1-delapouite-griffin-shield.svg	1x1/delapouite/griffin-shield.svg
1x1-delapouite-griffin-symbol.svg	1x1/delapouite/griffin-symbol.svg
1x1-delapouite-growth.svg	1x1/delapouite/growth.svg
1x1-delapouite-guards.svg	1x1/delapouite/guards.svg
1x1-delapouite-guatemala.svg	1x1/delapouite/guatemala.svg
1x1-delapouite-guitar-bass-head.svg	1x1/delapouite/guitar-bass-head.svg
1x1-delapouite-guitar-head.svg	1x1/delapouite/guitar-head.svg
1x1-delapouite-gun-rose.svg	1x1/delapouite/gun-rose.svg
1x1-delapouite-gun-stock.svg	1x1/delapouite/gun-stock.svg
1x1-delapouite-gym-bag.svg	1x1/delapouite/gym-bag.svg
1x1-delapouite-h2o.svg	1x1/delapouite/h2o.svg
1x1-delapouite-habitat-dome.svg	1x1/delapouite/habitat-dome.svg
1x1-delapouite-hades-symbol.svg	1x1/delapouite/hades-symbol.svg
1x1-delapouite-hair-strands.svg	1x1/delapouite/hair-strands.svg
1x1-delapouite-half-body-crawling.svg	1x1/delapouite/half-body-crawling.svg
1x1-delapouite-half-dead.svg	1x1/delapouite/half-dead.svg
1x1-delapouite-half-log.svg	1x1/delapouite/half-log.svg
1x1-delapouite-hamburger-menu.svg	1x1/delapouite/hamburger-menu.svg
1x1-delapouite-hamburger.svg	1x1/delapouite/hamburger.svg
1x1-delapouite-hammer-break.svg	1x1/delapouite/hammer-break.svg
1x1-delapouite-hammer-sickle.svg	1x1/delapouite/hammer-sickle.svg
1x1-delapouite-hand-bag.svg	1x1/delapouite/hand-bag.svg
1x1-delapouite-hand-bandage.svg	1x1/delapouite/hand-bandage.svg
1x1-delapouite-hand-grip.svg	1x1/delapouite/hand-grip.svg
1x1-delapouite-hand-of-god.svg	1x1/delapouite/hand-of-god.svg
1x1-delapouite-hand-ok.svg	1x1/delapouite/hand-ok.svg
1x1-delapouite-hand-saw.svg	1x1/delapouite/hand-saw.svg
1x1-delapouite-hand-truck.svg	1x1/delapouite/hand-truck.svg
1x1-delapouite-hand-wing.svg	1x1/delapouite/hand-wing.svg
1x1-delapouite-handcuffed.svg	1x1/delapouite/handcuffed.svg
1x1-delapouite-handheld-fan.svg	1x1/delapouite/handheld-fan.svg
1x1-delapouite-hang-glider.svg	1x1/delapouite/hang-glider.svg
1x1-delapouite-hanger.svg	1x1/delapouite/hanger.svg
1x1-delapouite-hanging-sign.svg	1x1/delapouite/hanging-sign.svg
1x1-delapouite-harbor-dock.svg	1x1/delapouite/harbor-dock.svg
1x1-delapouite-harp.svg	1x1/delapouite/harp.svg
1x1-delapouite-hatchet.svg	1x1/delapouite/hatchet.svg
1x1-delapouite-hazmat-suit.svg	1x1/delapouite/hazmat-suit.svg
1x1-delapouite-headband-knot.svg	1x1/delapouite/headband-knot.svg
1x1-delapouite-headphones.svg	1x1/delapouite/headphones.svg
1x1-delapouite-healing-shield.svg	1x1/delapouite/healing-shield.svg
1x1-delapouite-healing.svg	1x1/delapouite/healing.svg
1x1-delapouite-health-capsule.svg	1x1/delapouite/health-capsule.svg
1x1-delapouite-health-potion.svg	1x1/delapouite/health-potion.svg
1x1-delapouite-heart-armor.svg	1x1/delapouite/heart-armor.svg
1x1-delapouite-heart-battery.svg	1x1/delapouite/heart-battery.svg
1x1-delapouite-heart-beats.svg	1x1/delapouite/heart-beats.svg
1x1-delapouite-heart-earrings.svg	1x1/delapouite/heart-earrings.svg
1x1-delapouite-heart-key.svg	1x1/delapouite/heart-key.svg
1x1-delapouite-heart-necklace.svg	1x1/delapouite/heart-necklace.svg
1x1-delapouite-heart-shield.svg	1x1/delapouite/heart-shield.svg
1x1-delapouite-heart-stake.svg	1x1/delapouite/heart-stake.svg
1x1-delapouite-heart-wings.svg	1x1/delapouite/heart-wings.svg
1x1-delapouite-heaven-gate.svg	1x1/delapouite/heaven-gate.svg
1x1-delapouite-heavy-bullets.svg	1x1/delapouite/heavy-bullets.svg
1x1-delapouite-heavy-collar.svg	1x1/delapouite/heavy-collar.svg
1x1-delapouite-hedjet-white-crown.svg	1x1/delapouite/hedjet-white-crown.svg
1x1-delapouite-helicoprion.svg	1x1/delapouite/helicoprion.svg
1x1-delapouite-helicopter-tail.svg	1x1/delapouite/helicopter-tail.svg
1x1-delapouite-helicopter.svg	1x1/delapouite/helicopter.svg
1x1-delapouite-hell-crosses.svg	1x1/delapouite/hell-crosses.svg
1x1-delapouite-hemp.svg	1x1/delapouite/hemp.svg
1x1-delapouite-heptagram.svg	1x1/delapouite/heptagram.svg
1x1-delapouite-herbs-bundle.svg	1x1/delapouite/herbs-bundle.svg
1x1-delapouite-hexagonal-nut.svg	1x1/delapouite/hexagonal-nut.svg
1x1-delapouite-hieroglyph-legs.svg	1x1/delapouite/hieroglyph-legs.svg
1x1-delapouite-hieroglyph-y.svg	1x1/delapouite/hieroglyph-y.svg
1x1-delapouite-high-grass.svg	1x1/delapouite/high-grass.svg
1x1-delapouite-high-heel.svg	1x1/delapouite/high-heel.svg
1x1-delapouite-high-kick.svg	1x1/delapouite/high-kick.svg
1x1-delapouite-high-punch.svg	1x1/delapouite/high-punch.svg
1x1-delapouite-high-tide.svg	1x1/delapouite/high-tide.svg
1x1-delapouite-highlighter.svg	1x1/delapouite/highlighter.svg
1x1-delapouite-hiking.svg	1x1/delapouite/hiking.svg
1x1-delapouite-hill-conquest.svg	1x1/delapouite/hill-conquest.svg
1x1-delapouite-hill-fort.svg	1x1/delapouite/hill-fort.svg
1x1-delapouite-hills.svg	1x1/delapouite/hills.svg
1x1-delapouite-histogram.svg	1x1/delapouite/histogram.svg
1x1-delapouite-hive-mind.svg	1x1/delapouite/hive-mind.svg
1x1-delapouite-hobbit-door.svg	1x1/delapouite/hobbit-door.svg
1x1-delapouite-hobbit-dwelling.svg	1x1/delapouite/hobbit-dwelling.svg
1x1-delapouite-hockey.svg	1x1/delapouite/hockey.svg
1x1-delapouite-hole-ladder.svg	1x1/delapouite/hole-ladder.svg
1x1-delapouite-hole.svg	1x1/delapouite/hole.svg
1x1-delapouite-holy-hand-grenade.svg	1x1/delapouite/holy-hand-grenade.svg
1x1-delapouite-holy-water.svg	1x1/delapouite/holy-water.svg
1x1-delapouite-home-garage.svg	1x1/delapouite/home-garage.svg
1x1-delapouite-honey-jar.svg	1x1/delapouite/honey-jar.svg
1x1-delapouite-hoodie.svg	1x1/delapouite/hoodie.svg
1x1-delapouite-hook-swords.svg	1x1/delapouite/hook-swords.svg
1x1-delapouite-hook.svg	1x1/delapouite/hook.svg
1x1-delapouite-hops.svg	1x1/delapouite/hops.svg
1x1-delapouite-horizon-road.svg	1x1/delapouite/horizon-road.svg
1x1-delapouite-horizontal-flip.svg	1x1/delapouite/horizontal-flip.svg
1x1-delapouite-horned-reptile.svg	1x1/delapouite/horned-reptile.svg
1x1-delapouite-horse-head.svg	1x1/delapouite/horse-head.svg
1x1-delapouite-horseshoe.svg	1x1/delapouite/horseshoe.svg
1x1-delapouite-horus.svg	1x1/delapouite/horus.svg
1x1-delapouite-hospital.svg	1x1/delapouite/hospital.svg
1x1-delapouite-hot-dog.svg	1x1/delapouite/hot-dog.svg
1x1-delapouite-hot-meal.svg	1x1/delapouite/hot-meal.svg
1x1-delapouite-house-keys.svg	1x1/delapouite/house-keys.svg
1x1-delapouite-house.svg	1x1/delapouite/house.svg
1x1-delapouite-human-cannonball.svg	1x1/delapouite/human-cannonball.svg
1x1-delapouite-human-ear.svg	1x1/delapouite/human-ear.svg
1x1-delapouite-human-pyramid.svg	1x1/delapouite/human-pyramid.svg
1x1-delapouite-human-target.svg	1x1/delapouite/human-target.svg
1x1-delapouite-hummingbird.svg	1x1/delapouite/hummingbird.svg
1x1-delapouite-hungary.svg	1x1/delapouite/hungary.svg
1x1-delapouite-hunter-eyes.svg	1x1/delapouite/hunter-eyes.svg
1x1-delapouite-hunting-bolas.svg	1x1/delapouite/hunting-bolas.svg
1x1-delapouite-hut.svg	1x1/delapouite/hut.svg
1x1-delapouite-huts-village.svg	1x1/delapouite/huts-village.svg
1x1-delapouite-i-beam.svg	1x1/delapouite/i-beam.svg
1x1-delapouite-i-brick.svg	1x1/delapouite/i-brick.svg
1x1-delapouite-ibis.svg	1x1/delapouite/ibis.svg
1x1-delapouite-icarus.svg	1x1/delapouite/icarus.svg
1x1-delapouite-ice-cream-cone.svg	1x1/delapouite/ice-cream-cone.svg
1x1-delapouite-ice-cream-scoop.svg	1x1/delapouite/ice-cream-scoop.svg
1x1-delapouite-ice-cubes.svg	1x1/delapouite/ice-cubes.svg
1x1-delapouite-ice-golem.svg	1x1/delapouite/ice-golem.svg
1x1-delapouite-ice-iris.svg	1x1/delapouite/ice-iris.svg
1x1-delapouite-ice-pop.svg	1x1/delapouite/ice-pop.svg
1x1-delapouite-ice-skate.svg	1x1/delapouite/ice-skate.svg
1x1-delapouite-ice-spell-cast.svg	1x1/delapouite/ice-spell-cast.svg
1x1-delapouite-iceberg.svg	1x1/delapouite/iceberg.svg
1x1-delapouite-iceland.svg	1x1/delapouite/iceland.svg
1x1-delapouite-id-card.svg	1x1/delapouite/id-card.svg
1x1-delapouite-idea.svg	1x1/delapouite/idea.svg
1x1-delapouite-igloo.svg	1x1/delapouite/igloo.svg
1x1-delapouite-imperial-crown.svg	1x1/delapouite/imperial-crown.svg
1x1-delapouite-inauguration.svg	1x1/delapouite/inauguration.svg
1x1-delapouite-incubator.svg	1x1/delapouite/incubator.svg
1x1-delapouite-india-gate.svg	1x1/delapouite/india-gate.svg
1x1-delapouite-indian-palace.svg	1x1/delapouite/indian-palace.svg
1x1-delapouite-inferno-bomb.svg	1x1/delapouite/inferno-bomb.svg
1x1-delapouite-info.svg	1x1/delapouite/info.svg
1x1-delapouite-injustice.svg	1x1/delapouite/injustice.svg
1x1-delapouite-inspiration.svg	1x1/delapouite/inspiration.svg
1x1-delapouite-interceptor-ship.svg	1x1/delapouite/interceptor-ship.svg
1x1-delapouite-intricate-necklace.svg	1x1/delapouite/intricate-necklace.svg
1x1-delapouite-invisible-face.svg	1x1/delapouite/invisible-face.svg
1x1-delapouite-invisible.svg	1x1/delapouite/invisible.svg
1x1-delapouite-ionic-column.svg	1x1/delapouite/ionic-column.svg
1x1-delapouite-iraq.svg	1x1/delapouite/iraq.svg
1x1-delapouite-island.svg	1x1/delapouite/island.svg
1x1-delapouite-italia.svg	1x1/delapouite/italia.svg
1x1-delapouite-ivory-tusks.svg	1x1/delapouite/ivory-tusks.svg
1x1-delapouite-j-brick.svg	1x1/delapouite/j-brick.svg
1x1-delapouite-jack-plug.svg	1x1/delapouite/jack-plug.svg
1x1-delapouite-japan.svg	1x1/delapouite/japan.svg
1x1-delapouite-japanese-bridge.svg	1x1/delapouite/japanese-bridge.svg
1x1-delapouite-jasmine.svg	1x1/delapouite/jasmine.svg
1x1-delapouite-jason-mask.svg	1x1/delapouite/jason-mask.svg
1x1-delapouite-jawless-cyclop.svg	1x1/delapouite/jawless-cyclop.svg
1x1-delapouite-jeep.svg	1x1/delapouite/jeep.svg
1x1-delapouite-jelly-beans.svg	1x1/delapouite/jelly-beans.svg
1x1-delapouite-jelly.svg	1x1/delapouite/jelly.svg
1x1-delapouite-jerrycan.svg	1x1/delapouite/jerrycan.svg
1x1-delapouite-jerusalem-cross.svg	1x1/delapouite/jerusalem-cross.svg
1x1-delapouite-jester-hat.svg	1x1/delapouite/jester-hat.svg
1x1-delapouite-jet-fighter.svg	1x1/delapouite/jet-fighter.svg
1x1-delapouite-jewel-crown.svg	1x1/delapouite/jewel-crown.svg
1x1-delapouite-join.svg	1x1/delapouite/join.svg
1x1-delapouite-joystick.svg	1x1/delapouite/joystick.svg
1x1-delapouite-jug.svg	1x1/delapouite/jug.svg
1x1-delapouite-juggling-clubs.svg	1x1/delapouite/juggling-clubs.svg
1x1-delapouite-juggling-seal.svg	1x1/delapouite/juggling-seal.svg
1x1-delapouite-jump-across.svg	1x1/delapouite/jump-across.svg
1x1-delapouite-jumping-dog.svg	1x1/delapouite/jumping-dog.svg
1x1-delapouite-jumping-rope.svg	1x1/delapouite/jumping-rope.svg
1x1-delapouite-jungle.svg	1x1/delapouite/jungle.svg
1x1-delapouite-jupiter.svg	1x1/delapouite/jupiter.svg
1x1-delapouite-kangaroo.svg	1x1/delapouite/kangaroo.svg
1x1-delapouite-katana.svg	1x1/delapouite/katana.svg
1x1-delapouite-kebab-spit.svg	1x1/delapouite/kebab-spit.svg
1x1-delapouite-kenku-head.svg	1x1/delapouite/kenku-head.svg
1x1-delapouite-kenya.svg	1x1/delapouite/kenya.svg
1x1-delapouite-ketchup.svg	1x1/delapouite/ketchup.svg
1x1-delapouite-key-card.svg	1x1/delapouite/key-card.svg
1x1-delapouite-key-lock.svg	1x1/delapouite/key-lock.svg
1x1-delapouite-keyboard.svg	1x1/delapouite/keyboard.svg
1x1-delapouite-keyring.svg	1x1/delapouite/keyring.svg
1x1-delapouite-kick-scooter.svg	1x1/delapouite/kick-scooter.svg
1x1-delapouite-kid-slide.svg	1x1/delapouite/kid-slide.svg
1x1-delapouite-kidneys.svg	1x1/delapouite/kidneys.svg
1x1-delapouite-kimono.svg	1x1/delapouite/kimono.svg
1x1-delapouite-king-ju-mask.svg	1x1/delapouite/king-ju-mask.svg
1x1-delapouite-kitchen-scale.svg	1x1/delapouite/kitchen-scale.svg
1x1-delapouite-kitchen-tap.svg	1x1/delapouite/kitchen-tap.svg
1x1-delapouite-kite.svg	1x1/delapouite/kite.svg
1x1-delapouite-kiwi-bird.svg	1x1/delapouite/kiwi-bird.svg
1x1-delapouite-kiwi-fruit.svg	1x1/delapouite/kiwi-fruit.svg
1x1-delapouite-klingon.svg	1x1/delapouite/klingon.svg
1x1-delapouite-knee-bandage.svg	1x1/delapouite/knee-bandage.svg
1x1-delapouite-knee-cap.svg	1x1/delapouite/knee-cap.svg
1x1-delapouite-knee-pad.svg	1x1/delapouite/knee-pad.svg
1x1-delapouite-kneeling.svg	1x1/delapouite/kneeling.svg
1x1-delapouite-knight-banner.svg	1x1/delapouite/knight-banner.svg
1x1-delapouite-knocked-out-stars.svg	1x1/delapouite/knocked-out-stars.svg
1x1-delapouite-knot.svg	1x1/delapouite/knot.svg
1x1-delapouite-koala.svg	1x1/delapouite/koala.svg
1x1-delapouite-koholint-egg.svg	1x1/delapouite/koholint-egg.svg
1x1-delapouite-kraken-tentacle.svg	1x1/delapouite/kraken-tentacle.svg
1x1-delapouite-l-brick.svg	1x1/delapouite/l-brick.svg
1x1-delapouite-lab-coat.svg	1x1/delapouite/lab-coat.svg
1x1-delapouite-labrador-head.svg	1x1/delapouite/labrador-head.svg
1x1-delapouite-ladder.svg	1x1/delapouite/ladder.svg
1x1-delapouite-ladders-platform.svg	1x1/delapouite/ladders-platform.svg
1x1-delapouite-ladle.svg	1x1/delapouite/ladle.svg
1x1-delapouite-ladybug.svg	1x1/delapouite/ladybug.svg
1x1-delapouite-lambda.svg	1x1/delapouite/lambda.svg
1x1-delapouite-laptop.svg	1x1/delapouite/laptop.svg
1x1-delapouite-large-dress.svg	1x1/delapouite/large-dress.svg
1x1-delapouite-large-paint-brush.svg	1x1/delapouite/large-paint-brush.svg
1x1-delapouite-laser-turret.svg	1x1/delapouite/laser-turret.svg
1x1-delapouite-lasso.svg	1x1/delapouite/lasso.svg
1x1-delapouite-latvia.svg	1x1/delapouite/latvia.svg
1x1-delapouite-laurels-trophy.svg	1x1/delapouite/laurels-trophy.svg
1x1-delapouite-lead-pipe.svg	1x1/delapouite/lead-pipe.svg
1x1-delapouite-leak.svg	1x1/delapouite/leak.svg
1x1-delapouite-leapfrog.svg	1x1/delapouite/leapfrog.svg
1x1-delapouite-leather-armor.svg	1x1/delapouite/leather-armor.svg
1x1-delapouite-led.svg	1x1/delapouite/led.svg
1x1-delapouite-leek.svg	1x1/delapouite/leek.svg
1x1-delapouite-leg-armor.svg	1x1/delapouite/leg-armor.svg
1x1-delapouite-leg.svg	1x1/delapouite/leg.svg
1x1-delapouite-lemon.svg	1x1/delapouite/lemon.svg
1x1-delapouite-leo.svg	1x1/delapouite/leo.svg
1x1-delapouite-level-crossing.svg	1x1/delapouite/level-crossing.svg
1x1-delapouite-level-end-flag.svg	1x1/delapouite/level-end-flag.svg
1x1-delapouite-liar.svg	1x1/delapouite/liar.svg
1x1-delapouite-liberty-wing.svg	1x1/delapouite/liberty-wing.svg
1x1-delapouite-libra.svg	1x1/delapouite/libra.svg
1x1-delapouite-libya.svg	1x1/delapouite/libya.svg
1x1-delapouite-life-bar.svg	1x1/delapouite/life-bar.svg
1x1-delapouite-life-buoy.svg	1x1/delapouite/life-buoy.svg
1x1-delapouite-life-jacket.svg	1x1/delapouite/life-jacket.svg
1x1-delapouite-light-backpack.svg	1x1/delapouite/light-backpack.svg
1x1-delapouite-light-helm.svg	1x1/delapouite/light-helm.svg
1x1-delapouite-light-projector.svg	1x1/delapouite/light-projector.svg
1x1-delapouite-light-sabers.svg	1x1/delapouite/light-sabers.svg
1x1-delapouite-lighter.svg	1x1/delapouite/lighter.svg
1x1-delapouite-lighthouse.svg	1x1/delapouite/lighthouse.svg
1x1-delapouite-lightning-dome.svg	1x1/delapouite/lightning-dome.svg
1x1-delapouite-lightning-flame.svg	1x1/delapouite/lightning-flame.svg
1x1-delapouite-lily-pads.svg	1x1/delapouite/lily-pads.svg
1x1-delapouite-lipstick.svg	1x1/delapouite/lipstick.svg
1x1-delapouite-liquid-soap.svg	1x1/delapouite/liquid-soap.svg
1x1-delapouite-liver.svg	1x1/delapouite/liver.svg
1x1-delapouite-load.svg	1x1/delapouite/load.svg
1x1-delapouite-lock-picking.svg	1x1/delapouite/lock-picking.svg
1x1-delapouite-lock-spy.svg	1x1/delapouite/lock-spy.svg
1x1-delapouite-locked-box.svg	1x1/delapouite/locked-box.svg
1x1-delapouite-locked-door.svg	1x1/delapouite/locked-door.svg
1x1-delapouite-locked-heart.svg	1x1/delapouite/locked-heart.svg
1x1-delapouite-lockers.svg	1x1/delapouite/lockers.svg
1x1-delapouite-lockpicks.svg	1x1/delapouite/lockpicks.svg
1x1-delapouite-log.svg	1x1/delapouite/log.svg
1x1-delapouite-logic-gate-and.svg	1x1/delapouite/logic-gate-and.svg
1x1-delapouite-logic-gate-nand.svg	1x1/delapouite/logic-gate-nand.svg
1x1-delapouite-logic-gate-nor.svg	1x1/delapouite/logic-gate-nor.svg
1x1-delapouite-logic-gate-not.svg	1x1/delapouite/logic-gate-not.svg
1x1-delapouite-logic-gate-nxor.svg	1x1/delapouite/logic-gate-nxor.svg
1x1-delapouite-logic-gate-or.svg	1x1/delapouite/logic-gate-or.svg
1x1-delapouite-logic-gate-xor.svg	1x1/delapouite/logic-gate-xor.svg
1x1-delapouite-loincloth.svg	1x1/delapouite/loincloth.svg
1x1-delapouite-look-at.svg	1x1/delapouite/look-at.svg
1x1-delapouite-lorgnette.svg	1x1/delapouite/lorgnette.svg
1x1-delapouite-louvre-pyramid.svg	1x1/delapouite/louvre-pyramid.svg
1x1-delapouite-love-letter.svg	1x1/delapouite/love-letter.svg
1x1-delapouite-love-mystery.svg	1x1/delapouite/love-mystery.svg
1x1-delapouite-lovers.svg	1x1/delapouite/lovers.svg
1x1-delapouite-low-tide.svg	1x1/delapouite/low-tide.svg
1x1-delapouite-luchador.svg	1x1/delapouite/luchador.svg
1x1-delapouite-lucky-fisherman.svg	1x1/delapouite/lucky-fisherman.svg
1x1-delapouite-lunar-module.svg	1x1/delapouite/lunar-module.svg
1x1-delapouite-lunar-wand.svg	1x1/delapouite/lunar-wand.svg
1x1-delapouite-lungs.svg	1x1/delapouite/lungs.svg
1x1-delapouite-lynx-head.svg	1x1/delapouite/lynx-head.svg
1x1-delapouite-machine-gun-magazine.svg	1x1/delapouite/machine-gun-magazine.svg
1x1-delapouite-magic-axe.svg	1x1/delapouite/magic-axe.svg
1x1-delapouite-magic-broom.svg	1x1/delapouite/magic-broom.svg
1x1-delapouite-magic-hat.svg	1x1/delapouite/magic-hat.svg
1x1-delapouite-magic-potion.svg	1x1/delapouite/magic-potion.svg
1x1-delapouite-magic-trident.svg	1x1/delapouite/magic-trident.svg
1x1-delapouite-magick-trick.svg	1x1/delapouite/magick-trick.svg
1x1-delapouite-magnet-man.svg	1x1/delapouite/magnet-man.svg
1x1-delapouite-mailbox.svg	1x1/delapouite/mailbox.svg
1x1-delapouite-male.svg	1x1/delapouite/male.svg
1x1-delapouite-mammoth.svg	1x1/delapouite/mammoth.svg
1x1-delapouite-mandrill-head.svg	1x1/delapouite/mandrill-head.svg
1x1-delapouite-manta-ray.svg	1x1/delapouite/manta-ray.svg
1x1-delapouite-manual-juicer.svg	1x1/delapouite/manual-juicer.svg
1x1-delapouite-manual-meat-grinder.svg	1x1/delapouite/manual-meat-grinder.svg
1x1-delapouite-manual-water-pump.svg	1x1/delapouite/manual-water-pump.svg
1x1-delapouite-maracas.svg	1x1/delapouite/maracas.svg
1x1-delapouite-marble-tap.svg	1x1/delapouite/marble-tap.svg
1x1-delapouite-marbles.svg	1x1/delapouite/marbles.svg
1x1-delapouite-mars-curiosity.svg	1x1/delapouite/mars-curiosity.svg
1x1-delapouite-mars-pathfinder.svg	1x1/delapouite/mars-pathfinder.svg
1x1-delapouite-marshmallows.svg	1x1/delapouite/marshmallows.svg
1x1-delapouite-martyr-memorial.svg	1x1/delapouite/martyr-memorial.svg
1x1-delapouite-matchbox.svg	1x1/delapouite/matchbox.svg
1x1-delapouite-matryoshka-dolls.svg	1x1/delapouite/matryoshka-dolls.svg
1x1-delapouite-matter-states.svg	1x1/delapouite/matter-states.svg
1x1-delapouite-mayan-pyramid.svg	1x1/delapouite/mayan-pyramid.svg
1x1-delapouite-meal.svg	1x1/delapouite/meal.svg
1x1-delapouite-measure-tape.svg	1x1/delapouite/measure-tape.svg
1x1-delapouite-mecha-head.svg	1x1/delapouite/mecha-head.svg
1x1-delapouite-mecha-mask.svg	1x1/delapouite/mecha-mask.svg
1x1-delapouite-mechanic-garage.svg	1x1/delapouite/mechanic-garage.svg
1x1-delapouite-medallist.svg	1x1/delapouite/medallist.svg
1x1-delapouite-medical-drip.svg	1x1/delapouite/medical-drip.svg
1x1-delapouite-medical-thermometer.svg	1x1/delapouite/medical-thermometer.svg
1x1-delapouite-medicine-pills.svg	1x1/delapouite/medicine-pills.svg
1x1-delapouite-medicines.svg	1x1/delapouite/medicines.svg
1x1-delapouite-medieval-barracks.svg	1x1/delapouite/medieval-barracks.svg
1x1-delapouite-medieval-gate.svg	1x1/delapouite/medieval-gate.svg
1x1-delapouite-medieval-pavilion.svg	1x1/delapouite/medieval-pavilion.svg
1x1-delapouite-meeple-army.svg	1x1/delapouite/meeple-army.svg
1x1-delapouite-meeple-circle.svg	1x1/delapouite/meeple-circle.svg
1x1-delapouite-meeple-group.svg	1x1/delapouite/meeple-group.svg
1x1-delapouite-meeple-king.svg	1x1/delapouite/meeple-king.svg
1x1-delapouite-meeple.svg	1x1/delapouite/meeple.svg
1x1-delapouite-megaphone.svg	1x1/delapouite/megaphone.svg
1x1-delapouite-melting-ice-cube.svg	1x1/delapouite/melting-ice-cube.svg
1x1-delapouite-melting-metal.svg	1x1/delapouite/melting-metal.svg
1x1-delapouite-menhir.svg	1x1/delapouite/menhir.svg
1x1-delapouite-mermaid.svg	1x1/delapouite/mermaid.svg
1x1-delapouite-mesh-network.svg	1x1/delapouite/mesh-network.svg
1x1-delapouite-metal-boot.svg	1x1/delapouite/metal-boot.svg
1x1-delapouite-metal-detector.svg	1x1/delapouite/metal-detector.svg
1x1-delapouite-metal-golem-head.svg	1x1/delapouite/metal-golem-head.svg
1x1-delapouite-metal-plate.svg	1x1/delapouite/metal-plate.svg
1x1-delapouite-metal-skirt.svg	1x1/delapouite/metal-skirt.svg
1x1-delapouite-metroid.svg	1x1/delapouite/metroid.svg
1x1-delapouite-metronome.svg	1x1/delapouite/metronome.svg
1x1-delapouite-mexico.svg	1x1/delapouite/mexico.svg
1x1-delapouite-microphone.svg	1x1/delapouite/microphone.svg
1x1-delapouite-mid-summit.svg	1x1/delapouite/mid-summit.svg
1x1-delapouite-mighty-boosh.svg	1x1/delapouite/mighty-boosh.svg
1x1-delapouite-mighty-force.svg	1x1/delapouite/mighty-force.svg
1x1-delapouite-mighty-horn.svg	1x1/delapouite/mighty-horn.svg
1x1-delapouite-military-fort.svg	1x1/delapouite/military-fort.svg
1x1-delapouite-millenium-key.svg	1x1/delapouite/millenium-key.svg
1x1-delapouite-mimic-chest.svg	1x1/delapouite/mimic-chest.svg
1x1-delapouite-mine-truck.svg	1x1/delapouite/mine-truck.svg
1x1-delapouite-mine-wagon.svg	1x1/delapouite/mine-wagon.svg
1x1-delapouite-miner.svg	1x1/delapouite/miner.svg
1x1-delapouite-mineral-pearls.svg	1x1/delapouite/mineral-pearls.svg
1x1-delapouite-mini-submarine.svg	1x1/delapouite/mini-submarine.svg
1x1-delapouite-mining-helmet.svg	1x1/delapouite/mining-helmet.svg
1x1-delapouite-misdirection.svg	1x1/delapouite/misdirection.svg
1x1-delapouite-missile-launcher.svg	1x1/delapouite/missile-launcher.svg
1x1-delapouite-moai.svg	1x1/delapouite/moai.svg
1x1-delapouite-modern-city.svg	1x1/delapouite/modern-city.svg
1x1-delapouite-moka-pot.svg	1x1/delapouite/moka-pot.svg
1x1-delapouite-moldova.svg	1x1/delapouite/moldova.svg
1x1-delapouite-mona-lisa.svg	1x1/delapouite/mona-lisa.svg
1x1-delapouite-moncler-jacket.svg	1x1/delapouite/moncler-jacket.svg
1x1-delapouite-money-stack.svg	1x1/delapouite/money-stack.svg
1x1-delapouite-mongolia.svg	1x1/delapouite/mongolia.svg
1x1-delapouite-monk-face.svg	1x1/delapouite/monk-face.svg
1x1-delapouite-monkey-wrench.svg	1x1/delapouite/monkey-wrench.svg
1x1-delapouite-mono-wheel-robot.svg	1x1/delapouite/mono-wheel-robot.svg
1x1-delapouite-monstera-leaf.svg	1x1/delapouite/monstera-leaf.svg
1x1-delapouite-monument-valley.svg	1x1/delapouite/monument-valley.svg
1x1-delapouite-moon-bats.svg	1x1/delapouite/moon-bats.svg
1x1-delapouite-moon-orbit.svg	1x1/delapouite/moon-orbit.svg
1x1-delapouite-mooring-bollard.svg	1x1/delapouite/mooring-bollard.svg
1x1-delapouite-morgue-feet.svg	1x1/delapouite/morgue-feet.svg
1x1-delapouite-morph-ball.svg	1x1/delapouite/morph-ball.svg
1x1-delapouite-mortar.svg	1x1/delapouite/mortar.svg
1x1-delapouite-mountain-cave.svg	1x1/delapouite/mountain-cave.svg
1x1-delapouite-mountain-road.svg	1x1/delapouite/mountain-road.svg
1x1-delapouite-mouse.svg	1x1/delapouite/mouse.svg
1x1-delapouite-move.svg	1x1/delapouite/move.svg
1x1-delapouite-mp5.svg	1x1/delapouite/mp5.svg
1x1-delapouite-mug-shot.svg	1x1/delapouite/mug-shot.svg
1x1-delapouite-multi-directions.svg	1x1/delapouite/multi-directions.svg
1x1-delapouite-multiple-targets.svg	1x1/delapouite/multiple-targets.svg
1x1-delapouite-mummy-head.svg	1x1/delapouite/mummy-head.svg
1x1-delapouite-muscular-torso.svg	1x1/delapouite/muscular-torso.svg
1x1-delapouite-mushroom-house.svg	1x1/delapouite/mushroom-house.svg
1x1-delapouite-mushrooms-cluster.svg	1x1/delapouite/mushrooms-cluster.svg
1x1-delapouite-mushrooms.svg	1x1/delapouite/mushrooms.svg
1x1-delapouite-musical-keyboard.svg	1x1/delapouite/musical-keyboard.svg
1x1-delapouite-musical-notes.svg	1x1/delapouite/musical-notes.svg
1x1-delapouite-musical-score.svg	1x1/delapouite/musical-score.svg
1x1-delapouite-mussel.svg	1x1/delapouite/mussel.svg
1x1-delapouite-mustache.svg	1x1/delapouite/mustache.svg
1x1-delapouite-mute.svg	1x1/delapouite/mute.svg
1x1-delapouite-nachos.svg	1x1/delapouite/nachos.svg
1x1-delapouite-nano-bot.svg	1x1/delapouite/nano-bot.svg
1x1-delapouite-neck-bite.svg	1x1/delapouite/neck-bite.svg
1x1-delapouite-necklace-display.svg	1x1/delapouite/necklace-display.svg
1x1-delapouite-nectar.svg	1x1/delapouite/nectar.svg
1x1-delapouite-nefertiti.svg	1x1/delapouite/nefertiti.svg
1x1-delapouite-nest-birds.svg	1x1/delapouite/nest-birds.svg
1x1-delapouite-nest-eggs.svg	1x1/delapouite/nest-eggs.svg
1x1-delapouite-nested-hearts.svg	1x1/delapouite/nested-hearts.svg
1x1-delapouite-nested-hexagons.svg	1x1/delapouite/nested-hexagons.svg
1x1-delapouite-network-bars.svg	1x1/delapouite/network-bars.svg
1x1-delapouite-new-born.svg	1x1/delapouite/new-born.svg
1x1-delapouite-newspaper.svg	1x1/delapouite/newspaper.svg
1x1-delapouite-next-button.svg	1x1/delapouite/next-button.svg
1x1-delapouite-nigeria.svg	1x1/delapouite/nigeria.svg
1x1-delapouite-night-sleep.svg	1x1/delapouite/night-sleep.svg
1x1-delapouite-night-vision.svg	1x1/delapouite/night-vision.svg
1x1-delapouite-ninja-armor.svg	1x1/delapouite/ninja-armor.svg
1x1-delapouite-ninja-velociraptor.svg	1x1/delapouite/ninja-velociraptor.svg
1x1-delapouite-noodles.svg	1x1/delapouite/noodles.svg
1x1-delapouite-nose-front.svg	1x1/delapouite/nose-front.svg
1x1-delapouite-nose-side.svg	1x1/delapouite/nose-side.svg
1x1-delapouite-notebook.svg	1x1/delapouite/notebook.svg
1x1-delapouite-nuclear-plant.svg	1x1/delapouite/nuclear-plant.svg
1x1-delapouite-nuclear-waste.svg	1x1/delapouite/nuclear-waste.svg
1x1-delapouite-nunchaku.svg	1x1/delapouite/nunchaku.svg
1x1-delapouite-nurse-female.svg	1x1/delapouite/nurse-female.svg
1x1-delapouite-nurse-male.svg	1x1/delapouite/nurse-male.svg
1x1-delapouite-o-brick.svg	1x1/delapouite/o-brick.svg
1x1-delapouite-oak-leaf.svg	1x1/delapouite/oak-leaf.svg
1x1-delapouite-oasis.svg	1x1/delapouite/oasis.svg
1x1-delapouite-obelisk.svg	1x1/delapouite/obelisk.svg
1x1-delapouite-observatory.svg	1x1/delapouite/observatory.svg
1x1-delapouite-ocarina.svg	1x1/delapouite/ocarina.svg
1x1-delapouite-oden.svg	1x1/delapouite/oden.svg
1x1-delapouite-office-chair.svg	1x1/delapouite/office-chair.svg
1x1-delapouite-offshore-platform.svg	1x1/delapouite/offshore-platform.svg
1x1-delapouite-ogre.svg	1x1/delapouite/ogre.svg
1x1-delapouite-oil-can.svg	1x1/delapouite/oil-can.svg
1x1-delapouite-oil-pump.svg	1x1/delapouite/oil-pump.svg
1x1-delapouite-oil-rig.svg	1x1/delapouite/oil-rig.svg
1x1-delapouite-old-lantern.svg	1x1/delapouite/old-lantern.svg
1x1-delapouite-old-microphone.svg	1x1/delapouite/old-microphone.svg
1x1-delapouite-old-wagon.svg	1x1/delapouite/old-wagon.svg
1x1-delapouite-olive.svg	1x1/delapouite/olive.svg
1x1-delapouite-oni.svg	1x1/delapouite/oni.svg
1x1-delapouite-onigori.svg	1x1/delapouite/onigori.svg
1x1-delapouite-open-folder.svg	1x1/delapouite/open-folder.svg
1x1-delapouite-open-gate.svg	1x1/delapouite/open-gate.svg
1x1-delapouite-opened-food-can.svg	1x1/delapouite/opened-food-can.svg
1x1-delapouite-ophiuchus.svg	1x1/delapouite/ophiuchus.svg
1x1-delapouite-opposite-hearts.svg	1x1/delapouite/opposite-hearts.svg
1x1-delapouite-orange-slice.svg	1x1/delapouite/orange-slice.svg
1x1-delapouite-orange.svg	1x1/delapouite/orange.svg
1x1-delapouite-orc-head.svg	1x1/delapouite/orc-head.svg
1x1-delapouite-organigram.svg	1x1/delapouite/organigram.svg
1x1-delapouite-ostrich.svg	1x1/delapouite/ostrich.svg
1x1-delapouite-otamatone.svg	1x1/delapouite/otamatone.svg
1x1-delapouite-outback-hat.svg	1x1/delapouite/outback-hat.svg
1x1-delapouite-overlord-helm.svg	1x1/delapouite/overlord-helm.svg
1x1-delapouite-oyster-pearl.svg	1x1/delapouite/oyster-pearl.svg
1x1-delapouite-oyster.svg	1x1/delapouite/oyster.svg
1x1-delapouite-packed-planks.svg	1x1/delapouite/packed-planks.svg
1x1-delapouite-paddle-steamer.svg	1x1/delapouite/paddle-steamer.svg
1x1-delapouite-paddles.svg	1x1/delapouite/paddles.svg
1x1-delapouite-padlock-open.svg	1x1/delapouite/padlock-open.svg
1x1-delapouite-pagoda.svg	1x1/delapouite/pagoda.svg
1x1-delapouite-paint-brush.svg	1x1/delapouite/paint-brush.svg
1x1-delapouite-paint-bucket.svg	1x1/delapouite/paint-bucket.svg
1x1-delapouite-paint-roller.svg	1x1/delapouite/paint-roller.svg
1x1-delapouite-painted-pottery.svg	1x1/delapouite/painted-pottery.svg
1x1-delapouite-palette.svg	1x1/delapouite/palette.svg
1x1-delapouite-palisade.svg	1x1/delapouite/palisade.svg
1x1-delapouite-palm-tree.svg	1x1/delapouite/palm-tree.svg
1x1-delapouite-pan-flute.svg	1x1/delapouite/pan-flute.svg
1x1-delapouite-panda.svg	1x1/delapouite/panda.svg
1x1-delapouite-panzerfaust.svg	1x1/delapouite/panzerfaust.svg
1x1-delapouite-paper-boat.svg	1x1/delapouite/paper-boat.svg
1x1-delapouite-paper-clip.svg	1x1/delapouite/paper-clip.svg
1x1-delapouite-paper-plane.svg	1x1/delapouite/paper-plane.svg
1x1-delapouite-paper-tray.svg	1x1/delapouite/paper-tray.svg
1x1-delapouite-paper-windmill.svg	1x1/delapouite/paper-windmill.svg
1x1-delapouite-papyrus.svg	1x1/delapouite/papyrus.svg
1x1-delapouite-paraguay.svg	1x1/delapouite/paraguay.svg
1x1-delapouite-parasaurolophus.svg	1x1/delapouite/parasaurolophus.svg
1x1-delapouite-park-bench.svg	1x1/delapouite/park-bench.svg
1x1-delapouite-party-flags.svg	1x1/delapouite/party-flags.svg
1x1-delapouite-party-hat.svg	1x1/delapouite/party-hat.svg
1x1-delapouite-party-popper.svg	1x1/delapouite/party-popper.svg
1x1-delapouite-passport.svg	1x1/delapouite/passport.svg
1x1-delapouite-path-distance.svg	1x1/delapouite/path-distance.svg
1x1-delapouite-path-tile.svg	1x1/delapouite/path-tile.svg
1x1-delapouite-pay-money.svg	1x1/delapouite/pay-money.svg
1x1-delapouite-peace-dove.svg	1x1/delapouite/peace-dove.svg
1x1-delapouite-peach.svg	1x1/delapouite/peach.svg
1x1-delapouite-pear.svg	1x1/delapouite/pear.svg
1x1-delapouite-pearl-earring.svg	1x1/delapouite/pearl-earring.svg
1x1-delapouite-pearl-necklace.svg	1x1/delapouite/pearl-necklace.svg
1x1-delapouite-peas.svg	1x1/delapouite/peas.svg
1x1-delapouite-pelvis-bone.svg	1x1/delapouite/pelvis-bone.svg
1x1-delapouite-pencil-brush.svg	1x1/delapouite/pencil-brush.svg
1x1-delapouite-pencil-ruler.svg	1x1/delapouite/pencil-ruler.svg
1x1-delapouite-pencil.svg	1x1/delapouite/pencil.svg
1x1-delapouite-pendant-key.svg	1x1/delapouite/pendant-key.svg
1x1-delapouite-pendulum-swing.svg	1x1/delapouite/pendulum-swing.svg
1x1-delapouite-penguin.svg	1x1/delapouite/penguin.svg
1x1-delapouite-periscope.svg	1x1/delapouite/periscope.svg
1x1-delapouite-person-in-bed.svg	1x1/delapouite/person-in-bed.svg
1x1-delapouite-person.svg	1x1/delapouite/person.svg
1x1-delapouite-perspective-dice-five.svg	1x1/delapouite/perspective-dice-five.svg
1x1-delapouite-perspective-dice-four.svg	1x1/delapouite/perspective-dice-four.svg
1x1-delapouite-perspective-dice-one.svg	1x1/delapouite/perspective-dice-one.svg
1x1-delapouite-perspective-dice-six-faces-five.svg	1x1/delapouite/perspective-dice-six-faces-five.svg
1x1-delapouite-perspective-dice-six-faces-four.svg	1x1/delapouite/perspective-dice-six-faces-four.svg
1x1-delapouite-perspective-dice-six-faces-one.svg	1x1/delapouite/perspective-dice-six-faces-one.svg
1x1-delapouite-perspective-dice-six-faces-random.svg	1x1/delapouite/perspective-dice-six-faces-random.svg
1x1-delapouite-perspective-dice-six-faces-six.svg	1x1/delapouite/perspective-dice-six-faces-six.svg
1x1-delapouite-perspective-dice-six-faces-three.svg	1x1/delapouite/perspective-dice-six-faces-three.svg
1x1-delapouite-perspective-dice-six-faces-two.svg	1x1/delapouite/perspective-dice-six-faces-two.svg
1x1-delapouite-perspective-dice-six.svg	1x1/delapouite/perspective-dice-six.svg
1x1-delapouite-perspective-dice-three.svg	1x1/delapouite/perspective-dice-three.svg
1x1-delapouite-perspective-dice-two.svg	1x1/delapouite/perspective-dice-two.svg
1x1-delapouite-peru.svg	1x1/delapouite/peru.svg
1x1-delapouite-pharoah.svg	1x1/delapouite/pharoah.svg
1x1-delapouite-phone.svg	1x1/delapouite/phone.svg
1x1-delapouite-photo-camera.svg	1x1/delapouite/photo-camera.svg
1x1-delapouite-phrygian-cap.svg	1x1/delapouite/phrygian-cap.svg
1x1-delapouite-piano-keys.svg	1x1/delapouite/piano-keys.svg
1x1-delapouite-pick-of-destiny.svg	1x1/delapouite/pick-of-destiny.svg
1x1-delapouite-pickle.svg	1x1/delapouite/pickle.svg
1x1-delapouite-pie-chart.svg	1x1/delapouite/pie-chart.svg
1x1-delapouite-piggy-bank.svg	1x1/delapouite/piggy-bank.svg
1x1-delapouite-pikeman.svg	1x1/delapouite/pikeman.svg
1x1-delapouite-pilgrim-hat.svg	1x1/delapouite/pilgrim-hat.svg
1x1-delapouite-pillow.svg	1x1/delapouite/pillow.svg
1x1-delapouite-pimiento.svg	1x1/delapouite/pimiento.svg
1x1-delapouite-pin.svg	1x1/delapouite/pin.svg
1x1-delapouite-pinata.svg	1x1/delapouite/pinata.svg
1x1-delapouite-pinball-flipper.svg	1x1/delapouite/pinball-flipper.svg
1x1-delapouite-pineapple.svg	1x1/delapouite/pineapple.svg
1x1-delapouite-ping-pong-bat.svg	1x1/delapouite/ping-pong-bat.svg
1x1-delapouite-pipes.svg	1x1/delapouite/pipes.svg
1x1-delapouite-piranha.svg	1x1/delapouite/piranha.svg
1x1-delapouite-pirate-cannon.svg	1x1/delapouite/pirate-cannon.svg
1x1-delapouite-pirate-captain.svg	1x1/delapouite/pirate-captain.svg
1x1-delapouite-pirate-coat.svg	1x1/delapouite/pirate-coat.svg
1x1-delapouite-pirate-flag.svg	1x1/delapouite/pirate-flag.svg
1x1-delapouite-pirate-hat.svg	1x1/delapouite/pirate-hat.svg
1x1-delapouite-pirate-hook.svg	1x1/delapouite/pirate-hook.svg
1x1-delapouite-pisa-tower.svg	1x1/delapouite/pisa-tower.svg
1x1-delapouite-pisces.svg	1x1/delapouite/pisces.svg
1x1-delapouite-pitchfork.svg	1x1/delapouite/pitchfork.svg
1x1-delapouite-pizza-slice.svg	1x1/delapouite/pizza-slice.svg
1x1-delapouite-plague-doctor-profile.svg	1x1/delapouite/plague-doctor-profile.svg
1x1-delapouite-plain-arrow.svg	1x1/delapouite/plain-arrow.svg
1x1-delapouite-plain-circle.svg	1x1/delapouite/plain-circle.svg
1x1-delapouite-plain-padlock.svg	1x1/delapouite/plain-padlock.svg
1x1-delapouite-plain-square.svg	1x1/delapouite/plain-square.svg
1x1-delapouite-plane-pilot.svg	1x1/delapouite/plane-pilot.svg
1x1-delapouite-plane-wing.svg	1x1/delapouite/plane-wing.svg
1x1-delapouite-planet-conquest.svg	1x1/delapouite/planet-conquest.svg
1x1-delapouite-planet-core.svg	1x1/delapouite/planet-core.svg
1x1-delapouite-planks.svg	1x1/delapouite/planks.svg
1x1-delapouite-plant-roots.svg	1x1/delapouite/plant-roots.svg
1x1-delapouite-plant-seed.svg	1x1/delapouite/plant-seed.svg
1x1-delapouite-plant-watering.svg	1x1/delapouite/plant-watering.svg
1x1-delapouite-plastic-duck.svg	1x1/delapouite/plastic-duck.svg
1x1-delapouite-player-base.svg	1x1/delapouite/player-base.svg
1x1-delapouite-player-next.svg	1x1/delapouite/player-next.svg
1x1-delapouite-player-previous.svg	1x1/delapouite/player-previous.svg
1x1-delapouite-player-time.svg	1x1/delapouite/player-time.svg
1x1-delapouite-plesiosaurus.svg	1x1/delapouite/plesiosaurus.svg
1x1-delapouite-plow.svg	1x1/delapouite/plow.svg
1x1-delapouite-plug.svg	1x1/delapouite/plug.svg
1x1-delapouite-plum.svg	1x1/delapouite/plum.svg
1x1-delapouite-plunger.svg	1x1/delapouite/plunger.svg
1x1-delapouite-pocket-radio.svg	1x1/delapouite/pocket-radio.svg
1x1-delapouite-podium-second.svg	1x1/delapouite/podium-second.svg
1x1-delapouite-podium-third.svg	1x1/delapouite/podium-third.svg
1x1-delapouite-podium-winner.svg	1x1/delapouite/podium-winner.svg
1x1-delapouite-podium.svg	1x1/delapouite/podium.svg
1x1-delapouite-poland.svg	1x1/delapouite/poland.svg
1x1-delapouite-polar-star.svg	1x1/delapouite/polar-star.svg
1x1-delapouite-police-car.svg	1x1/delapouite/police-car.svg
1x1-delapouite-police-officer-head.svg	1x1/delapouite/police-officer-head.svg
1x1-delapouite-police-target.svg	1x1/delapouite/police-target.svg
1x1-delapouite-polo-shirt.svg	1x1/delapouite/polo-shirt.svg
1x1-delapouite-poncho.svg	1x1/delapouite/poncho.svg
1x1-delapouite-pool-dive.svg	1x1/delapouite/pool-dive.svg
1x1-delapouite-pool-table-corner.svg	1x1/delapouite/pool-table-corner.svg
1x1-delapouite-pool-triangle.svg	1x1/delapouite/pool-triangle.svg
1x1-delapouite-popcorn.svg	1x1/delapouite/popcorn.svg
1x1-delapouite-pope-crown.svg	1x1/delapouite/pope-crown.svg
1x1-delapouite-porcelain-vase.svg	1x1/delapouite/porcelain-vase.svg
1x1-delapouite-porcupinefish.svg	1x1/delapouite/porcupinefish.svg
1x1-delapouite-portrait.svg	1x1/delapouite/portrait.svg
1x1-delapouite-portugal.svg	1x1/delapouite/portugal.svg
1x1-delapouite-position-marker.svg	1x1/delapouite/position-marker.svg
1x1-delapouite-post-office.svg	1x1/delapouite/post-office.svg
1x1-delapouite-post-stamp.svg	1x1/delapouite/post-stamp.svg
1x1-delapouite-potato.svg	1x1/delapouite/potato.svg
1x1-delapouite-pouring-pot.svg	1x1/delapouite/pouring-pot.svg
1x1-delapouite-powder-bag.svg	1x1/delapouite/powder-bag.svg
1x1-delapouite-power-generator.svg	1x1/delapouite/power-generator.svg
1x1-delapouite-power-ring.svg	1x1/delapouite/power-ring.svg
1x1-delapouite-prayer-beads.svg	1x1/delapouite/prayer-beads.svg
1x1-delapouite-praying-mantis.svg	1x1/delapouite/praying-mantis.svg
1x1-delapouite-present.svg	1x1/delapouite/present.svg
1x1-delapouite-pretzel.svg	1x1/delapouite/pretzel.svg
1x1-delapouite-previous-button.svg	1x1/delapouite/previous-button.svg
1x1-delapouite-price-tag.svg	1x1/delapouite/price-tag.svg
1x1-delapouite-primitive-necklace.svg	1x1/delapouite/primitive-necklace.svg
1x1-delapouite-primitive-torch.svg	1x1/delapouite/primitive-torch.svg
1x1-delapouite-prism.svg	1x1/delapouite/prism.svg
1x1-delapouite-prisoner.svg	1x1/delapouite/prisoner.svg
1x1-delapouite-private-first-class.svg	1x1/delapouite/private-first-class.svg
1x1-delapouite-private.svg	1x1/delapouite/private.svg
1x1-delapouite-progression.svg	1x1/delapouite/progression.svg
1x1-delapouite-propeller-beanie.svg	1x1/delapouite/propeller-beanie.svg
1x1-delapouite-protection-glasses.svg	1x1/delapouite/protection-glasses.svg
1x1-delapouite-pschent-double-crown.svg	1x1/delapouite/pschent-double-crown.svg
1x1-delapouite-pterodactylus.svg	1x1/delapouite/pterodactylus.svg
1x1-delapouite-public-speaker.svg	1x1/delapouite/public-speaker.svg
1x1-delapouite-pull.svg	1x1/delapouite/pull.svg
1x1-delapouite-pulley-hook.svg	1x1/delapouite/pulley-hook.svg
1x1-delapouite-pumpkin.svg	1x1/delapouite/pumpkin.svg
1x1-delapouite-punching-bag.svg	1x1/delapouite/punching-bag.svg
1x1-delapouite-purple-tentacle.svg	1x1/delapouite/purple-tentacle.svg
1x1-delapouite-push.svg	1x1/delapouite/push.svg
1x1-delapouite-puzzle.svg	1x1/delapouite/puzzle.svg
1x1-delapouite-pylon.svg	1x1/delapouite/pylon.svg
1x1-delapouite-pyre.svg	1x1/delapouite/pyre.svg
1x1-delapouite-qaitbay-citadel.svg	1x1/delapouite/qaitbay-citadel.svg
1x1-delapouite-quick-man.svg	1x1/delapouite/quick-man.svg
1x1-delapouite-quiver.svg	1x1/delapouite/quiver.svg
1x1-delapouite-rabbit-head.svg	1x1/delapouite/rabbit-head.svg
1x1-delapouite-rabbit.svg	1x1/delapouite/rabbit.svg
1x1-delapouite-raccoon-head.svg	1x1/delapouite/raccoon-head.svg
1x1-delapouite-radar-cross-section.svg	1x1/delapouite/radar-cross-section.svg
1x1-delapouite-raddish.svg	1x1/delapouite/raddish.svg
1x1-delapouite-radiations.svg	1x1/delapouite/radiations.svg
1x1-delapouite-radio-tower.svg	1x1/delapouite/radio-tower.svg
1x1-delapouite-raft.svg	1x1/delapouite/raft.svg
1x1-delapouite-rail-road.svg	1x1/delapouite/rail-road.svg
1x1-delapouite-railway.svg	1x1/delapouite/railway.svg
1x1-delapouite-rake.svg	1x1/delapouite/rake.svg
1x1-delapouite-ram-profile.svg	1x1/delapouite/ram-profile.svg
1x1-delapouite-ranch-gate.svg	1x1/delapouite/ranch-gate.svg
1x1-delapouite-raspberry.svg	1x1/delapouite/raspberry.svg
1x1-delapouite-rat.svg	1x1/delapouite/rat.svg
1x1-delapouite-rattlesnake.svg	1x1/delapouite/rattlesnake.svg
1x1-delapouite-raw-egg.svg	1x1/delapouite/raw-egg.svg
1x1-delapouite-razor.svg	1x1/delapouite/razor.svg
1x1-delapouite-receive-money.svg	1x1/delapouite/receive-money.svg
1x1-delapouite-red-carpet.svg	1x1/delapouite/red-carpet.svg
1x1-delapouite-reed.svg	1x1/delapouite/reed.svg
1x1-delapouite-refinery.svg	1x1/delapouite/refinery.svg
1x1-delapouite-reload-gun-barrel.svg	1x1/delapouite/reload-gun-barrel.svg
1x1-delapouite-remedy.svg	1x1/delapouite/remedy.svg
1x1-delapouite-rempart.svg	1x1/delapouite/rempart.svg
1x1-delapouite-reptile-tail.svg	1x1/delapouite/reptile-tail.svg
1x1-delapouite-resize.svg	1x1/delapouite/resize.svg
1x1-delapouite-resting-vampire.svg	1x1/delapouite/resting-vampire.svg
1x1-delapouite-revolver.svg	1x1/delapouite/revolver.svg
1x1-delapouite-rhinoceros-horn.svg	1x1/delapouite/rhinoceros-horn.svg
1x1-delapouite-rialto-bridge.svg	1x1/delapouite/rialto-bridge.svg
1x1-delapouite-ribbon-medal.svg	1x1/delapouite/ribbon-medal.svg
1x1-delapouite-ribbon-shield.svg	1x1/delapouite/ribbon-shield.svg
1x1-delapouite-ring-box.svg	1x1/delapouite/ring-box.svg
1x1-delapouite-ring-mould.svg	1x1/delapouite/ring-mould.svg
1x1-delapouite-ring.svg	1x1/delapouite/ring.svg
1x1-delapouite-ringed-tentacle.svg	1x1/delapouite/ringed-tentacle.svg
1x1-delapouite-ringing-alarm.svg	1x1/delapouite/ringing-alarm.svg
1x1-delapouite-ringmaster.svg	1x1/delapouite/ringmaster.svg
1x1-delapouite-river.svg	1x1/delapouite/river.svg
1x1-delapouite-road.svg	1x1/delapouite/road.svg
1x1-delapouite-robber-mask.svg	1x1/delapouite/robber-mask.svg
1x1-delapouite-robber.svg	1x1/delapouite/robber.svg
1x1-delapouite-robin-hood-hat.svg	1x1/delapouite/robin-hood-hat.svg
1x1-delapouite-robot-antennas.svg	1x1/delapouite/robot-antennas.svg
1x1-delapouite-robot-grab.svg	1x1/delapouite/robot-grab.svg
1x1-delapouite-robot-helmet.svg	1x1/delapouite/robot-helmet.svg
1x1-delapouite-robot-leg.svg	1x1/delapouite/robot-leg.svg
1x1-delapouite-rock-golem.svg	1x1/delapouite/rock-golem.svg
1x1-delapouite-rocket-thruster.svg	1x1/delapouite/rocket-thruster.svg
1x1-delapouite-rocking-chair.svg	1x1/delapouite/rocking-chair.svg
1x1-delapouite-rod-of-asclepius.svg	1x1/delapouite/rod-of-asclepius.svg
1x1-delapouite-rolled-cloth.svg	1x1/delapouite/rolled-cloth.svg
1x1-delapouite-roller-skate.svg	1x1/delapouite/roller-skate.svg
1x1-delapouite-rolling-dice-cup.svg	1x1/delapouite/rolling-dice-cup.svg
1x1-delapouite-rolling-dices.svg	1x1/delapouite/rolling-dices.svg
1x1-delapouite-roman-shield.svg	1x1/delapouite/roman-shield.svg
1x1-delapouite-roman-toga.svg	1x1/delapouite/roman-toga.svg
1x1-delapouite-rooster.svg	1x1/delapouite/rooster.svg
1x1-delapouite-rope-bridge.svg	1x1/delapouite/rope-bridge.svg
1x1-delapouite-rope-coil.svg	1x1/delapouite/rope-coil.svg
1x1-delapouite-rope-dart.svg	1x1/delapouite/rope-dart.svg
1x1-delapouite-ropeway.svg	1x1/delapouite/ropeway.svg
1x1-delapouite-round-knob.svg	1x1/delapouite/round-knob.svg
1x1-delapouite-round-silo.svg	1x1/delapouite/round-silo.svg
1x1-delapouite-round-star.svg	1x1/delapouite/round-star.svg
1x1-delapouite-round-straw-bale.svg	1x1/delapouite/round-straw-bale.svg
1x1-delapouite-round-table.svg	1x1/delapouite/round-table.svg
1x1-delapouite-rss.svg	1x1/delapouite/rss.svg
1x1-delapouite-rub-el-hizb.svg	1x1/delapouite/rub-el-hizb.svg
1x1-delapouite-rubber-boot.svg	1x1/delapouite/rubber-boot.svg
1x1-delapouite-rugby-conversion.svg	1x1/delapouite/rugby-conversion.svg
1x1-delapouite-rule-book.svg	1x1/delapouite/rule-book.svg
1x1-delapouite-running-shoe.svg	1x1/delapouite/running-shoe.svg
1x1-delapouite-rupee.svg	1x1/delapouite/rupee.svg
1x1-delapouite-rusty-sword.svg	1x1/delapouite/rusty-sword.svg
1x1-delapouite-s-brick.svg	1x1/delapouite/s-brick.svg
1x1-delapouite-saber-and-pistol.svg	1x1/delapouite/saber-and-pistol.svg
1x1-delapouite-saber-toothed-cat-head.svg	1x1/delapouite/saber-toothed-cat-head.svg
1x1-delapouite-saddle.svg	1x1/delapouite/saddle.svg
1x1-delapouite-safety-pin.svg	1x1/delapouite/safety-pin.svg
1x1-delapouite-sagittarius.svg	1x1/delapouite/sagittarius.svg
1x1-delapouite-sai.svg	1x1/delapouite/sai.svg
1x1-delapouite-sail.svg	1x1/delapouite/sail.svg
1x1-delapouite-sailboat.svg	1x1/delapouite/sailboat.svg
1x1-delapouite-saint-basil-cathedral.svg	1x1/delapouite/saint-basil-cathedral.svg
1x1-delapouite-saiyan-suit.svg	1x1/delapouite/saiyan-suit.svg
1x1-delapouite-saloon-doors.svg	1x1/delapouite/saloon-doors.svg
1x1-delapouite-saloon.svg	1x1/delapouite/saloon.svg
1x1-delapouite-samara-mosque.svg	1x1/delapouite/samara-mosque.svg
1x1-delapouite-samurai-helmet.svg	1x1/delapouite/samurai-helmet.svg
1x1-delapouite-samus-helmet.svg	1x1/delapouite/samus-helmet.svg
1x1-delapouite-sand-castle.svg	1x1/delapouite/sand-castle.svg
1x1-delapouite-sand-snake.svg	1x1/delapouite/sand-snake.svg
1x1-delapouite-sandal.svg	1x1/delapouite/sandal.svg
1x1-delapouite-sandstorm.svg	1x1/delapouite/sandstorm.svg
1x1-delapouite-sandwich.svg	1x1/delapouite/sandwich.svg
1x1-delapouite-santa-hat.svg	1x1/delapouite/santa-hat.svg
1x1-delapouite-sarcophagus.svg	1x1/delapouite/sarcophagus.svg
1x1-delapouite-sasquatch.svg	1x1/delapouite/sasquatch.svg
1x1-delapouite-satellite-communication.svg	1x1/delapouite/satellite-communication.svg
1x1-delapouite-sauropod-head.svg	1x1/delapouite/sauropod-head.svg
1x1-delapouite-sausage.svg	1x1/delapouite/sausage.svg
1x1-delapouite-sausages-ribbon.svg	1x1/delapouite/sausages-ribbon.svg
1x1-delapouite-save-arrow.svg	1x1/delapouite/save-arrow.svg
1x1-delapouite-save.svg	1x1/delapouite/save.svg
1x1-delapouite-sawed-off-shotgun.svg	1x1/delapouite/sawed-off-shotgun.svg
1x1-delapouite-saxophone.svg	1x1/delapouite/saxophone.svg
1x1-delapouite-scabbard.svg	1x1/delapouite/scabbard.svg
1x1-delapouite-school-bag.svg	1x1/delapouite/school-bag.svg
1x1-delapouite-school-of-fish.svg	1x1/delapouite/school-of-fish.svg
1x1-delapouite-scooter.svg	1x1/delapouite/scooter.svg
1x1-delapouite-scorpio.svg	1x1/delapouite/scorpio.svg
1x1-delapouite-scout-ship.svg	1x1/delapouite/scout-ship.svg
1x1-delapouite-screw.svg	1x1/delapouite/screw.svg
1x1-delapouite-scroll-quill.svg	1x1/delapouite/scroll-quill.svg
1x1-delapouite-scuba-mask.svg	1x1/delapouite/scuba-mask.svg
1x1-delapouite-scuba-tanks.svg	1x1/delapouite/scuba-tanks.svg
1x1-delapouite-sea-cliff.svg	1x1/delapouite/sea-cliff.svg
1x1-delapouite-sea-star.svg	1x1/delapouite/sea-star.svg
1x1-delapouite-sea-turtle.svg	1x1/delapouite/sea-turtle.svg
1x1-delapouite-sea-urchin.svg	1x1/delapouite/sea-urchin.svg
1x1-delapouite-seagull.svg	1x1/delapouite/seagull.svg
1x1-delapouite-seahorse.svg	1x1/delapouite/seahorse.svg
1x1-delapouite-secret-book.svg	1x1/delapouite/secret-book.svg
1x1-delapouite-secret-door.svg	1x1/delapouite/secret-door.svg
1x1-delapouite-security-gate.svg	1x1/delapouite/security-gate.svg
1x1-delapouite-seedling.svg	1x1/delapouite/seedling.svg
1x1-delapouite-sell-card.svg	1x1/delapouite/sell-card.svg
1x1-delapouite-sergeant.svg	1x1/delapouite/sergeant.svg
1x1-delapouite-server-rack.svg	1x1/delapouite/server-rack.svg
1x1-delapouite-sesame.svg	1x1/delapouite/sesame.svg
1x1-delapouite-settings-knobs.svg	1x1/delapouite/settings-knobs.svg
1x1-delapouite-seven-pointed-star.svg	1x1/delapouite/seven-pointed-star.svg
1x1-delapouite-sewing-string.svg	1x1/delapouite/sewing-string.svg
1x1-delapouite-sextant.svg	1x1/delapouite/sextant.svg
1x1-delapouite-shaking-hands.svg	1x1/delapouite/shaking-hands.svg
1x1-delapouite-shambling-mound.svg	1x1/delapouite/shambling-mound.svg
1x1-delapouite-shambling-zombie.svg	1x1/delapouite/shambling-zombie.svg
1x1-delapouite-shamrock.svg	1x1/delapouite/shamrock.svg
1x1-delapouite-share.svg	1x1/delapouite/share.svg
1x1-delapouite-shark-bite.svg	1x1/delapouite/shark-bite.svg
1x1-delapouite-shark-fin.svg	1x1/delapouite/shark-fin.svg
1x1-delapouite-sharp-axe.svg	1x1/delapouite/sharp-axe.svg
1x1-delapouite-sharp-halberd.svg	1x1/delapouite/sharp-halberd.svg
1x1-delapouite-shattered-heart.svg	1x1/delapouite/shattered-heart.svg
1x1-delapouite-shears.svg	1x1/delapouite/shears.svg
1x1-delapouite-sheep.svg	1x1/delapouite/sheep.svg
1x1-delapouite-sherlock-holmes.svg	1x1/delapouite/sherlock-holmes.svg
1x1-delapouite-shield-bash.svg	1x1/delapouite/shield-bash.svg
1x1-delapouite-shield-impact.svg	1x1/delapouite/shield-impact.svg
1x1-delapouite-shield-opposition.svg	1x1/delapouite/shield-opposition.svg
1x1-delapouite-shinto-shrine-mirror.svg	1x1/delapouite/shinto-shrine-mirror.svg
1x1-delapouite-shinto-shrine.svg	1x1/delapouite/shinto-shrine.svg
1x1-delapouite-ship-bow.svg	1x1/delapouite/ship-bow.svg
1x1-delapouite-ship-wheel.svg	1x1/delapouite/ship-wheel.svg
1x1-delapouite-ship-wreck.svg	1x1/delapouite/ship-wreck.svg
1x1-delapouite-shirt-button.svg	1x1/delapouite/shirt-button.svg
1x1-delapouite-shoebill-stork.svg	1x1/delapouite/shoebill-stork.svg
1x1-delapouite-shop.svg	1x1/delapouite/shop.svg
1x1-delapouite-shopping-bag.svg	1x1/delapouite/shopping-bag.svg
1x1-delapouite-shopping-cart.svg	1x1/delapouite/shopping-cart.svg
1x1-delapouite-shorts.svg	1x1/delapouite/shorts.svg
1x1-delapouite-shotgun-rounds.svg	1x1/delapouite/shotgun-rounds.svg
1x1-delapouite-shoulder-armor.svg	1x1/delapouite/shoulder-armor.svg
1x1-delapouite-shoulder-bag.svg	1x1/delapouite/shoulder-bag.svg
1x1-delapouite-shower.svg	1x1/delapouite/shower.svg
1x1-delapouite-shrimp.svg	1x1/delapouite/shrimp.svg
1x1-delapouite-shrug.svg	1x1/delapouite/shrug.svg
1x1-delapouite-shuttlecock.svg	1x1/delapouite/shuttlecock.svg
1x1-delapouite-sickle.svg	1x1/delapouite/sickle.svg
1x1-delapouite-siege-tower.svg	1x1/delapouite/siege-tower.svg
1x1-delapouite-silenced.svg	1x1/delapouite/silenced.svg
1x1-delapouite-silex.svg	1x1/delapouite/silex.svg
1x1-delapouite-silver-bullet.svg	1x1/delapouite/silver-bullet.svg
1x1-delapouite-sinagot.svg	1x1/delapouite/sinagot.svg
1x1-delapouite-sinking-ship.svg	1x1/delapouite/sinking-ship.svg
1x1-delapouite-sitting-dog.svg	1x1/delapouite/sitting-dog.svg
1x1-delapouite-skateboard.svg	1x1/delapouite/skateboard.svg
1x1-delapouite-skeletal-hand.svg	1x1/delapouite/skeletal-hand.svg
1x1-delapouite-ski-boot.svg	1x1/delapouite/ski-boot.svg
1x1-delapouite-skier.svg	1x1/delapouite/skier.svg
1x1-delapouite-skills.svg	1x1/delapouite/skills.svg
1x1-delapouite-skimmer-hat.svg	1x1/delapouite/skimmer-hat.svg
1x1-delapouite-skipping-rope.svg	1x1/delapouite/skipping-rope.svg
1x1-delapouite-skirt.svg	1x1/delapouite/skirt.svg
1x1-delapouite-skis.svg	1x1/delapouite/skis.svg
1x1-delapouite-skull-staff.svg	1x1/delapouite/skull-staff.svg
1x1-delapouite-slalom.svg	1x1/delapouite/slalom.svg
1x1-delapouite-sleeping-bag.svg	1x1/delapouite/sleeping-bag.svg
1x1-delapouite-sleeveless-jacket.svg	1x1/delapouite/sleeveless-jacket.svg
1x1-delapouite-sleeveless-top.svg	1x1/delapouite/sleeveless-top.svg
1x1-delapouite-sliced-mushroom.svg	1x1/delapouite/sliced-mushroom.svg
1x1-delapouite-sliced-sausage.svg	1x1/delapouite/sliced-sausage.svg
1x1-delapouite-slime.svg	1x1/delapouite/slime.svg
1x1-delapouite-sling.svg	1x1/delapouite/sling.svg
1x1-delapouite-slingshot.svg	1x1/delapouite/slingshot.svg
1x1-delapouite-slipknot.svg	1x1/delapouite/slipknot.svg
1x1-delapouite-slippers.svg	1x1/delapouite/slippers.svg
1x1-delapouite-slumbering-sanctuary.svg	1x1/delapouite/slumbering-sanctuary.svg
1x1-delapouite-smart.svg	1x1/delapouite/smart.svg
1x1-delapouite-smartphone.svg	1x1/delapouite/smartphone.svg
1x1-delapouite-smoking-pipe.svg	1x1/delapouite/smoking-pipe.svg
1x1-delapouite-smoking-volcano.svg	1x1/delapouite/smoking-volcano.svg
1x1-delapouite-snail-eyes.svg	1x1/delapouite/snail-eyes.svg
1x1-delapouite-snake-egg.svg	1x1/delapouite/snake-egg.svg
1x1-delapouite-snake-jar.svg	1x1/delapouite/snake-jar.svg
1x1-delapouite-snake-spiral.svg	1x1/delapouite/snake-spiral.svg
1x1-delapouite-snake-tongue.svg	1x1/delapouite/snake-tongue.svg
1x1-delapouite-sniffing-dog.svg	1x1/delapouite/sniffing-dog.svg
1x1-delapouite-snitch-quidditch-ball.svg	1x1/delapouite/snitch-quidditch-ball.svg
1x1-delapouite-snowboard.svg	1x1/delapouite/snowboard.svg
1x1-delapouite-soap.svg	1x1/delapouite/soap.svg
1x1-delapouite-soccer-ball.svg	1x1/delapouite/soccer-ball.svg
1x1-delapouite-soccer-field.svg	1x1/delapouite/soccer-field.svg
1x1-delapouite-soccer-kick.svg	1x1/delapouite/soccer-kick.svg
1x1-delapouite-socks.svg	1x1/delapouite/socks.svg
1x1-delapouite-sofa.svg	1x1/delapouite/sofa.svg
1x1-delapouite-solar-system.svg	1x1/delapouite/solar-system.svg
1x1-delapouite-solar-time.svg	1x1/delapouite/solar-time.svg
1x1-delapouite-solid-leaf.svg	1x1/delapouite/solid-leaf.svg
1x1-delapouite-sombrero.svg	1x1/delapouite/sombrero.svg
1x1-delapouite-sonic-shoes.svg	1x1/delapouite/sonic-shoes.svg
1x1-delapouite-soul-vessel.svg	1x1/delapouite/soul-vessel.svg
1x1-delapouite-soul.svg	1x1/delapouite/soul.svg
1x1-delapouite-sound-off.svg	1x1/delapouite/sound-off.svg
1x1-delapouite-sound-on.svg	1x1/delapouite/sound-on.svg
1x1-delapouite-south-africa-flag.svg	1x1/delapouite/south-africa-flag.svg
1x1-delapouite-south-africa.svg	1x1/delapouite/south-africa.svg
1x1-delapouite-south-america.svg	1x1/delapouite/south-america.svg
1x1-delapouite-south-korea.svg	1x1/delapouite/south-korea.svg
1x1-delapouite-space-needle.svg	1x1/delapouite/space-needle.svg
1x1-delapouite-space-shuttle.svg	1x1/delapouite/space-shuttle.svg
1x1-delapouite-spaceship.svg	1x1/delapouite/spaceship.svg
1x1-delapouite-spain.svg	1x1/delapouite/spain.svg
1x1-delapouite-spark-plug.svg	1x1/delapouite/spark-plug.svg
1x1-delapouite-sparkles.svg	1x1/delapouite/sparkles.svg
1x1-delapouite-spartan-helmet.svg	1x1/delapouite/spartan-helmet.svg
1x1-delapouite-speaker-off.svg	1x1/delapouite/speaker-off.svg
1x1-delapouite-speaker.svg	1x1/delapouite/speaker.svg
1x1-delapouite-spear-feather.svg	1x1/delapouite/spear-feather.svg
1x1-delapouite-spearfishing.svg	1x1/delapouite/spearfishing.svg
1x1-delapouite-speed-boat.svg	1x1/delapouite/speed-boat.svg
1x1-delapouite-speedometer.svg	1x1/delapouite/speedometer.svg
1x1-delapouite-spell-book.svg	1x1/delapouite/spell-book.svg
1x1-delapouite-sperm-whale.svg	1x1/delapouite/sperm-whale.svg
1x1-delapouite-spider-bot.svg	1x1/delapouite/spider-bot.svg
1x1-delapouite-spider-eye.svg	1x1/delapouite/spider-eye.svg
1x1-delapouite-spider-mask.svg	1x1/delapouite/spider-mask.svg
1x1-delapouite-spiked-dragon-head.svg	1x1/delapouite/spiked-dragon-head.svg
1x1-delapouite-spiked-shield.svg	1x1/delapouite/spiked-shield.svg
1x1-delapouite-spiked-shoulder-armor.svg	1x1/delapouite/spiked-shoulder-armor.svg
1x1-delapouite-spiked-trunk.svg	1x1/delapouite/spiked-trunk.svg
1x1-delapouite-spiked-wall.svg	1x1/delapouite/spiked-wall.svg
1x1-delapouite-spiky-pit.svg	1x1/delapouite/spiky-pit.svg
1x1-delapouite-spiky-wing.svg	1x1/delapouite/spiky-wing.svg
1x1-delapouite-spiral-hilt.svg	1x1/delapouite/spiral-hilt.svg
1x1-delapouite-spiral-lollipop.svg	1x1/delapouite/spiral-lollipop.svg
1x1-delapouite-split-arrows.svg	1x1/delapouite/split-arrows.svg
1x1-delapouite-spock-hand.svg	1x1/delapouite/spock-hand.svg
1x1-delapouite-spooky-house.svg	1x1/delapouite/spooky-house.svg
1x1-delapouite-sport-medal.svg	1x1/delapouite/sport-medal.svg
1x1-delapouite-spring.svg	1x1/delapouite/spring.svg
1x1-delapouite-spy.svg	1x1/delapouite/spy.svg
1x1-delapouite-square.svg	1x1/delapouite/square.svg
1x1-delapouite-squirrel.svg	1x1/delapouite/squirrel.svg
1x1-delapouite-sri-lanka.svg	1x1/delapouite/sri-lanka.svg
1x1-delapouite-stabbed-note.svg	1x1/delapouite/stabbed-note.svg
1x1-delapouite-stable.svg	1x1/delapouite/stable.svg
1x1-delapouite-stack.svg	1x1/delapouite/stack.svg
1x1-delapouite-stairs-cake.svg	1x1/delapouite/stairs-cake.svg
1x1-delapouite-stairs-goal.svg	1x1/delapouite/stairs-goal.svg
1x1-delapouite-stairs.svg	1x1/delapouite/stairs.svg
1x1-delapouite-stake-hammer.svg	1x1/delapouite/stake-hammer.svg
1x1-delapouite-stakes-fence.svg	1x1/delapouite/stakes-fence.svg
1x1-delapouite-stalactites.svg	1x1/delapouite/stalactites.svg
1x1-delapouite-stamper.svg	1x1/delapouite/stamper.svg
1x1-delapouite-star-altar.svg	1x1/delapouite/star-altar.svg
1x1-delapouite-star-flag.svg	1x1/delapouite/star-flag.svg
1x1-delapouite-star-formation.svg	1x1/delapouite/star-formation.svg
1x1-delapouite-star-gate.svg	1x1/delapouite/star-gate.svg
1x1-delapouite-star-key.svg	1x1/delapouite/star-key.svg
1x1-delapouite-star-medal.svg	1x1/delapouite/star-medal.svg
1x1-delapouite-star-struck.svg	1x1/delapouite/star-struck.svg
1x1-delapouite-starfighter.svg	1x1/delapouite/starfighter.svg
1x1-delapouite-stars-stack.svg	1x1/delapouite/stars-stack.svg
1x1-delapouite-steak.svg	1x1/delapouite/steak.svg
1x1-delapouite-stealth-bomber.svg	1x1/delapouite/stealth-bomber.svg
1x1-delapouite-steam-blast.svg	1x1/delapouite/steam-blast.svg
1x1-delapouite-steam-locomotive.svg	1x1/delapouite/steam-locomotive.svg
1x1-delapouite-steam.svg	1x1/delapouite/steam.svg
1x1-delapouite-steampunk-goggles.svg	1x1/delapouite/steampunk-goggles.svg
1x1-delapouite-steering-wheel.svg	1x1/delapouite/steering-wheel.svg
1x1-delapouite-stegosaurus-scales.svg	1x1/delapouite/stegosaurus-scales.svg
1x1-delapouite-stethoscope.svg	1x1/delapouite/stethoscope.svg
1x1-delapouite-stick-frame.svg	1x1/delapouite/stick-frame.svg
1x1-delapouite-sticky-boot.svg	1x1/delapouite/sticky-boot.svg
1x1-delapouite-stockpiles.svg	1x1/delapouite/stockpiles.svg
1x1-delapouite-stomach.svg	1x1/delapouite/stomach.svg
1x1-delapouite-stone-bridge.svg	1x1/delapouite/stone-bridge.svg
1x1-delapouite-stone-bust.svg	1x1/delapouite/stone-bust.svg
1x1-delapouite-stone-path.svg	1x1/delapouite/stone-path.svg
1x1-delapouite-stone-pile.svg	1x1/delapouite/stone-pile.svg
1x1-delapouite-stone-stack.svg	1x1/delapouite/stone-stack.svg
1x1-delapouite-stone-wall.svg	1x1/delapouite/stone-wall.svg
1x1-delapouite-stone-wheel.svg	1x1/delapouite/stone-wheel.svg
1x1-delapouite-stop-sign.svg	1x1/delapouite/stop-sign.svg
1x1-delapouite-stork-delivery.svg	1x1/delapouite/stork-delivery.svg
1x1-delapouite-straight-pipe.svg	1x1/delapouite/straight-pipe.svg
1x1-delapouite-strawberry.svg	1x1/delapouite/strawberry.svg
1x1-delapouite-street-light.svg	1x1/delapouite/street-light.svg
1x1-delapouite-striped-sun.svg	1x1/delapouite/striped-sun.svg
1x1-delapouite-strong-man.svg	1x1/delapouite/strong-man.svg
1x1-delapouite-strongbox.svg	1x1/delapouite/strongbox.svg
1x1-delapouite-stump-regrowth.svg	1x1/delapouite/stump-regrowth.svg
1x1-delapouite-stun-grenade.svg	1x1/delapouite/stun-grenade.svg
1x1-delapouite-submarine-missile.svg	1x1/delapouite/submarine-missile.svg
1x1-delapouite-submarine.svg	1x1/delapouite/submarine.svg
1x1-delapouite-subway.svg	1x1/delapouite/subway.svg
1x1-delapouite-sugar-cane.svg	1x1/delapouite/sugar-cane.svg
1x1-delapouite-suitcase.svg	1x1/delapouite/suitcase.svg
1x1-delapouite-summits.svg	1x1/delapouite/summits.svg
1x1-delapouite-sun-cloud.svg	1x1/delapouite/sun-cloud.svg
1x1-delapouite-sun-priest.svg	1x1/delapouite/sun-priest.svg
1x1-delapouite-sun-spear.svg	1x1/delapouite/sun-spear.svg
1x1-delapouite-sunflower.svg	1x1/delapouite/sunflower.svg
1x1-delapouite-sunglasses.svg	1x1/delapouite/sunglasses.svg
1x1-delapouite-sunrise.svg	1x1/delapouite/sunrise.svg
1x1-delapouite-sunset.svg	1x1/delapouite/sunset.svg
1x1-delapouite-surf-board.svg	1x1/delapouite/surf-board.svg
1x1-delapouite-surfer-van.svg	1x1/delapouite/surfer-van.svg
1x1-delapouite-sushis.svg	1x1/delapouite/sushis.svg
1x1-delapouite-suspension-bridge.svg	1x1/delapouite/suspension-bridge.svg
1x1-delapouite-sverd-i-fjell.svg	1x1/delapouite/sverd-i-fjell.svg
1x1-delapouite-swallow.svg	1x1/delapouite/swallow.svg
1x1-delapouite-swallower.svg	1x1/delapouite/swallower.svg
1x1-delapouite-swamp-bat.svg	1x1/delapouite/swamp-bat.svg
1x1-delapouite-swamp.svg	1x1/delapouite/swamp.svg
1x1-delapouite-swimfins.svg	1x1/delapouite/swimfins.svg
1x1-delapouite-swipe-card.svg	1x1/delapouite/swipe-card.svg
1x1-delapouite-swiss-army-knife.svg	1x1/delapouite/swiss-army-knife.svg
1x1-delapouite-switch-weapon.svg	1x1/delapouite/switch-weapon.svg
1x1-delapouite-switzerland.svg	1x1/delapouite/switzerland.svg
1x1-delapouite-sword-altar.svg	1x1/delapouite/sword-altar.svg
1x1-delapouite-sword-brandish.svg	1x1/delapouite/sword-brandish.svg
1x1-delapouite-sword-mold.svg	1x1/delapouite/sword-mold.svg
1x1-delapouite-swords-power.svg	1x1/delapouite/swords-power.svg
1x1-delapouite-sydney-opera-house.svg	1x1/delapouite/sydney-opera-house.svg
1x1-delapouite-t-brick.svg	1x1/delapouite/t-brick.svg
1x1-delapouite-t-rex-skull.svg	1x1/delapouite/t-rex-skull.svg
1x1-delapouite-t-shirt.svg	1x1/delapouite/t-shirt.svg
1x1-delapouite-table.svg	1x1/delapouite/table.svg
1x1-delapouite-tabletop-players.svg	1x1/delapouite/tabletop-players.svg
1x1-delapouite-tacos.svg	1x1/delapouite/tacos.svg
1x1-delapouite-tadpole.svg	1x1/delapouite/tadpole.svg
1x1-delapouite-take-my-money.svg	1x1/delapouite/take-my-money.svg
1x1-delapouite-tall-bridge.svg	1x1/delapouite/tall-bridge.svg
1x1-delapouite-tally-mark-5.svg	1x1/delapouite/tally-mark-5.svg
1x1-delapouite-tambourine.svg	1x1/delapouite/tambourine.svg
1x1-delapouite-tangerine.svg	1x1/delapouite/tangerine.svg
1x1-delapouite-tank-top.svg	1x1/delapouite/tank-top.svg
1x1-delapouite-tanzania.svg	1x1/delapouite/tanzania.svg
1x1-delapouite-tap.svg	1x1/delapouite/tap.svg
1x1-delapouite-tapir.svg	1x1/delapouite/tapir.svg
1x1-delapouite-target-poster.svg	1x1/delapouite/target-poster.svg
1x1-delapouite-target-prize.svg	1x1/delapouite/target-prize.svg
1x1-delapouite-taurus.svg	1x1/delapouite/taurus.svg
1x1-delapouite-tavern-sign.svg	1x1/delapouite/tavern-sign.svg
1x1-delapouite-teacher.svg	1x1/delapouite/teacher.svg
1x1-delapouite-team-downgrade.svg	1x1/delapouite/team-downgrade.svg
1x1-delapouite-team-idea.svg	1x1/delapouite/team-idea.svg
1x1-delapouite-team-upgrade.svg	1x1/delapouite/team-upgrade.svg
1x1-delapouite-teapot-leaves.svg	1x1/delapouite/teapot-leaves.svg
1x1-delapouite-tee-pipe.svg	1x1/delapouite/tee-pipe.svg
1x1-delapouite-telescope.svg	1x1/delapouite/telescope.svg
1x1-delapouite-templar-shield.svg	1x1/delapouite/templar-shield.svg
1x1-delapouite-temple-door.svg	1x1/delapouite/temple-door.svg
1x1-delapouite-temple-gate.svg	1x1/delapouite/temple-gate.svg
1x1-delapouite-temporary-shield.svg	1x1/delapouite/temporary-shield.svg
1x1-delapouite-tennis-ball.svg	1x1/delapouite/tennis-ball.svg
1x1-delapouite-tennis-court.svg	1x1/delapouite/tennis-court.svg
1x1-delapouite-tennis-racket.svg	1x1/delapouite/tennis-racket.svg
1x1-delapouite-tentacles-barrier.svg	1x1/delapouite/tentacles-barrier.svg
1x1-delapouite-texas.svg	1x1/delapouite/texas.svg
1x1-delapouite-theater-curtains.svg	1x1/delapouite/theater-curtains.svg
1x1-delapouite-theater.svg	1x1/delapouite/theater.svg
1x1-delapouite-thermometer-cold.svg	1x1/delapouite/thermometer-cold.svg
1x1-delapouite-thermometer-hot.svg	1x1/delapouite/thermometer-hot.svg
1x1-delapouite-think.svg	1x1/delapouite/think.svg
1x1-delapouite-thor-hammer.svg	1x1/delapouite/thor-hammer.svg
1x1-delapouite-three-friends.svg	1x1/delapouite/three-friends.svg
1x1-delapouite-throne-king.svg	1x1/delapouite/throne-king.svg
1x1-delapouite-throwing-ball.svg	1x1/delapouite/throwing-ball.svg
1x1-delapouite-thrust-bend.svg	1x1/delapouite/thrust-bend.svg
1x1-delapouite-thumb-down.svg	1x1/delapouite/thumb-down.svg
1x1-delapouite-thumb-up.svg	1x1/delapouite/thumb-up.svg
1x1-delapouite-thwomp.svg	1x1/delapouite/thwomp.svg
1x1-delapouite-tiara.svg	1x1/delapouite/tiara.svg
1x1-delapouite-tic-tac-toe.svg	1x1/delapouite/tic-tac-toe.svg
1x1-delapouite-ticket.svg	1x1/delapouite/ticket.svg
1x1-delapouite-tie.svg	1x1/delapouite/tie.svg
1x1-delapouite-tiger-head.svg	1x1/delapouite/tiger-head.svg
1x1-delapouite-tiger.svg	1x1/delapouite/tiger.svg
1x1-delapouite-tightrope.svg	1x1/delapouite/tightrope.svg
1x1-delapouite-time-dynamite.svg	1x1/delapouite/time-dynamite.svg
1x1-delapouite-time-synchronization.svg	1x1/delapouite/time-synchronization.svg
1x1-delapouite-tipi.svg	1x1/delapouite/tipi.svg
1x1-delapouite-tire-iron-cross.svg	1x1/delapouite/tire-iron-cross.svg
1x1-delapouite-tire-iron.svg	1x1/delapouite/tire-iron.svg
1x1-delapouite-tire-tracks.svg	1x1/delapouite/tire-tracks.svg
1x1-delapouite-tired-eye.svg	1x1/delapouite/tired-eye.svg
1x1-delapouite-toaster.svg	1x1/delapouite/toaster.svg
1x1-delapouite-toggles.svg	1x1/delapouite/toggles.svg
1x1-delapouite-token.svg	1x1/delapouite/token.svg
1x1-delapouite-tomahawk.svg	1x1/delapouite/tomahawk.svg
1x1-delapouite-tomato.svg	1x1/delapouite/tomato.svg
1x1-delapouite-tongue.svg	1x1/delapouite/tongue.svg
1x1-delapouite-toolbox.svg	1x1/delapouite/toolbox.svg
1x1-delapouite-torch.svg	1x1/delapouite/torch.svg
1x1-delapouite-torpedo.svg	1x1/delapouite/torpedo.svg
1x1-delapouite-tortoise.svg	1x1/delapouite/tortoise.svg
1x1-delapouite-totem.svg	1x1/delapouite/totem.svg
1x1-delapouite-toucan.svg	1x1/delapouite/toucan.svg
1x1-delapouite-tow-truck.svg	1x1/delapouite/tow-truck.svg
1x1-delapouite-towel.svg	1x1/delapouite/towel.svg
1x1-delapouite-tower-bridge.svg	1x1/delapouite/tower-bridge.svg
1x1-delapouite-tower-flag.svg	1x1/delapouite/tower-flag.svg
1x1-delapouite-toy-mallet.svg	1x1/delapouite/toy-mallet.svg
1x1-delapouite-tracked-robot.svg	1x1/delapouite/tracked-robot.svg
1x1-delapouite-traffic-cone.svg	1x1/delapouite/traffic-cone.svg
1x1-delapouite-traffic-lights-green.svg	1x1/delapouite/traffic-lights-green.svg
1x1-delapouite-traffic-lights-orange.svg	1x1/delapouite/traffic-lights-orange.svg
1x1-delapouite-traffic-lights-ready-to-go.svg	1x1/delapouite/traffic-lights-ready-to-go.svg
1x1-delapouite-traffic-lights-red.svg	1x1/delapouite/traffic-lights-red.svg
1x1-delapouite-trail.svg	1x1/delapouite/trail.svg
1x1-delapouite-transform.svg	1x1/delapouite/transform.svg
1x1-delapouite-trash-can.svg	1x1/delapouite/trash-can.svg
1x1-delapouite-travel-dress.svg	1x1/delapouite/travel-dress.svg
1x1-delapouite-trebuchet.svg	1x1/delapouite/trebuchet.svg
1x1-delapouite-tree-beehive.svg	1x1/delapouite/tree-beehive.svg
1x1-delapouite-tree-door.svg	1x1/delapouite/tree-door.svg
1x1-delapouite-tree-growth.svg	1x1/delapouite/tree-growth.svg
1x1-delapouite-tree-roots.svg	1x1/delapouite/tree-roots.svg
1x1-delapouite-tree-swing.svg	1x1/delapouite/tree-swing.svg
1x1-delapouite-triangle-target.svg	1x1/delapouite/triangle-target.svg
1x1-delapouite-tribal-gear.svg	1x1/delapouite/tribal-gear.svg
1x1-delapouite-tribal-pendant.svg	1x1/delapouite/tribal-pendant.svg
1x1-delapouite-tribal-shield.svg	1x1/delapouite/tribal-shield.svg
1x1-delapouite-tribunal-jury.svg	1x1/delapouite/tribunal-jury.svg
1x1-delapouite-triceratops-head.svg	1x1/delapouite/triceratops-head.svg
1x1-delapouite-trident-shield.svg	1x1/delapouite/trident-shield.svg
1x1-delapouite-triforce.svg	1x1/delapouite/triforce.svg
1x1-delapouite-trinacria.svg	1x1/delapouite/trinacria.svg
1x1-delapouite-triple-gate.svg	1x1/delapouite/triple-gate.svg
1x1-delapouite-triquetra.svg	1x1/delapouite/triquetra.svg
1x1-delapouite-trireme.svg	1x1/delapouite/trireme.svg
1x1-delapouite-troglodyte.svg	1x1/delapouite/troglodyte.svg
1x1-delapouite-trojan-horse.svg	1x1/delapouite/trojan-horse.svg
1x1-delapouite-trophies-shelf.svg	1x1/delapouite/trophies-shelf.svg
1x1-delapouite-trophy-cup.svg	1x1/delapouite/trophy-cup.svg
1x1-delapouite-tropical-fish.svg	1x1/delapouite/tropical-fish.svg
1x1-delapouite-trowel.svg	1x1/delapouite/trowel.svg
1x1-delapouite-truce.svg	1x1/delapouite/truce.svg
1x1-delapouite-truck.svg	1x1/delapouite/truck.svg
1x1-delapouite-trumpet-flag.svg	1x1/delapouite/trumpet-flag.svg
1x1-delapouite-trumpet.svg	1x1/delapouite/trumpet.svg
1x1-delapouite-trunk-mushroom.svg	1x1/delapouite/trunk-mushroom.svg
1x1-delapouite-tumbleweed.svg	1x1/delapouite/tumbleweed.svg
1x1-delapouite-tunisia.svg	1x1/delapouite/tunisia.svg
1x1-delapouite-turban.svg	1x1/delapouite/turban.svg
1x1-delapouite-turbine.svg	1x1/delapouite/turbine.svg
1x1-delapouite-turnstile.svg	1x1/delapouite/turnstile.svg
1x1-delapouite-tusks-flag.svg	1x1/delapouite/tusks-flag.svg
1x1-delapouite-tv-remote.svg	1x1/delapouite/tv-remote.svg
1x1-delapouite-tv-tower.svg	1x1/delapouite/tv-tower.svg
1x1-delapouite-tv.svg	1x1/delapouite/tv.svg
1x1-delapouite-two-coins.svg	1x1/delapouite/two-coins.svg
1x1-delapouite-two-handed-sword.svg	1x1/delapouite/two-handed-sword.svg
1x1-delapouite-udder.svg	1x1/delapouite/udder.svg
1x1-delapouite-ufo.svg	1x1/delapouite/ufo.svg
1x1-delapouite-uluru.svg	1x1/delapouite/uluru.svg
1x1-delapouite-umbrella-bayonet.svg	1x1/delapouite/umbrella-bayonet.svg
1x1-delapouite-unbalanced.svg	1x1/delapouite/unbalanced.svg
1x1-delapouite-underground-cave.svg	1x1/delapouite/underground-cave.svg
1x1-delapouite-underwear-shorts.svg	1x1/delapouite/underwear-shorts.svg
1x1-delapouite-underwear.svg	1x1/delapouite/underwear.svg
1x1-delapouite-unicorn.svg	1x1/delapouite/unicorn.svg
1x1-delapouite-unicycle.svg	1x1/delapouite/unicycle.svg
1x1-delapouite-union-jack.svg	1x1/delapouite/union-jack.svg
1x1-delapouite-up-card.svg	1x1/delapouite/up-card.svg
1x1-delapouite-upgrade.svg	1x1/delapouite/upgrade.svg
1x1-delapouite-uprising.svg	1x1/delapouite/uprising.svg
1x1-delapouite-ursa-major.svg	1x1/delapouite/ursa-major.svg
1x1-delapouite-uruguay.svg	1x1/delapouite/uruguay.svg
1x1-delapouite-usa-flag.svg	1x1/delapouite/usa-flag.svg
1x1-delapouite-usb-key.svg	1x1/delapouite/usb-key.svg
1x1-delapouite-ushanka.svg	1x1/delapouite/ushanka.svg
1x1-delapouite-uzi.svg	1x1/delapouite/uzi.svg
1x1-delapouite-vacuum-cleaner.svg	1x1/delapouite/vacuum-cleaner.svg
1x1-delapouite-valve.svg	1x1/delapouite/valve.svg
1x1-delapouite-vampire-cape.svg	1x1/delapouite/vampire-cape.svg
1x1-delapouite-vampire-dracula.svg	1x1/delapouite/vampire-dracula.svg
1x1-delapouite-van-damme-split.svg	1x1/delapouite/van-damme-split.svg
1x1-delapouite-velocipede.svg	1x1/delapouite/velocipede.svg
1x1-delapouite-velociraptor-tracks.svg	1x1/delapouite/velociraptor-tracks.svg
1x1-delapouite-velociraptor.svg	1x1/delapouite/velociraptor.svg
1x1-delapouite-vending-machine.svg	1x1/delapouite/vending-machine.svg
1x1-delapouite-venezuela.svg	1x1/delapouite/venezuela.svg
1x1-delapouite-venus-of-willendorf.svg	1x1/delapouite/venus-of-willendorf.svg
1x1-delapouite-vertical-banner.svg	1x1/delapouite/vertical-banner.svg
1x1-delapouite-vertical-flip.svg	1x1/delapouite/vertical-flip.svg
1x1-delapouite-vibrating-shield.svg	1x1/delapouite/vibrating-shield.svg
1x1-delapouite-vibrating-smartphone.svg	1x1/delapouite/vibrating-smartphone.svg
1x1-delapouite-video-camera.svg	1x1/delapouite/video-camera.svg
1x1-delapouite-video-conference.svg	1x1/delapouite/video-conference.svg
1x1-delapouite-viking-church.svg	1x1/delapouite/viking-church.svg
1x1-delapouite-viking-head.svg	1x1/delapouite/viking-head.svg
1x1-delapouite-viking-helmet.svg	1x1/delapouite/viking-helmet.svg
1x1-delapouite-viking-longhouse.svg	1x1/delapouite/viking-longhouse.svg
1x1-delapouite-viking-shield.svg	1x1/delapouite/viking-shield.svg
1x1-delapouite-village.svg	1x1/delapouite/village.svg
1x1-delapouite-vines.svg	1x1/delapouite/vines.svg
1x1-delapouite-virgo.svg	1x1/delapouite/virgo.svg
1x1-delapouite-virtual-marker.svg	1x1/delapouite/virtual-marker.svg
1x1-delapouite-vitruvian-man.svg	1x1/delapouite/vitruvian-man.svg
1x1-delapouite-volleyball-ball.svg	1x1/delapouite/volleyball-ball.svg
1x1-delapouite-vote.svg	1x1/delapouite/vote.svg
1x1-delapouite-vr-headset.svg	1x1/delapouite/vr-headset.svg
1x1-delapouite-vuvuzelas.svg	1x1/delapouite/vuvuzelas.svg
1x1-delapouite-walk.svg	1x1/delapouite/walk.svg
1x1-delapouite-walkie-talkie.svg	1x1/delapouite/walkie-talkie.svg
1x1-delapouite-walking-scout.svg	1x1/delapouite/walking-scout.svg
1x1-delapouite-walking-turret.svg	1x1/delapouite/walking-turret.svg
1x1-delapouite-wall-light.svg	1x1/delapouite/wall-light.svg
1x1-delapouite-wallet.svg	1x1/delapouite/wallet.svg
1x1-delapouite-walrus-head.svg	1x1/delapouite/walrus-head.svg
1x1-delapouite-wanted-reward.svg	1x1/delapouite/wanted-reward.svg
1x1-delapouite-war-axe.svg	1x1/delapouite/war-axe.svg
1x1-delapouite-war-bonnet.svg	1x1/delapouite/war-bonnet.svg
1x1-delapouite-war-pick.svg	1x1/delapouite/war-pick.svg
1x1-delapouite-warehouse.svg	1x1/delapouite/warehouse.svg
1x1-delapouite-warhammer.svg	1x1/delapouite/warhammer.svg
1x1-delapouite-warlock-eye.svg	1x1/delapouite/warlock-eye.svg
1x1-delapouite-warlock-hood.svg	1x1/delapouite/warlock-hood.svg
1x1-delapouite-warp-pipe.svg	1x1/delapouite/warp-pipe.svg
1x1-delapouite-washing-machine.svg	1x1/delapouite/washing-machine.svg
1x1-delapouite-watch.svg	1x1/delapouite/watch.svg
1x1-delapouite-watchtower.svg	1x1/delapouite/watchtower.svg
1x1-delapouite-water-bottle.svg	1x1/delapouite/water-bottle.svg
1x1-delapouite-water-diviner-stick.svg	1x1/delapouite/water-diviner-stick.svg
1x1-delapouite-water-flask.svg	1x1/delapouite/water-flask.svg
1x1-delapouite-water-fountain.svg	1x1/delapouite/water-fountain.svg
1x1-delapouite-water-gallon.svg	1x1/delapouite/water-gallon.svg
1x1-delapouite-water-gun.svg	1x1/delapouite/water-gun.svg
1x1-delapouite-water-polo.svg	1x1/delapouite/water-polo.svg
1x1-delapouite-water-recycling.svg	1x1/delapouite/water-recycling.svg
1x1-delapouite-water-tank.svg	1x1/delapouite/water-tank.svg
1x1-delapouite-water-tower.svg	1x1/delapouite/water-tower.svg
1x1-delapouite-waterfall.svg	1x1/delapouite/waterfall.svg
1x1-delapouite-watering-can.svg	1x1/delapouite/watering-can.svg
1x1-delapouite-watermelon.svg	1x1/delapouite/watermelon.svg
1x1-delapouite-waterskin.svg	1x1/delapouite/waterskin.svg
1x1-delapouite-wave-surfer.svg	1x1/delapouite/wave-surfer.svg
1x1-delapouite-wax-tablet.svg	1x1/delapouite/wax-tablet.svg
1x1-delapouite-weight-lifting-down.svg	1x1/delapouite/weight-lifting-down.svg
1x1-delapouite-weight-lifting-up.svg	1x1/delapouite/weight-lifting-up.svg
1x1-delapouite-weight-scale.svg	1x1/delapouite/weight-scale.svg
1x1-delapouite-weight.svg	1x1/delapouite/weight.svg
1x1-delapouite-well.svg	1x1/delapouite/well.svg
1x1-delapouite-western-hat.svg	1x1/delapouite/western-hat.svg
1x1-delapouite-whale-tail.svg	1x1/delapouite/whale-tail.svg
1x1-delapouite-wheelbarrow.svg	1x1/delapouite/wheelbarrow.svg
1x1-delapouite-whisk.svg	1x1/delapouite/whisk.svg
1x1-delapouite-whistle.svg	1x1/delapouite/whistle.svg
1x1-delapouite-wifi-router.svg	1x1/delapouite/wifi-router.svg
1x1-delapouite-wind-turbine.svg	1x1/delapouite/wind-turbine.svg
1x1-delapouite-windmill.svg	1x1/delapouite/windmill.svg
1x1-delapouite-window-bars.svg	1x1/delapouite/window-bars.svg
1x1-delapouite-window.svg	1x1/delapouite/window.svg
1x1-delapouite-windpump.svg	1x1/delapouite/windpump.svg
1x1-delapouite-windsock.svg	1x1/delapouite/windsock.svg
1x1-delapouite-wine-bottle.svg	1x1/delapouite/wine-bottle.svg
1x1-delapouite-winged-scepter.svg	1x1/delapouite/winged-scepter.svg
1x1-delapouite-winter-gloves.svg	1x1/delapouite/winter-gloves.svg
1x1-delapouite-winter-hat.svg	1x1/delapouite/winter-hat.svg
1x1-delapouite-wire-coil.svg	1x1/delapouite/wire-coil.svg
1x1-delapouite-wireframe-globe.svg	1x1/delapouite/wireframe-globe.svg
1x1-delapouite-wisdom.svg	1x1/delapouite/wisdom.svg
1x1-delapouite-wizard-face.svg	1x1/delapouite/wizard-face.svg
1x1-delapouite-wolverine-claws.svg	1x1/delapouite/wolverine-claws.svg
1x1-delapouite-woman-elf-face.svg	1x1/delapouite/woman-elf-face.svg
1x1-delapouite-wood-beam.svg	1x1/delapouite/wood-beam.svg
1x1-delapouite-wood-cabin.svg	1x1/delapouite/wood-cabin.svg
1x1-delapouite-wood-canoe.svg	1x1/delapouite/wood-canoe.svg
1x1-delapouite-wood-club.svg	1x1/delapouite/wood-club.svg
1x1-delapouite-wood-frame.svg	1x1/delapouite/wood-frame.svg
1x1-delapouite-wood-pile.svg	1x1/delapouite/wood-pile.svg
1x1-delapouite-wood-stick.svg	1x1/delapouite/wood-stick.svg
1x1-delapouite-wooden-chair.svg	1x1/delapouite/wooden-chair.svg
1x1-delapouite-wooden-clogs.svg	1x1/delapouite/wooden-clogs.svg
1x1-delapouite-wooden-crate.svg	1x1/delapouite/wooden-crate.svg
1x1-delapouite-wooden-pegleg.svg	1x1/delapouite/wooden-pegleg.svg
1x1-delapouite-wooden-pier.svg	1x1/delapouite/wooden-pier.svg
1x1-delapouite-wool.svg	1x1/delapouite/wool.svg
1x1-delapouite-worms.svg	1x1/delapouite/worms.svg
1x1-delapouite-xylophone.svg	1x1/delapouite/xylophone.svg
1x1-delapouite-yarn.svg	1x1/delapouite/yarn.svg
1x1-delapouite-yin-yang.svg	1x1/delapouite/yin-yang.svg
1x1-delapouite-yunluo.svg	1x1/delapouite/yunluo.svg
1x1-delapouite-z-brick.svg	1x1/delapouite/z-brick.svg
1x1-delapouite-zat-gun.svg	1x1/delapouite/zat-gun.svg
1x1-delapouite-zigzag-hieroglyph.svg	1x1/delapouite/zigzag-hieroglyph.svg
1x1-delapouite-zipper.svg	1x1/delapouite/zipper.svg
1x1-faithtoken-card-discard.svg	1x1/faithtoken/card-discard.svg
1x1-faithtoken-card-draw.svg	1x1/faithtoken/card-draw.svg
1x1-faithtoken-card-pick.svg	1x1/faithtoken/card-pick.svg
1x1-faithtoken-card-random.svg	1x1/faithtoken/card-random.svg
1x1-faithtoken-dragon-head.svg	1x1/faithtoken/dragon-head.svg
1x1-faithtoken-forward-sun.svg	1x1/faithtoken/forward-sun.svg
1x1-faithtoken-minerals.svg	1x1/faithtoken/minerals.svg
1x1-faithtoken-nautilus-shell.svg	1x1/faithtoken/nautilus-shell.svg
1x1-faithtoken-ninja-star.svg	1x1/faithtoken/ninja-star.svg
1x1-faithtoken-ore.svg	1x1/faithtoken/ore.svg
1x1-felbrigg-dodge.svg	1x1/felbrigg/dodge.svg
1x1-felbrigg-overhead.svg	1x1/felbrigg/overhead.svg
1x1-felbrigg-sideswipe.svg	1x1/felbrigg/sideswipe.svg
1x1-felbrigg-thrust.svg	1x1/felbrigg/thrust.svg
1x1-felbrigg-underhand.svg	1x1/felbrigg/underhand.svg
1x1-generalace135-fingers-crossed.svg	1x1/generalace135/fingers-crossed.svg
1x1-generalace135-shepherds-crook.svg	1x1/generalace135/shepherds-crook.svg
1x1-guard13007-pause-button.svg	1x1/guard13007/pause-button.svg
1x1-guard13007-play-button.svg	1x1/guard13007/play-button.svg
1x1-guard13007-soda-can.svg	1x1/guard13007/soda-can.svg
1x1-heavenly-dog-catapult.svg	1x1/heavenly-dog/catapult.svg
1x1-heavenly-dog-defensive-wall.svg	1x1/heavenly-dog/defensive-wall.svg
1x1-irongamer-armored-pants.svg	1x1/irongamer/armored-pants.svg
1x1-john-colburn-pistol-gun.svg	1x1/john-colburn/pistol-gun.svg
1x1-john-redman-paper.svg	1x1/john-redman/paper.svg
1x1-john-redman-rock.svg	1x1/john-redman/rock.svg
1x1-john-redman-scissors.svg	1x1/john-redman/scissors.svg
1x1-kier-heyl-dwarf-helmet.svg	1x1/kier-heyl/dwarf-helmet.svg
1x1-kier-heyl-dwarf-king.svg	1x1/kier-heyl/dwarf-king.svg
1x1-kier-heyl-elf-helmet.svg	1x1/kier-heyl/elf-helmet.svg
1x1-lorc-ace.svg	1x1/lorc/ace.svg
1x1-lorc-acid-blob.svg	1x1/lorc/acid-blob.svg
1x1-lorc-acorn.svg	1x1/lorc/acorn.svg
1x1-lorc-aerial-signal.svg	1x1/lorc/aerial-signal.svg
1x1-lorc-aerodynamic-harpoon.svg	1x1/lorc/aerodynamic-harpoon.svg
1x1-lorc-aerosol.svg	1x1/lorc/aerosol.svg
1x1-lorc-afterburn.svg	1x1/lorc/afterburn.svg
1x1-lorc-air-zigzag.svg	1x1/lorc/air-zigzag.svg
1x1-lorc-alien-fire.svg	1x1/lorc/alien-fire.svg
1x1-lorc-alien-skull.svg	1x1/lorc/alien-skull.svg
1x1-lorc-alien-stare.svg	1x1/lorc/alien-stare.svg
1x1-lorc-all-for-one.svg	1x1/lorc/all-for-one.svg
1x1-lorc-alligator-clip.svg	1x1/lorc/alligator-clip.svg
1x1-lorc-ammonite-fossil.svg	1x1/lorc/ammonite-fossil.svg
1x1-lorc-ammonite.svg	1x1/lorc/ammonite.svg
1x1-lorc-anatomy.svg	1x1/lorc/anatomy.svg
1x1-lorc-anchor.svg	1x1/lorc/anchor.svg
1x1-lorc-android-mask.svg	1x1/lorc/android-mask.svg
1x1-lorc-andromeda-chain.svg	1x1/lorc/andromeda-chain.svg
1x1-lorc-angel-outfit.svg	1x1/lorc/angel-outfit.svg
1x1-lorc-angel-wings.svg	1x1/lorc/angel-wings.svg
1x1-lorc-angler-fish.svg	1x1/lorc/angler-fish.svg
1x1-lorc-angular-spider.svg	1x1/lorc/angular-spider.svg
1x1-lorc-animal-skull.svg	1x1/lorc/animal-skull.svg
1x1-lorc-ankh.svg	1x1/lorc/ankh.svg
1x1-lorc-anthem.svg	1x1/lorc/anthem.svg
1x1-lorc-anvil-impact.svg	1x1/lorc/anvil-impact.svg
1x1-lorc-anvil.svg	1x1/lorc/anvil.svg
1x1-lorc-apple-maggot.svg	1x1/lorc/apple-maggot.svg
1x1-lorc-apple-seeds.svg	1x1/lorc/apple-seeds.svg
1x1-lorc-archery-target.svg	1x1/lorc/archery-target.svg
1x1-lorc-architect-mask.svg	1x1/lorc/architect-mask.svg
1x1-lorc-arcing-bolt.svg	1x1/lorc/arcing-bolt.svg
1x1-lorc-armadillo-tail.svg	1x1/lorc/armadillo-tail.svg
1x1-lorc-armor-vest.svg	1x1/lorc/armor-vest.svg
1x1-lorc-armoured-shell.svg	1x1/lorc/armoured-shell.svg
1x1-lorc-arrow-cluster.svg	1x1/lorc/arrow-cluster.svg
1x1-lorc-arrow-dunk.svg	1x1/lorc/arrow-dunk.svg
1x1-lorc-arrow-flights.svg	1x1/lorc/arrow-flights.svg
1x1-lorc-arrow-scope.svg	1x1/lorc/arrow-scope.svg
1x1-lorc-arrowed.svg	1x1/lorc/arrowed.svg
1x1-lorc-arrowhead.svg	1x1/lorc/arrowhead.svg
1x1-lorc-arrows-shield.svg	1x1/lorc/arrows-shield.svg
1x1-lorc-arson.svg	1x1/lorc/arson.svg
1x1-lorc-artificial-hive.svg	1x1/lorc/artificial-hive.svg
1x1-lorc-assassin-pocket.svg	1x1/lorc/assassin-pocket.svg
1x1-lorc-at-sea.svg	1x1/lorc/at-sea.svg
1x1-lorc-atomic-slashes.svg	1x1/lorc/atomic-slashes.svg
1x1-lorc-aubergine.svg	1x1/lorc/aubergine.svg
1x1-lorc-aura.svg	1x1/lorc/aura.svg
1x1-lorc-auto-repair.svg	1x1/lorc/auto-repair.svg
1x1-lorc-autogun.svg	1x1/lorc/autogun.svg
1x1-lorc-automatic-sas.svg	1x1/lorc/automatic-sas.svg
1x1-lorc-awareness.svg	1x1/lorc/awareness.svg
1x1-lorc-axe-in-stump.svg	1x1/lorc/axe-in-stump.svg
1x1-lorc-axe-swing.svg	1x1/lorc/axe-swing.svg
1x1-lorc-back-forth.svg	1x1/lorc/back-forth.svg
1x1-lorc-back-pain.svg	1x1/lorc/back-pain.svg
1x1-lorc-backbone-shell.svg	1x1/lorc/backbone-shell.svg
1x1-lorc-backstab.svg	1x1/lorc/backstab.svg
1x1-lorc-backup.svg	1x1/lorc/backup.svg
1x1-lorc-ball-glow.svg	1x1/lorc/ball-glow.svg
1x1-lorc-ball-heart.svg	1x1/lorc/ball-heart.svg
1x1-lorc-balloons.svg	1x1/lorc/balloons.svg
1x1-lorc-bandage-roll.svg	1x1/lorc/bandage-roll.svg
1x1-lorc-bandaged.svg	1x1/lorc/bandaged.svg
1x1-lorc-barbed-arrow.svg	1x1/lorc/barbed-arrow.svg
1x1-lorc-barbed-coil.svg	1x1/lorc/barbed-coil.svg
1x1-lorc-barbed-nails.svg	1x1/lorc/barbed-nails.svg
1x1-lorc-barbed-spear.svg	1x1/lorc/barbed-spear.svg
1x1-lorc-barbed-star.svg	1x1/lorc/barbed-star.svg
1x1-lorc-barbed-sun.svg	1x1/lorc/barbed-sun.svg
1x1-lorc-barbed-wire.svg	1x1/lorc/barbed-wire.svg
1x1-lorc-barbute.svg	1x1/lorc/barbute.svg
1x1-lorc-barefoot.svg	1x1/lorc/barefoot.svg
1x1-lorc-bat-blade.svg	1x1/lorc/bat-blade.svg
1x1-lorc-bat-wing.svg	1x1/lorc/bat-wing.svg
1x1-lorc-battered-axe.svg	1x1/lorc/battered-axe.svg
1x1-lorc-batteries.svg	1x1/lorc/batteries.svg
1x1-lorc-battle-axe.svg	1x1/lorc/battle-axe.svg
1x1-lorc-battle-gear.svg	1x1/lorc/battle-gear.svg
1x1-lorc-battle-tank.svg	1x1/lorc/battle-tank.svg
1x1-lorc-batwing-emblem.svg	1x1/lorc/batwing-emblem.svg
1x1-lorc-beam-wake.svg	1x1/lorc/beam-wake.svg
1x1-lorc-beams-aura.svg	1x1/lorc/beams-aura.svg
1x1-lorc-beanstalk.svg	1x1/lorc/beanstalk.svg
1x1-lorc-beard.svg	1x1/lorc/beard.svg
1x1-lorc-beast-eye.svg	1x1/lorc/beast-eye.svg
1x1-lorc-bee.svg	1x1/lorc/bee.svg
1x1-lorc-beech.svg	1x1/lorc/beech.svg
1x1-lorc-beer-stein.svg	1x1/lorc/beer-stein.svg
1x1-lorc-beetle-shell.svg	1x1/lorc/beetle-shell.svg
1x1-lorc-behold.svg	1x1/lorc/behold.svg
1x1-lorc-bell-shield.svg	1x1/lorc/bell-shield.svg
1x1-lorc-belt-buckles.svg	1x1/lorc/belt-buckles.svg
1x1-lorc-bestial-fangs.svg	1x1/lorc/bestial-fangs.svg
1x1-lorc-beveled-star.svg	1x1/lorc/beveled-star.svg
1x1-lorc-big-wave.svg	1x1/lorc/big-wave.svg
1x1-lorc-biohazard.svg	1x1/lorc/biohazard.svg
1x1-lorc-bird-claw.svg	1x1/lorc/bird-claw.svg
1x1-lorc-bird-limb.svg	1x1/lorc/bird-limb.svg
1x1-lorc-bird-mask.svg	1x1/lorc/bird-mask.svg
1x1-lorc-bird-twitter.svg	1x1/lorc/bird-twitter.svg
1x1-lorc-black-bar.svg	1x1/lorc/black-bar.svg
1x1-lorc-black-flag.svg	1x1/lorc/black-flag.svg
1x1-lorc-black-hand-shield.svg	1x1/lorc/black-hand-shield.svg
1x1-lorc-black-hole-bolas.svg	1x1/lorc/black-hole-bolas.svg
1x1-lorc-blackball.svg	1x1/lorc/blackball.svg
1x1-lorc-blackcurrant.svg	1x1/lorc/blackcurrant.svg
1x1-lorc-blade-bite.svg	1x1/lorc/blade-bite.svg
1x1-lorc-blade-drag.svg	1x1/lorc/blade-drag.svg
1x1-lorc-blade-fall.svg	1x1/lorc/blade-fall.svg
1x1-lorc-bleeding-eye.svg	1x1/lorc/bleeding-eye.svg
1x1-lorc-bleeding-heart.svg	1x1/lorc/bleeding-heart.svg
1x1-lorc-bleeding-wound.svg	1x1/lorc/bleeding-wound.svg
1x1-lorc-bloody-stash.svg	1x1/lorc/bloody-stash.svg
1x1-lorc-bloody-sword.svg	1x1/lorc/bloody-sword.svg
1x1-lorc-blunderbuss.svg	1x1/lorc/blunderbuss.svg
1x1-lorc-boar-tusks.svg	1x1/lorc/boar-tusks.svg
1x1-lorc-body-swapping.svg	1x1/lorc/body-swapping.svg
1x1-lorc-boiling-bubbles.svg	1x1/lorc/boiling-bubbles.svg
1x1-lorc-bolas.svg	1x1/lorc/bolas.svg
1x1-lorc-bolt-eye.svg	1x1/lorc/bolt-eye.svg
1x1-lorc-bolt-saw.svg	1x1/lorc/bolt-saw.svg
1x1-lorc-bolt-shield.svg	1x1/lorc/bolt-shield.svg
1x1-lorc-bolter-gun.svg	1x1/lorc/bolter-gun.svg
1x1-lorc-bombing-run.svg	1x1/lorc/bombing-run.svg
1x1-lorc-bone-gnawer.svg	1x1/lorc/bone-gnawer.svg
1x1-lorc-bone-knife.svg	1x1/lorc/bone-knife.svg
1x1-lorc-book-aura.svg	1x1/lorc/book-aura.svg
1x1-lorc-book-cover.svg	1x1/lorc/book-cover.svg
1x1-lorc-book-storm.svg	1x1/lorc/book-storm.svg
1x1-lorc-bookmark.svg	1x1/lorc/bookmark.svg
1x1-lorc-bookmarklet.svg	1x1/lorc/bookmarklet.svg
1x1-lorc-boomerang-sun.svg	1x1/lorc/boomerang-sun.svg
1x1-lorc-boot-kick.svg	1x1/lorc/boot-kick.svg
1x1-lorc-boot-prints.svg	1x1/lorc/boot-prints.svg
1x1-lorc-boot-stomp.svg	1x1/lorc/boot-stomp.svg
1x1-lorc-boots.svg	1x1/lorc/boots.svg
1x1-lorc-bordered-shield.svg	1x1/lorc/bordered-shield.svg
1x1-lorc-bottle-vapors.svg	1x1/lorc/bottle-vapors.svg
1x1-lorc-bottled-bolt.svg	1x1/lorc/bottled-bolt.svg
1x1-lorc-bottom-right-3d-arrow.svg	1x1/lorc/bottom-right-3d-arrow.svg
1x1-lorc-bouncing-sword.svg	1x1/lorc/bouncing-sword.svg
1x1-lorc-bowie-knife.svg	1x1/lorc/bowie-knife.svg
1x1-lorc-bowl-spiral.svg	1x1/lorc/bowl-spiral.svg
1x1-lorc-bowling-propulsion.svg	1x1/lorc/bowling-propulsion.svg
1x1-lorc-bowman.svg	1x1/lorc/bowman.svg
1x1-lorc-boxing-glove-surprise.svg	1x1/lorc/boxing-glove-surprise.svg
1x1-lorc-boxing-glove.svg	1x1/lorc/boxing-glove.svg
1x1-lorc-brain-freeze.svg	1x1/lorc/brain-freeze.svg
1x1-lorc-brain-stem.svg	1x1/lorc/brain-stem.svg
1x1-lorc-brain.svg	1x1/lorc/brain.svg
1x1-lorc-brainstorm.svg	1x1/lorc/brainstorm.svg
1x1-lorc-branch-arrow.svg	1x1/lorc/branch-arrow.svg
1x1-lorc-brandy-bottle.svg	1x1/lorc/brandy-bottle.svg
1x1-lorc-brass-eye.svg	1x1/lorc/brass-eye.svg
1x1-lorc-breastplate.svg	1x1/lorc/breastplate.svg
1x1-lorc-bridge.svg	1x1/lorc/bridge.svg
1x1-lorc-bright-explosion.svg	1x1/lorc/bright-explosion.svg
1x1-lorc-broad-dagger.svg	1x1/lorc/broad-dagger.svg
1x1-lorc-broadhead-arrow.svg	1x1/lorc/broadhead-arrow.svg
1x1-lorc-broadsword.svg	1x1/lorc/broadsword.svg
1x1-lorc-broken-bone.svg	1x1/lorc/broken-bone.svg
1x1-lorc-broken-bottle.svg	1x1/lorc/broken-bottle.svg
1x1-lorc-broken-heart-zone.svg	1x1/lorc/broken-heart-zone.svg
1x1-lorc-broken-heart.svg	1x1/lorc/broken-heart.svg
1x1-lorc-broken-ribbon.svg	1x1/lorc/broken-ribbon.svg
1x1-lorc-broken-shield.svg	1x1/lorc/broken-shield.svg
1x1-lorc-broken-skull.svg	1x1/lorc/broken-skull.svg
1x1-lorc-broken-tablet.svg	1x1/lorc/broken-tablet.svg
1x1-lorc-bubble-field.svg	1x1/lorc/bubble-field.svg
1x1-lorc-bubbles.svg	1x1/lorc/bubbles.svg
1x1-lorc-bubbling-beam.svg	1x1/lorc/bubbling-beam.svg
1x1-lorc-bubbling-bowl.svg	1x1/lorc/bubbling-bowl.svg
1x1-lorc-bubbling-flask.svg	1x1/lorc/bubbling-flask.svg
1x1-lorc-bud.svg	1x1/lorc/bud.svg
1x1-lorc-bugle-call.svg	1x1/lorc/bugle-call.svg
1x1-lorc-bulb.svg	1x1/lorc/bulb.svg
1x1-lorc-bull-horns.svg	1x1/lorc/bull-horns.svg
1x1-lorc-bull.svg	1x1/lorc/bull.svg
1x1-lorc-bullets.svg	1x1/lorc/bullets.svg
1x1-lorc-burning-blobs.svg	1x1/lorc/burning-blobs.svg
1x1-lorc-burning-book.svg	1x1/lorc/burning-book.svg
1x1-lorc-burning-dot.svg	1x1/lorc/burning-dot.svg
1x1-lorc-burning-embers.svg	1x1/lorc/burning-embers.svg
1x1-lorc-burning-eye.svg	1x1/lorc/burning-eye.svg
1x1-lorc-burning-meteor.svg	1x1/lorc/burning-meteor.svg
1x1-lorc-burning-passion.svg	1x1/lorc/burning-passion.svg
1x1-lorc-burning-round-shot.svg	1x1/lorc/burning-round-shot.svg
1x1-lorc-burning-tree.svg	1x1/lorc/burning-tree.svg
1x1-lorc-burst-blob.svg	1x1/lorc/burst-blob.svg
1x1-lorc-butterfly-warning.svg	1x1/lorc/butterfly-warning.svg
1x1-lorc-butterfly.svg	1x1/lorc/butterfly.svg
1x1-lorc-caged-ball.svg	1x1/lorc/caged-ball.svg
1x1-lorc-cake-slice.svg	1x1/lorc/cake-slice.svg
1x1-lorc-caldera.svg	1x1/lorc/caldera.svg
1x1-lorc-campfire.svg	1x1/lorc/campfire.svg
1x1-lorc-candle-flame.svg	1x1/lorc/candle-flame.svg
1x1-lorc-candle-holder.svg	1x1/lorc/candle-holder.svg
1x1-lorc-candle-light.svg	1x1/lorc/candle-light.svg
1x1-lorc-candle-skull.svg	1x1/lorc/candle-skull.svg
1x1-lorc-candlebright.svg	1x1/lorc/candlebright.svg
1x1-lorc-cannister.svg	1x1/lorc/cannister.svg
1x1-lorc-cannon-ball.svg	1x1/lorc/cannon-ball.svg
1x1-lorc-cannon-shot.svg	1x1/lorc/cannon-shot.svg
1x1-lorc-cannon.svg	1x1/lorc/cannon.svg
1x1-lorc-capitol.svg	1x1/lorc/capitol.svg
1x1-lorc-cargo-crane.svg	1x1/lorc/cargo-crane.svg
1x1-lorc-carillon.svg	1x1/lorc/carillon.svg
1x1-lorc-carnivore-mouth.svg	1x1/lorc/carnivore-mouth.svg
1x1-lorc-carrion.svg	1x1/lorc/carrion.svg
1x1-lorc-cartwheel.svg	1x1/lorc/cartwheel.svg
1x1-lorc-cash.svg	1x1/lorc/cash.svg
1x1-lorc-castle.svg	1x1/lorc/castle.svg
1x1-lorc-cat.svg	1x1/lorc/cat.svg
1x1-lorc-cauldron.svg	1x1/lorc/cauldron.svg
1x1-lorc-celebration-fire.svg	1x1/lorc/celebration-fire.svg
1x1-lorc-centipede.svg	1x1/lorc/centipede.svg
1x1-lorc-chained-arrow-heads.svg	1x1/lorc/chained-arrow-heads.svg
1x1-lorc-chained-heart.svg	1x1/lorc/chained-heart.svg
1x1-lorc-chalice-drops.svg	1x1/lorc/chalice-drops.svg
1x1-lorc-charged-arrow.svg	1x1/lorc/charged-arrow.svg
1x1-lorc-charm.svg	1x1/lorc/charm.svg
1x1-lorc-checkbox-tree.svg	1x1/lorc/checkbox-tree.svg
1x1-lorc-checked-shield.svg	1x1/lorc/checked-shield.svg
1x1-lorc-checkered-diamond.svg	1x1/lorc/checkered-diamond.svg
1x1-lorc-cheerful.svg	1x1/lorc/cheerful.svg
1x1-lorc-cheese-wedge.svg	1x1/lorc/cheese-wedge.svg
1x1-lorc-chemical-arrow.svg	1x1/lorc/chemical-arrow.svg
1x1-lorc-chemical-bolt.svg	1x1/lorc/chemical-bolt.svg
1x1-lorc-chemical-drop.svg	1x1/lorc/chemical-drop.svg
1x1-lorc-chemical-tank.svg	1x1/lorc/chemical-tank.svg
1x1-lorc-chewed-heart.svg	1x1/lorc/chewed-heart.svg
1x1-lorc-chewed-skull.svg	1x1/lorc/chewed-skull.svg
1x1-lorc-chicken-leg.svg	1x1/lorc/chicken-leg.svg
1x1-lorc-chopped-skull.svg	1x1/lorc/chopped-skull.svg
1x1-lorc-circle-cage.svg	1x1/lorc/circle-cage.svg
1x1-lorc-circle-claws.svg	1x1/lorc/circle-claws.svg
1x1-lorc-circle-sparks.svg	1x1/lorc/circle-sparks.svg
1x1-lorc-circuitry.svg	1x1/lorc/circuitry.svg
1x1-lorc-circular-sawblade.svg	1x1/lorc/circular-sawblade.svg
1x1-lorc-claw-hammer.svg	1x1/lorc/claw-hammer.svg
1x1-lorc-claw-slashes.svg	1x1/lorc/claw-slashes.svg
1x1-lorc-claw-string.svg	1x1/lorc/claw-string.svg
1x1-lorc-cloak-dagger.svg	1x1/lorc/cloak-dagger.svg
1x1-lorc-clockwork.svg	1x1/lorc/clockwork.svg
1x1-lorc-cloud-ring.svg	1x1/lorc/cloud-ring.svg
1x1-lorc-cloudy-fork.svg	1x1/lorc/cloudy-fork.svg
1x1-lorc-clout.svg	1x1/lorc/clout.svg
1x1-lorc-clover.svg	1x1/lorc/clover.svg
1x1-lorc-cluster-bomb.svg	1x1/lorc/cluster-bomb.svg
1x1-lorc-cobweb.svg	1x1/lorc/cobweb.svg
1x1-lorc-coffee-mug.svg	1x1/lorc/coffee-mug.svg
1x1-lorc-coffin.svg	1x1/lorc/coffin.svg
1x1-lorc-cog-lock.svg	1x1/lorc/cog-lock.svg
1x1-lorc-cog.svg	1x1/lorc/cog.svg
1x1-lorc-cogsplosion.svg	1x1/lorc/cogsplosion.svg
1x1-lorc-coiling-curl.svg	1x1/lorc/coiling-curl.svg
1x1-lorc-cold-heart.svg	1x1/lorc/cold-heart.svg
1x1-lorc-coma.svg	1x1/lorc/coma.svg
1x1-lorc-comb.svg	1x1/lorc/comb.svg
1x1-lorc-comet-spark.svg	1x1/lorc/comet-spark.svg
1x1-lorc-compass.svg	1x1/lorc/compass.svg
1x1-lorc-concentration-orb.svg	1x1/lorc/concentration-orb.svg
1x1-lorc-concentric-crescents.svg	1x1/lorc/concentric-crescents.svg
1x1-lorc-condor-emblem.svg	1x1/lorc/condor-emblem.svg
1x1-lorc-condylura-skull.svg	1x1/lorc/condylura-skull.svg
1x1-lorc-conversation.svg	1x1/lorc/conversation.svg
1x1-lorc-cool-spices.svg	1x1/lorc/cool-spices.svg
1x1-lorc-corked-tube.svg	1x1/lorc/corked-tube.svg
1x1-lorc-corner-explosion.svg	1x1/lorc/corner-explosion.svg
1x1-lorc-cowled.svg	1x1/lorc/cowled.svg
1x1-lorc-cpu-shot.svg	1x1/lorc/cpu-shot.svg
1x1-lorc-crab-claw.svg	1x1/lorc/crab-claw.svg
1x1-lorc-crab.svg	1x1/lorc/crab.svg
1x1-lorc-cracked-alien-skull.svg	1x1/lorc/cracked-alien-skull.svg
1x1-lorc-cracked-ball-dunk.svg	1x1/lorc/cracked-ball-dunk.svg
1x1-lorc-cracked-disc.svg	1x1/lorc/cracked-disc.svg
1x1-lorc-cracked-glass.svg	1x1/lorc/cracked-glass.svg
1x1-lorc-cracked-helm.svg	1x1/lorc/cracked-helm.svg
1x1-lorc-cracked-mask.svg	1x1/lorc/cracked-mask.svg
1x1-lorc-cracked-saber.svg	1x1/lorc/cracked-saber.svg
1x1-lorc-cracked-shield.svg	1x1/lorc/cracked-shield.svg
1x1-lorc-crags.svg	1x1/lorc/crags.svg
1x1-lorc-crenulated-shield.svg	1x1/lorc/crenulated-shield.svg
1x1-lorc-crescent-blade.svg	1x1/lorc/crescent-blade.svg
1x1-lorc-crested-helmet.svg	1x1/lorc/crested-helmet.svg
1x1-lorc-croc-jaws.svg	1x1/lorc/croc-jaws.svg
1x1-lorc-croc-sword.svg	1x1/lorc/croc-sword.svg
1x1-lorc-croissants-pupil.svg	1x1/lorc/croissants-pupil.svg
1x1-lorc-cross-flare.svg	1x1/lorc/cross-flare.svg
1x1-lorc-cross-mark.svg	1x1/lorc/cross-mark.svg
1x1-lorc-crossed-air-flows.svg	1x1/lorc/crossed-air-flows.svg
1x1-lorc-crossed-axes.svg	1x1/lorc/crossed-axes.svg
1x1-lorc-crossed-bones.svg	1x1/lorc/crossed-bones.svg
1x1-lorc-crossed-chains.svg	1x1/lorc/crossed-chains.svg
1x1-lorc-crossed-claws.svg	1x1/lorc/crossed-claws.svg
1x1-lorc-crossed-pistols.svg	1x1/lorc/crossed-pistols.svg
1x1-lorc-crossed-sabres.svg	1x1/lorc/crossed-sabres.svg
1x1-lorc-crossed-slashes.svg	1x1/lorc/crossed-slashes.svg
1x1-lorc-crossed-swords.svg	1x1/lorc/crossed-swords.svg
1x1-lorc-crosshair-arrow.svg	1x1/lorc/crosshair-arrow.svg
1x1-lorc-crow-dive.svg	1x1/lorc/crow-dive.svg
1x1-lorc-crown-coin.svg	1x1/lorc/crown-coin.svg
1x1-lorc-crown-of-thorns.svg	1x1/lorc/crown-of-thorns.svg
1x1-lorc-crown.svg	1x1/lorc/crown.svg
1x1-lorc-crowned-explosion.svg	1x1/lorc/crowned-explosion.svg
1x1-lorc-crowned-heart.svg	1x1/lorc/crowned-heart.svg
1x1-lorc-crowned-skull.svg	1x1/lorc/crowned-skull.svg
1x1-lorc-crumbling-ball.svg	1x1/lorc/crumbling-ball.svg
1x1-lorc-crystal-ball.svg	1x1/lorc/crystal-ball.svg
1x1-lorc-crystal-bars.svg	1x1/lorc/crystal-bars.svg
1x1-lorc-crystal-cluster.svg	1x1/lorc/crystal-cluster.svg
1x1-lorc-crystal-eye.svg	1x1/lorc/crystal-eye.svg
1x1-lorc-crystal-growth.svg	1x1/lorc/crystal-growth.svg
1x1-lorc-crystal-shine.svg	1x1/lorc/crystal-shine.svg
1x1-lorc-crystal-wand.svg	1x1/lorc/crystal-wand.svg
1x1-lorc-crystalize.svg	1x1/lorc/crystalize.svg
1x1-lorc-cubeforce.svg	1x1/lorc/cubeforce.svg
1x1-lorc-cubes.svg	1x1/lorc/cubes.svg
1x1-lorc-cultist.svg	1x1/lorc/cultist.svg
1x1-lorc-cupidon-arrow.svg	1x1/lorc/cupidon-arrow.svg
1x1-lorc-curled-leaf.svg	1x1/lorc/curled-leaf.svg
1x1-lorc-curled-tentacle.svg	1x1/lorc/curled-tentacle.svg
1x1-lorc-curling-vines.svg	1x1/lorc/curling-vines.svg
1x1-lorc-curly-mask.svg	1x1/lorc/curly-mask.svg
1x1-lorc-curly-wing.svg	1x1/lorc/curly-wing.svg
1x1-lorc-cursed-star.svg	1x1/lorc/cursed-star.svg
1x1-lorc-curvy-knife.svg	1x1/lorc/curvy-knife.svg
1x1-lorc-cut-diamond.svg	1x1/lorc/cut-diamond.svg
1x1-lorc-cut-palm.svg	1x1/lorc/cut-palm.svg
1x1-lorc-cycle.svg	1x1/lorc/cycle.svg
1x1-lorc-cyclops.svg	1x1/lorc/cyclops.svg
1x1-lorc-daemon-skull.svg	1x1/lorc/daemon-skull.svg
1x1-lorc-daggers.svg	1x1/lorc/daggers.svg
1x1-lorc-daisy.svg	1x1/lorc/daisy.svg
1x1-lorc-dark-squad.svg	1x1/lorc/dark-squad.svg
1x1-lorc-dead-eye.svg	1x1/lorc/dead-eye.svg
1x1-lorc-dead-wood.svg	1x1/lorc/dead-wood.svg
1x1-lorc-deadly-strike.svg	1x1/lorc/deadly-strike.svg
1x1-lorc-death-note.svg	1x1/lorc/death-note.svg
1x1-lorc-death-zone.svg	1x1/lorc/death-zone.svg
1x1-lorc-deathcab.svg	1x1/lorc/deathcab.svg
1x1-lorc-decapitation.svg	1x1/lorc/decapitation.svg
1x1-lorc-defibrilate.svg	1x1/lorc/defibrilate.svg
1x1-lorc-delighted.svg	1x1/lorc/delighted.svg
1x1-lorc-demolish.svg	1x1/lorc/demolish.svg
1x1-lorc-dervish-swords.svg	1x1/lorc/dervish-swords.svg
1x1-lorc-desert-skull.svg	1x1/lorc/desert-skull.svg
1x1-lorc-desk-lamp.svg	1x1/lorc/desk-lamp.svg
1x1-lorc-despair.svg	1x1/lorc/despair.svg
1x1-lorc-dew.svg	1x1/lorc/dew.svg
1x1-lorc-diablo-skull.svg	1x1/lorc/diablo-skull.svg
1x1-lorc-diamond-hard.svg	1x1/lorc/diamond-hard.svg
1x1-lorc-diamonds-smile.svg	1x1/lorc/diamonds-smile.svg
1x1-lorc-dig-dug.svg	1x1/lorc/dig-dug.svg
1x1-lorc-dinosaur-bones.svg	1x1/lorc/dinosaur-bones.svg
1x1-lorc-dinosaur-egg.svg	1x1/lorc/dinosaur-egg.svg
1x1-lorc-dinosaur-rex.svg	1x1/lorc/dinosaur-rex.svg
1x1-lorc-direwolf.svg	1x1/lorc/direwolf.svg
1x1-lorc-disc.svg	1x1/lorc/disc.svg
1x1-lorc-disintegrate.svg	1x1/lorc/disintegrate.svg
1x1-lorc-distraction.svg	1x1/lorc/distraction.svg
1x1-lorc-divergence.svg	1x1/lorc/divergence.svg
1x1-lorc-divert.svg	1x1/lorc/divert.svg
1x1-lorc-divided-spiral.svg	1x1/lorc/divided-spiral.svg
1x1-lorc-diving-dagger.svg	1x1/lorc/diving-dagger.svg
1x1-lorc-dna1.svg	1x1/lorc/dna1.svg
1x1-lorc-dna2.svg	1x1/lorc/dna2.svg
1x1-lorc-doctor-face.svg	1x1/lorc/doctor-face.svg
1x1-lorc-dodging.svg	1x1/lorc/dodging.svg
1x1-lorc-domino-mask.svg	1x1/lorc/domino-mask.svg
1x1-lorc-doorway.svg	1x1/lorc/doorway.svg
1x1-lorc-dorsal-scales.svg	1x1/lorc/dorsal-scales.svg
1x1-lorc-double-diaphragm.svg	1x1/lorc/double-diaphragm.svg
1x1-lorc-double-dragon.svg	1x1/lorc/double-dragon.svg
1x1-lorc-double-face-mask.svg	1x1/lorc/double-face-mask.svg
1x1-lorc-double-quaver.svg	1x1/lorc/double-quaver.svg
1x1-lorc-double-ringed-orb.svg	1x1/lorc/double-ringed-orb.svg
1x1-lorc-double-shot.svg	1x1/lorc/double-shot.svg
1x1-lorc-dove.svg	1x1/lorc/dove.svg
1x1-lorc-dozen.svg	1x1/lorc/dozen.svg
1x1-lorc-dragon-balls.svg	1x1/lorc/dragon-balls.svg
1x1-lorc-dragon-breath.svg	1x1/lorc/dragon-breath.svg
1x1-lorc-dragon-head.svg	1x1/lorc/dragon-head.svg
1x1-lorc-dragon-spiral.svg	1x1/lorc/dragon-spiral.svg
1x1-lorc-dragonfly.svg	1x1/lorc/dragonfly.svg
1x1-lorc-drama-masks.svg	1x1/lorc/drama-masks.svg
1x1-lorc-dread-skull.svg	1x1/lorc/dread-skull.svg
1x1-lorc-drill.svg	1x1/lorc/drill.svg
1x1-lorc-drink-me.svg	1x1/lorc/drink-me.svg
1x1-lorc-dripping-blade.svg	1x1/lorc/dripping-blade.svg
1x1-lorc-dripping-goo.svg	1x1/lorc/dripping-goo.svg
1x1-lorc-dripping-honey.svg	1x1/lorc/dripping-honey.svg
1x1-lorc-dripping-knife.svg	1x1/lorc/dripping-knife.svg
1x1-lorc-dripping-star.svg	1x1/lorc/dripping-star.svg
1x1-lorc-dripping-stone.svg	1x1/lorc/dripping-stone.svg
1x1-lorc-dripping-sword.svg	1x1/lorc/dripping-sword.svg
1x1-lorc-dripping-tube.svg	1x1/lorc/dripping-tube.svg
1x1-lorc-drop.svg	1x1/lorc/drop.svg
1x1-lorc-droplet-splash.svg	1x1/lorc/droplet-splash.svg
1x1-lorc-droplets.svg	1x1/lorc/droplets.svg
1x1-lorc-drowning.svg	1x1/lorc/drowning.svg
1x1-lorc-duality-mask.svg	1x1/lorc/duality-mask.svg
1x1-lorc-duality.svg	1x1/lorc/duality.svg
1x1-lorc-dust-cloud.svg	1x1/lorc/dust-cloud.svg
1x1-lorc-eagle-emblem.svg	1x1/lorc/eagle-emblem.svg
1x1-lorc-earth-crack.svg	1x1/lorc/earth-crack.svg
1x1-lorc-earth-spit.svg	1x1/lorc/earth-spit.svg
1x1-lorc-earwig.svg	1x1/lorc/earwig.svg
1x1-lorc-echo-ripples.svg	1x1/lorc/echo-ripples.svg
1x1-lorc-eclipse-flare.svg	1x1/lorc/eclipse-flare.svg
1x1-lorc-eclipse-saw.svg	1x1/lorc/eclipse-saw.svg
1x1-lorc-eclipse.svg	1x1/lorc/eclipse.svg
1x1-lorc-edge-crack.svg	1x1/lorc/edge-crack.svg
1x1-lorc-edged-shield.svg	1x1/lorc/edged-shield.svg
1x1-lorc-egg-clutch.svg	1x1/lorc/egg-clutch.svg
1x1-lorc-egg-defense.svg	1x1/lorc/egg-defense.svg
1x1-lorc-elderberry.svg	1x1/lorc/elderberry.svg
1x1-lorc-electric-whip.svg	1x1/lorc/electric-whip.svg
1x1-lorc-electrical-crescent.svg	1x1/lorc/electrical-crescent.svg
1x1-lorc-ember-shot.svg	1x1/lorc/ember-shot.svg
1x1-lorc-embrassed-energy.svg	1x1/lorc/embrassed-energy.svg
1x1-lorc-embryo.svg	1x1/lorc/embryo.svg
1x1-lorc-emerald.svg	1x1/lorc/emerald.svg
1x1-lorc-empty-hourglass.svg	1x1/lorc/empty-hourglass.svg
1x1-lorc-energise.svg	1x1/lorc/energise.svg
1x1-lorc-energy-arrow.svg	1x1/lorc/energy-arrow.svg
1x1-lorc-energy-breath.svg	1x1/lorc/energy-breath.svg
1x1-lorc-energy-shield.svg	1x1/lorc/energy-shield.svg
1x1-lorc-energy-sword.svg	1x1/lorc/energy-sword.svg
1x1-lorc-engagement-ring.svg	1x1/lorc/engagement-ring.svg
1x1-lorc-enlightenment.svg	1x1/lorc/enlightenment.svg
1x1-lorc-ent-mouth.svg	1x1/lorc/ent-mouth.svg
1x1-lorc-entangled-typhoon.svg	1x1/lorc/entangled-typhoon.svg
1x1-lorc-envelope.svg	1x1/lorc/envelope.svg
1x1-lorc-erlenmeyer.svg	1x1/lorc/erlenmeyer.svg
1x1-lorc-eruption.svg	1x1/lorc/eruption.svg
1x1-lorc-evil-bat.svg	1x1/lorc/evil-bat.svg
1x1-lorc-evil-book.svg	1x1/lorc/evil-book.svg
1x1-lorc-evil-bud.svg	1x1/lorc/evil-bud.svg
1x1-lorc-evil-comet.svg	1x1/lorc/evil-comet.svg
1x1-lorc-evil-fork.svg	1x1/lorc/evil-fork.svg
1x1-lorc-evil-hand.svg	1x1/lorc/evil-hand.svg
1x1-lorc-evil-minion.svg	1x1/lorc/evil-minion.svg
1x1-lorc-evil-moon.svg	1x1/lorc/evil-moon.svg
1x1-lorc-evil-tree.svg	1x1/lorc/evil-tree.svg
1x1-lorc-expanded-rays.svg	1x1/lorc/expanded-rays.svg
1x1-lorc-explosion-rays.svg	1x1/lorc/explosion-rays.svg
1x1-lorc-explosive-materials.svg	1x1/lorc/explosive-materials.svg
1x1-lorc-explosive-meeting.svg	1x1/lorc/explosive-meeting.svg
1x1-lorc-extra-lucid.svg	1x1/lorc/extra-lucid.svg
1x1-lorc-extraction-orb.svg	1x1/lorc/extraction-orb.svg
1x1-lorc-eye-shield.svg	1x1/lorc/eye-shield.svg
1x1-lorc-eyeball.svg	1x1/lorc/eyeball.svg
1x1-lorc-eyedropper.svg	1x1/lorc/eyedropper.svg
1x1-lorc-eyestalk.svg	1x1/lorc/eyestalk.svg
1x1-lorc-fairy-wand.svg	1x1/lorc/fairy-wand.svg
1x1-lorc-fairy.svg	1x1/lorc/fairy.svg
1x1-lorc-falling-blob.svg	1x1/lorc/falling-blob.svg
1x1-lorc-falling-boulder.svg	1x1/lorc/falling-boulder.svg
1x1-lorc-falling-eye.svg	1x1/lorc/falling-eye.svg
1x1-lorc-falling-leaf.svg	1x1/lorc/falling-leaf.svg
1x1-lorc-falling-ovoid.svg	1x1/lorc/falling-ovoid.svg
1x1-lorc-fanged-skull.svg	1x1/lorc/fanged-skull.svg
1x1-lorc-fangs-circle.svg	1x1/lorc/fangs-circle.svg
1x1-lorc-fast-arrow.svg	1x1/lorc/fast-arrow.svg
1x1-lorc-feather-wound.svg	1x1/lorc/feather-wound.svg
1x1-lorc-feather.svg	1x1/lorc/feather.svg
1x1-lorc-feathered-wing.svg	1x1/lorc/feathered-wing.svg
1x1-lorc-fedora.svg	1x1/lorc/fedora.svg
1x1-lorc-field.svg	1x1/lorc/field.svg
1x1-lorc-fire-ace.svg	1x1/lorc/fire-ace.svg
1x1-lorc-fire-axe.svg	1x1/lorc/fire-axe.svg
1x1-lorc-fire-bomb.svg	1x1/lorc/fire-bomb.svg
1x1-lorc-fire-bottle.svg	1x1/lorc/fire-bottle.svg
1x1-lorc-fire-bowl.svg	1x1/lorc/fire-bowl.svg
1x1-lorc-fire-breath.svg	1x1/lorc/fire-breath.svg
1x1-lorc-fire-dash.svg	1x1/lorc/fire-dash.svg
1x1-lorc-fire-punch.svg	1x1/lorc/fire-punch.svg
1x1-lorc-fire-ray.svg	1x1/lorc/fire-ray.svg
1x1-lorc-fire-ring.svg	1x1/lorc/fire-ring.svg
1x1-lorc-fire-shield.svg	1x1/lorc/fire-shield.svg
1x1-lorc-fire-silhouette.svg	1x1/lorc/fire-silhouette.svg
1x1-lorc-fire-tail.svg	1x1/lorc/fire-tail.svg
1x1-lorc-fire-wave.svg	1x1/lorc/fire-wave.svg
1x1-lorc-fire-zone.svg	1x1/lorc/fire-zone.svg
1x1-lorc-fireball.svg	1x1/lorc/fireball.svg
1x1-lorc-firework-rocket.svg	1x1/lorc/firework-rocket.svg
1x1-lorc-fish-corpse.svg	1x1/lorc/fish-corpse.svg
1x1-lorc-fishbone.svg	1x1/lorc/fishbone.svg
1x1-lorc-fishhook-fork.svg	1x1/lorc/fishhook-fork.svg
1x1-lorc-fishing-hook.svg	1x1/lorc/fishing-hook.svg
1x1-lorc-fishing-net.svg	1x1/lorc/fishing-net.svg
1x1-lorc-fission.svg	1x1/lorc/fission.svg
1x1-lorc-fist.svg	1x1/lorc/fist.svg
1x1-lorc-fizzing-flask.svg	1x1/lorc/fizzing-flask.svg
1x1-lorc-flame-claws.svg	1x1/lorc/flame-claws.svg
1x1-lorc-flame-spin.svg	1x1/lorc/flame-spin.svg
1x1-lorc-flame-tunnel.svg	1x1/lorc/flame-tunnel.svg
1x1-lorc-flamed-leaf.svg	1x1/lorc/flamed-leaf.svg
1x1-lorc-flaming-arrow.svg	1x1/lorc/flaming-arrow.svg
1x1-lorc-flaming-claw.svg	1x1/lorc/flaming-claw.svg
1x1-lorc-flaming-sheet.svg	1x1/lorc/flaming-sheet.svg
1x1-lorc-flaming-trident.svg	1x1/lorc/flaming-trident.svg
1x1-lorc-flash-grenade.svg	1x1/lorc/flash-grenade.svg
1x1-lorc-flat-hammer.svg	1x1/lorc/flat-hammer.svg
1x1-lorc-flat-paw-print.svg	1x1/lorc/flat-paw-print.svg
1x1-lorc-flat-star.svg	1x1/lorc/flat-star.svg
1x1-lorc-fleshy-mass.svg	1x1/lorc/fleshy-mass.svg
1x1-lorc-flexible-star.svg	1x1/lorc/flexible-star.svg
1x1-lorc-floating-crystal.svg	1x1/lorc/floating-crystal.svg
1x1-lorc-flower-pot.svg	1x1/lorc/flower-pot.svg
1x1-lorc-flower-twirl.svg	1x1/lorc/flower-twirl.svg
1x1-lorc-flowers.svg	1x1/lorc/flowers.svg
1x1-lorc-fluffy-cloud.svg	1x1/lorc/fluffy-cloud.svg
1x1-lorc-fluffy-flame.svg	1x1/lorc/fluffy-flame.svg
1x1-lorc-fluffy-swirl.svg	1x1/lorc/fluffy-swirl.svg
1x1-lorc-fluffy-trefoil.svg	1x1/lorc/fluffy-trefoil.svg
1x1-lorc-fluffy-wing.svg	1x1/lorc/fluffy-wing.svg
1x1-lorc-flying-dagger.svg	1x1/lorc/flying-dagger.svg
1x1-lorc-flying-flag.svg	1x1/lorc/flying-flag.svg
1x1-lorc-foam.svg	1x1/lorc/foam.svg
1x1-lorc-foamy-disc.svg	1x1/lorc/foamy-disc.svg
1x1-lorc-focused-lightning.svg	1x1/lorc/focused-lightning.svg
1x1-lorc-folded-paper.svg	1x1/lorc/folded-paper.svg
1x1-lorc-food-chain.svg	1x1/lorc/food-chain.svg
1x1-lorc-foot-trip.svg	1x1/lorc/foot-trip.svg
1x1-lorc-footprint.svg	1x1/lorc/footprint.svg
1x1-lorc-forward-field.svg	1x1/lorc/forward-field.svg
1x1-lorc-fossil.svg	1x1/lorc/fossil.svg
1x1-lorc-fountain-pen.svg	1x1/lorc/fountain-pen.svg
1x1-lorc-fountain.svg	1x1/lorc/fountain.svg
1x1-lorc-fox-head.svg	1x1/lorc/fox-head.svg
1x1-lorc-fragmented-meteor.svg	1x1/lorc/fragmented-meteor.svg
1x1-lorc-fragmented-sword.svg	1x1/lorc/fragmented-sword.svg
1x1-lorc-fragrance.svg	1x1/lorc/fragrance.svg
1x1-lorc-frankenstein-creature.svg	1x1/lorc/frankenstein-creature.svg
1x1-lorc-frayed-arrow.svg	1x1/lorc/frayed-arrow.svg
1x1-lorc-freedom-dove.svg	1x1/lorc/freedom-dove.svg
1x1-lorc-frog.svg	1x1/lorc/frog.svg
1x1-lorc-front-teeth.svg	1x1/lorc/front-teeth.svg
1x1-lorc-frontal-lobe.svg	1x1/lorc/frontal-lobe.svg
1x1-lorc-frostfire.svg	1x1/lorc/frostfire.svg
1x1-lorc-frozen-arrow.svg	1x1/lorc/frozen-arrow.svg
1x1-lorc-frozen-block.svg	1x1/lorc/frozen-block.svg
1x1-lorc-frozen-orb.svg	1x1/lorc/frozen-orb.svg
1x1-lorc-fruiting.svg	1x1/lorc/fruiting.svg
1x1-lorc-fulguro-punch.svg	1x1/lorc/fulguro-punch.svg
1x1-lorc-galleon.svg	1x1/lorc/galleon.svg
1x1-lorc-gamepad-cross.svg	1x1/lorc/gamepad-cross.svg
1x1-lorc-gas-mask.svg	1x1/lorc/gas-mask.svg
1x1-lorc-gavel.svg	1x1/lorc/gavel.svg
1x1-lorc-gaze.svg	1x1/lorc/gaze.svg
1x1-lorc-gear-hammer.svg	1x1/lorc/gear-hammer.svg
1x1-lorc-gears.svg	1x1/lorc/gears.svg
1x1-lorc-gecko.svg	1x1/lorc/gecko.svg
1x1-lorc-gem-chain.svg	1x1/lorc/gem-chain.svg
1x1-lorc-gem-necklace.svg	1x1/lorc/gem-necklace.svg
1x1-lorc-gem-pendant.svg	1x1/lorc/gem-pendant.svg
1x1-lorc-gems.svg	1x1/lorc/gems.svg
1x1-lorc-ghost-ally.svg	1x1/lorc/ghost-ally.svg
1x1-lorc-ghost.svg	1x1/lorc/ghost.svg
1x1-lorc-gibbet.svg	1x1/lorc/gibbet.svg
1x1-lorc-gift-of-knowledge.svg	1x1/lorc/gift-of-knowledge.svg
1x1-lorc-gift-trap.svg	1x1/lorc/gift-trap.svg
1x1-lorc-glass-heart.svg	1x1/lorc/glass-heart.svg
1x1-lorc-glass-shot.svg	1x1/lorc/glass-shot.svg
1x1-lorc-globe.svg	1x1/lorc/globe.svg
1x1-lorc-gloop.svg	1x1/lorc/gloop.svg
1x1-lorc-glowing-hands.svg	1x1/lorc/glowing-hands.svg
1x1-lorc-gluttonous-smile.svg	1x1/lorc/gluttonous-smile.svg
1x1-lorc-gluttony.svg	1x1/lorc/gluttony.svg
1x1-lorc-gold-scarab.svg	1x1/lorc/gold-scarab.svg
1x1-lorc-gold-shell.svg	1x1/lorc/gold-shell.svg
1x1-lorc-goo-explosion.svg	1x1/lorc/goo-explosion.svg
1x1-lorc-goo-skull.svg	1x1/lorc/goo-skull.svg
1x1-lorc-goo-spurt.svg	1x1/lorc/goo-spurt.svg
1x1-lorc-gooey-daemon.svg	1x1/lorc/gooey-daemon.svg
1x1-lorc-gooey-eyed-sun.svg	1x1/lorc/gooey-eyed-sun.svg
1x1-lorc-gooey-impact.svg	1x1/lorc/gooey-impact.svg
1x1-lorc-gooey-molecule.svg	1x1/lorc/gooey-molecule.svg
1x1-lorc-gooey-sword.svg	1x1/lorc/gooey-sword.svg
1x1-lorc-gothic-cross.svg	1x1/lorc/gothic-cross.svg
1x1-lorc-grab.svg	1x1/lorc/grab.svg
1x1-lorc-grapes.svg	1x1/lorc/grapes.svg
1x1-lorc-grapple.svg	1x1/lorc/grapple.svg
1x1-lorc-grasping-claws.svg	1x1/lorc/grasping-claws.svg
1x1-lorc-grease-trap.svg	1x1/lorc/grease-trap.svg
1x1-lorc-grenade.svg	1x1/lorc/grenade.svg
1x1-lorc-grim-reaper.svg	1x1/lorc/grim-reaper.svg
1x1-lorc-ground-sprout.svg	1x1/lorc/ground-sprout.svg
1x1-lorc-groundbreaker.svg	1x1/lorc/groundbreaker.svg
1x1-lorc-grouped-drops.svg	1x1/lorc/grouped-drops.svg
1x1-lorc-guarded-tower.svg	1x1/lorc/guarded-tower.svg
1x1-lorc-guillotine.svg	1x1/lorc/guillotine.svg
1x1-lorc-guitar.svg	1x1/lorc/guitar.svg
1x1-lorc-gunshot.svg	1x1/lorc/gunshot.svg
1x1-lorc-halberd-shuriken.svg	1x1/lorc/halberd-shuriken.svg
1x1-lorc-halberd.svg	1x1/lorc/halberd.svg
1x1-lorc-half-heart.svg	1x1/lorc/half-heart.svg
1x1-lorc-half-tornado.svg	1x1/lorc/half-tornado.svg
1x1-lorc-hammer-drop.svg	1x1/lorc/hammer-drop.svg
1x1-lorc-hammer-nails.svg	1x1/lorc/hammer-nails.svg
1x1-lorc-hand.svg	1x1/lorc/hand.svg
1x1-lorc-handcuffs.svg	1x1/lorc/handcuffs.svg
1x1-lorc-hanging-spider.svg	1x1/lorc/hanging-spider.svg
1x1-lorc-happy-skull.svg	1x1/lorc/happy-skull.svg
1x1-lorc-harpoon-chain.svg	1x1/lorc/harpoon-chain.svg
1x1-lorc-harpoon-trident.svg	1x1/lorc/harpoon-trident.svg
1x1-lorc-harpy.svg	1x1/lorc/harpy.svg
1x1-lorc-harry-potter-skull.svg	1x1/lorc/harry-potter-skull.svg
1x1-lorc-hatchets.svg	1x1/lorc/hatchets.svg
1x1-lorc-haunting.svg	1x1/lorc/haunting.svg
1x1-lorc-hawk-emblem.svg	1x1/lorc/hawk-emblem.svg
1x1-lorc-hazard-sign.svg	1x1/lorc/hazard-sign.svg
1x1-lorc-headshot.svg	1x1/lorc/headshot.svg
1x1-lorc-heart-bottle.svg	1x1/lorc/heart-bottle.svg
1x1-lorc-heart-drop.svg	1x1/lorc/heart-drop.svg
1x1-lorc-heart-inside.svg	1x1/lorc/heart-inside.svg
1x1-lorc-heart-organ.svg	1x1/lorc/heart-organ.svg
1x1-lorc-heart-tower.svg	1x1/lorc/heart-tower.svg
1x1-lorc-heartburn.svg	1x1/lorc/heartburn.svg
1x1-lorc-heat-haze.svg	1x1/lorc/heat-haze.svg
1x1-lorc-heavy-arrow.svg	1x1/lorc/heavy-arrow.svg
1x1-lorc-heavy-fall.svg	1x1/lorc/heavy-fall.svg
1x1-lorc-heavy-helm.svg	1x1/lorc/heavy-helm.svg
1x1-lorc-heavy-lightning.svg	1x1/lorc/heavy-lightning.svg
1x1-lorc-heavy-rain.svg	1x1/lorc/heavy-rain.svg
1x1-lorc-heavy-thorny-triskelion.svg	1x1/lorc/heavy-thorny-triskelion.svg
1x1-lorc-heavy-timer.svg	1x1/lorc/heavy-timer.svg
1x1-lorc-helmet-head-shot.svg	1x1/lorc/helmet-head-shot.svg
1x1-lorc-hidden.svg	1x1/lorc/hidden.svg
1x1-lorc-high-five.svg	1x1/lorc/high-five.svg
1x1-lorc-high-shot.svg	1x1/lorc/high-shot.svg
1x1-lorc-hollow-cat.svg	1x1/lorc/hollow-cat.svg
1x1-lorc-holy-grail.svg	1x1/lorc/holy-grail.svg
1x1-lorc-holy-symbol.svg	1x1/lorc/holy-symbol.svg
1x1-lorc-honeycomb.svg	1x1/lorc/honeycomb.svg
1x1-lorc-honeypot.svg	1x1/lorc/honeypot.svg
1x1-lorc-hood.svg	1x1/lorc/hood.svg
1x1-lorc-hoof.svg	1x1/lorc/hoof.svg
1x1-lorc-horn-internal.svg	1x1/lorc/horn-internal.svg
1x1-lorc-horned-helm.svg	1x1/lorc/horned-helm.svg
1x1-lorc-horned-skull.svg	1x1/lorc/horned-skull.svg
1x1-lorc-horse-head.svg	1x1/lorc/horse-head.svg
1x1-lorc-hospital-cross.svg	1x1/lorc/hospital-cross.svg
1x1-lorc-hot-spices.svg	1x1/lorc/hot-spices.svg
1x1-lorc-hound.svg	1x1/lorc/hound.svg
1x1-lorc-hourglass.svg	1x1/lorc/hourglass.svg
1x1-lorc-hunting-horn.svg	1x1/lorc/hunting-horn.svg
1x1-lorc-hydra-shot.svg	1x1/lorc/hydra-shot.svg
1x1-lorc-hydra.svg	1x1/lorc/hydra.svg
1x1-lorc-hypersonic-bolt.svg	1x1/lorc/hypersonic-bolt.svg
1x1-lorc-hypersonic-melon.svg	1x1/lorc/hypersonic-melon.svg
1x1-lorc-hypodermic-test.svg	1x1/lorc/hypodermic-test.svg
1x1-lorc-ice-bolt.svg	1x1/lorc/ice-bolt.svg
1x1-lorc-ice-bomb.svg	1x1/lorc/ice-bomb.svg
1x1-lorc-ice-cube.svg	1x1/lorc/ice-cube.svg
1x1-lorc-ice-shield.svg	1x1/lorc/ice-shield.svg
1x1-lorc-ice-spear.svg	1x1/lorc/ice-spear.svg
1x1-lorc-icebergs.svg	1x1/lorc/icebergs.svg
1x1-lorc-icicles-aura.svg	1x1/lorc/icicles-aura.svg
1x1-lorc-icicles-fence.svg	1x1/lorc/icicles-fence.svg
1x1-lorc-ifrit.svg	1x1/lorc/ifrit.svg
1x1-lorc-imbricated-arrows.svg	1x1/lorc/imbricated-arrows.svg
1x1-lorc-imp-laugh.svg	1x1/lorc/imp-laugh.svg
1x1-lorc-imp.svg	1x1/lorc/imp.svg
1x1-lorc-impact-point.svg	1x1/lorc/impact-point.svg
1x1-lorc-implosion.svg	1x1/lorc/implosion.svg
1x1-lorc-imprisoned.svg	1x1/lorc/imprisoned.svg
1x1-lorc-incense.svg	1x1/lorc/incense.svg
1x1-lorc-incisors.svg	1x1/lorc/incisors.svg
1x1-lorc-incoming-rocket.svg	1x1/lorc/incoming-rocket.svg
1x1-lorc-infested-mass.svg	1x1/lorc/infested-mass.svg
1x1-lorc-ink-swirl.svg	1x1/lorc/ink-swirl.svg
1x1-lorc-inner-self.svg	1x1/lorc/inner-self.svg
1x1-lorc-insect-jaws.svg	1x1/lorc/insect-jaws.svg
1x1-lorc-interdiction.svg	1x1/lorc/interdiction.svg
1x1-lorc-interlaced-tentacles.svg	1x1/lorc/interlaced-tentacles.svg
1x1-lorc-interleaved-arrows.svg	1x1/lorc/interleaved-arrows.svg
1x1-lorc-interleaved-claws.svg	1x1/lorc/interleaved-claws.svg
1x1-lorc-internal-injury.svg	1x1/lorc/internal-injury.svg
1x1-lorc-internal-organ.svg	1x1/lorc/internal-organ.svg
1x1-lorc-interstellar-path.svg	1x1/lorc/interstellar-path.svg
1x1-lorc-ion-cannon-blast.svg	1x1/lorc/ion-cannon-blast.svg
1x1-lorc-iron-mask.svg	1x1/lorc/iron-mask.svg
1x1-lorc-james-bond-aperture.svg	1x1/lorc/james-bond-aperture.svg
1x1-lorc-jawbone.svg	1x1/lorc/jawbone.svg
1x1-lorc-jellyfish.svg	1x1/lorc/jellyfish.svg
1x1-lorc-jetpack.svg	1x1/lorc/jetpack.svg
1x1-lorc-jeweled-chalice.svg	1x1/lorc/jeweled-chalice.svg
1x1-lorc-jigsaw-box.svg	1x1/lorc/jigsaw-box.svg
1x1-lorc-jigsaw-piece.svg	1x1/lorc/jigsaw-piece.svg
1x1-lorc-journey.svg	1x1/lorc/journey.svg
1x1-lorc-juggler.svg	1x1/lorc/juggler.svg
1x1-lorc-justice-star.svg	1x1/lorc/justice-star.svg
1x1-lorc-kaleidoscope-pearls.svg	1x1/lorc/kaleidoscope-pearls.svg
1x1-lorc-key.svg	1x1/lorc/key.svg
1x1-lorc-kindle.svg	1x1/lorc/kindle.svg
1x1-lorc-king.svg	1x1/lorc/king.svg
1x1-lorc-kitchen-knives.svg	1x1/lorc/kitchen-knives.svg
1x1-lorc-knapsack.svg	1x1/lorc/knapsack.svg
1x1-lorc-knife-fork.svg	1x1/lorc/knife-fork.svg
1x1-lorc-knife-thrust.svg	1x1/lorc/knife-thrust.svg
1x1-lorc-lamellar.svg	1x1/lorc/lamellar.svg
1x1-lorc-lamprey-mouth.svg	1x1/lorc/lamprey-mouth.svg
1x1-lorc-land-mine.svg	1x1/lorc/land-mine.svg
1x1-lorc-lantern-flame.svg	1x1/lorc/lantern-flame.svg
1x1-lorc-lantern.svg	1x1/lorc/lantern.svg
1x1-lorc-large-wound.svg	1x1/lorc/large-wound.svg
1x1-lorc-laser-blast.svg	1x1/lorc/laser-blast.svg
1x1-lorc-laser-precision.svg	1x1/lorc/laser-precision.svg
1x1-lorc-laser-sparks.svg	1x1/lorc/laser-sparks.svg
1x1-lorc-laser-warning.svg	1x1/lorc/laser-warning.svg
1x1-lorc-laserburn.svg	1x1/lorc/laserburn.svg
1x1-lorc-laurel-crown.svg	1x1/lorc/laurel-crown.svg
1x1-lorc-laurels.svg	1x1/lorc/laurels.svg
1x1-lorc-law-star.svg	1x1/lorc/law-star.svg
1x1-lorc-layered-armor.svg	1x1/lorc/layered-armor.svg
1x1-lorc-leaf-skeleton.svg	1x1/lorc/leaf-skeleton.svg
1x1-lorc-leaf-swirl.svg	1x1/lorc/leaf-swirl.svg
1x1-lorc-leaky-skull.svg	1x1/lorc/leaky-skull.svg
1x1-lorc-leather-boot.svg	1x1/lorc/leather-boot.svg
1x1-lorc-leather-vest.svg	1x1/lorc/leather-vest.svg
1x1-lorc-leeching-worm.svg	1x1/lorc/leeching-worm.svg
1x1-lorc-letter-bomb.svg	1x1/lorc/letter-bomb.svg
1x1-lorc-lever.svg	1x1/lorc/lever.svg
1x1-lorc-life-in-the-balance.svg	1x1/lorc/life-in-the-balance.svg
1x1-lorc-life-support.svg	1x1/lorc/life-support.svg
1x1-lorc-life-tap.svg	1x1/lorc/life-tap.svg
1x1-lorc-lift.svg	1x1/lorc/lift.svg
1x1-lorc-light-bulb.svg	1x1/lorc/light-bulb.svg
1x1-lorc-light-thorny-triskelion.svg	1x1/lorc/light-thorny-triskelion.svg
1x1-lorc-lightning-arc.svg	1x1/lorc/lightning-arc.svg
1x1-lorc-lightning-bow.svg	1x1/lorc/lightning-bow.svg
1x1-lorc-lightning-branches.svg	1x1/lorc/lightning-branches.svg
1x1-lorc-lightning-dissipation.svg	1x1/lorc/lightning-dissipation.svg
1x1-lorc-lightning-electron.svg	1x1/lorc/lightning-electron.svg
1x1-lorc-lightning-frequency.svg	1x1/lorc/lightning-frequency.svg
1x1-lorc-lightning-helix.svg	1x1/lorc/lightning-helix.svg
1x1-lorc-lightning-mask.svg	1x1/lorc/lightning-mask.svg
1x1-lorc-lightning-saber.svg	1x1/lorc/lightning-saber.svg
1x1-lorc-lightning-shadow.svg	1x1/lorc/lightning-shadow.svg
1x1-lorc-lightning-shield.svg	1x1/lorc/lightning-shield.svg
1x1-lorc-lightning-shout.svg	1x1/lorc/lightning-shout.svg
1x1-lorc-lightning-slashes.svg	1x1/lorc/lightning-slashes.svg
1x1-lorc-lightning-spanner.svg	1x1/lorc/lightning-spanner.svg
1x1-lorc-lightning-storm.svg	1x1/lorc/lightning-storm.svg
1x1-lorc-lightning-tear.svg	1x1/lorc/lightning-tear.svg
1x1-lorc-lightning-tree.svg	1x1/lorc/lightning-tree.svg
1x1-lorc-lightning-trio.svg	1x1/lorc/lightning-trio.svg
1x1-lorc-linden-leaf.svg	1x1/lorc/linden-leaf.svg
1x1-lorc-linked-rings.svg	1x1/lorc/linked-rings.svg
1x1-lorc-lion.svg	1x1/lorc/lion.svg
1x1-lorc-lips.svg	1x1/lorc/lips.svg
1x1-lorc-lit-candelabra.svg	1x1/lorc/lit-candelabra.svg
1x1-lorc-lizard-tongue.svg	1x1/lorc/lizard-tongue.svg
1x1-lorc-lizardman.svg	1x1/lorc/lizardman.svg
1x1-lorc-lob-arrow.svg	1x1/lorc/lob-arrow.svg
1x1-lorc-locked-chest.svg	1x1/lorc/locked-chest.svg
1x1-lorc-locked-fortress.svg	1x1/lorc/locked-fortress.svg
1x1-lorc-long-antennae-bug.svg	1x1/lorc/long-antennae-bug.svg
1x1-lorc-lotus-flower.svg	1x1/lorc/lotus-flower.svg
1x1-lorc-lotus.svg	1x1/lorc/lotus.svg
1x1-lorc-love-howl.svg	1x1/lorc/love-howl.svg
1x1-lorc-love-injection.svg	1x1/lorc/love-injection.svg
1x1-lorc-love-song.svg	1x1/lorc/love-song.svg
1x1-lorc-lyre.svg	1x1/lorc/lyre.svg
1x1-lorc-mace-head.svg	1x1/lorc/mace-head.svg
1x1-lorc-machete.svg	1x1/lorc/machete.svg
1x1-lorc-mad-scientist.svg	1x1/lorc/mad-scientist.svg
1x1-lorc-maggot.svg	1x1/lorc/maggot.svg
1x1-lorc-magic-gate.svg	1x1/lorc/magic-gate.svg
1x1-lorc-magic-lamp.svg	1x1/lorc/magic-lamp.svg
1x1-lorc-magic-palm.svg	1x1/lorc/magic-palm.svg
1x1-lorc-magic-portal.svg	1x1/lorc/magic-portal.svg
1x1-lorc-magic-shield.svg	1x1/lorc/magic-shield.svg
1x1-lorc-magic-swirl.svg	1x1/lorc/magic-swirl.svg
1x1-lorc-magnet-blast.svg	1x1/lorc/magnet-blast.svg
1x1-lorc-magnet.svg	1x1/lorc/magnet.svg
1x1-lorc-magnifying-glass.svg	1x1/lorc/magnifying-glass.svg
1x1-lorc-mail-shirt.svg	1x1/lorc/mail-shirt.svg
1x1-lorc-mailed-fist.svg	1x1/lorc/mailed-fist.svg
1x1-lorc-manacles.svg	1x1/lorc/manacles.svg
1x1-lorc-mantrap.svg	1x1/lorc/mantrap.svg
1x1-lorc-maple-leaf.svg	1x1/lorc/maple-leaf.svg
1x1-lorc-marrow-drain.svg	1x1/lorc/marrow-drain.svg
1x1-lorc-martini.svg	1x1/lorc/martini.svg
1x1-lorc-masked-spider.svg	1x1/lorc/masked-spider.svg
1x1-lorc-master-of-arms.svg	1x1/lorc/master-of-arms.svg
1x1-lorc-match-head.svg	1x1/lorc/match-head.svg
1x1-lorc-match-tip.svg	1x1/lorc/match-tip.svg
1x1-lorc-materials-science.svg	1x1/lorc/materials-science.svg
1x1-lorc-maze-cornea.svg	1x1/lorc/maze-cornea.svg
1x1-lorc-maze-saw.svg	1x1/lorc/maze-saw.svg
1x1-lorc-maze.svg	1x1/lorc/maze.svg
1x1-lorc-meat-cleaver.svg	1x1/lorc/meat-cleaver.svg
1x1-lorc-meat-hook.svg	1x1/lorc/meat-hook.svg
1x1-lorc-meat.svg	1x1/lorc/meat.svg
1x1-lorc-mechanical-arm.svg	1x1/lorc/mechanical-arm.svg
1x1-lorc-medal-skull.svg	1x1/lorc/medal-skull.svg
1x1-lorc-medal.svg	1x1/lorc/medal.svg
1x1-lorc-meditation.svg	1x1/lorc/meditation.svg
1x1-lorc-megabot.svg	1x1/lorc/megabot.svg
1x1-lorc-mesh-ball.svg	1x1/lorc/mesh-ball.svg
1x1-lorc-metal-bar.svg	1x1/lorc/metal-bar.svg
1x1-lorc-metal-disc.svg	1x1/lorc/metal-disc.svg
1x1-lorc-metal-hand.svg	1x1/lorc/metal-hand.svg
1x1-lorc-metal-scales.svg	1x1/lorc/metal-scales.svg
1x1-lorc-meteor-impact.svg	1x1/lorc/meteor-impact.svg
1x1-lorc-microchip.svg	1x1/lorc/microchip.svg
1x1-lorc-microscope-lens.svg	1x1/lorc/microscope-lens.svg
1x1-lorc-middle-arrow.svg	1x1/lorc/middle-arrow.svg
1x1-lorc-midnight-claw.svg	1x1/lorc/midnight-claw.svg
1x1-lorc-mighty-spanner.svg	1x1/lorc/mighty-spanner.svg
1x1-lorc-mine-explosion.svg	1x1/lorc/mine-explosion.svg
1x1-lorc-mineral-heart.svg	1x1/lorc/mineral-heart.svg
1x1-lorc-minigun.svg	1x1/lorc/minigun.svg
1x1-lorc-mining.svg	1x1/lorc/mining.svg
1x1-lorc-minions.svg	1x1/lorc/minions.svg
1x1-lorc-minotaur.svg	1x1/lorc/minotaur.svg
1x1-lorc-miracle-medecine.svg	1x1/lorc/miracle-medecine.svg
1x1-lorc-mirror-mirror.svg	1x1/lorc/mirror-mirror.svg
1x1-lorc-missile-mech.svg	1x1/lorc/missile-mech.svg
1x1-lorc-missile-pod.svg	1x1/lorc/missile-pod.svg
1x1-lorc-missile-swarm.svg	1x1/lorc/missile-swarm.svg
1x1-lorc-mite.svg	1x1/lorc/mite.svg
1x1-lorc-moebius-star.svg	1x1/lorc/moebius-star.svg
1x1-lorc-moebius-trefoil.svg	1x1/lorc/moebius-trefoil.svg
1x1-lorc-moebius-triangle.svg	1x1/lorc/moebius-triangle.svg
1x1-lorc-molecule.svg	1x1/lorc/molecule.svg
1x1-lorc-molotov.svg	1x1/lorc/molotov.svg
1x1-lorc-monkey.svg	1x1/lorc/monkey.svg
1x1-lorc-monster-grasp.svg	1x1/lorc/monster-grasp.svg
1x1-lorc-moon-claws.svg	1x1/lorc/moon-claws.svg
1x1-lorc-moon.svg	1x1/lorc/moon.svg
1x1-lorc-morbid-humour.svg	1x1/lorc/morbid-humour.svg
1x1-lorc-mountains.svg	1x1/lorc/mountains.svg
1x1-lorc-mountaintop.svg	1x1/lorc/mountaintop.svg
1x1-lorc-mouse.svg	1x1/lorc/mouse.svg
1x1-lorc-mouth-watering.svg	1x1/lorc/mouth-watering.svg
1x1-lorc-movement-sensor.svg	1x1/lorc/movement-sensor.svg
1x1-lorc-mucous-pillar.svg	1x1/lorc/mucous-pillar.svg
1x1-lorc-muscle-fat.svg	1x1/lorc/muscle-fat.svg
1x1-lorc-muscle-up.svg	1x1/lorc/muscle-up.svg
1x1-lorc-mushroom-cloud.svg	1x1/lorc/mushroom-cloud.svg
1x1-lorc-mushroom-gills.svg	1x1/lorc/mushroom-gills.svg
1x1-lorc-mushroom.svg	1x1/lorc/mushroom.svg
1x1-lorc-music-spell.svg	1x1/lorc/music-spell.svg
1x1-lorc-nailed-foot.svg	1x1/lorc/nailed-foot.svg
1x1-lorc-nailed-head.svg	1x1/lorc/nailed-head.svg
1x1-lorc-nails.svg	1x1/lorc/nails.svg
1x1-lorc-needle-drill.svg	1x1/lorc/needle-drill.svg
1x1-lorc-needle-jaws.svg	1x1/lorc/needle-jaws.svg
1x1-lorc-nested-eclipses.svg	1x1/lorc/nested-eclipses.svg
1x1-lorc-new-shoot.svg	1x1/lorc/new-shoot.svg
1x1-lorc-night-sky.svg	1x1/lorc/night-sky.svg
1x1-lorc-ninja-mask.svg	1x1/lorc/ninja-mask.svg
1x1-lorc-noodle-ball.svg	1x1/lorc/noodle-ball.svg
1x1-lorc-nothing-to-say.svg	1x1/lorc/nothing-to-say.svg
1x1-lorc-oak.svg	1x1/lorc/oak.svg
1x1-lorc-oat.svg	1x1/lorc/oat.svg
1x1-lorc-octogonal-eye.svg	1x1/lorc/octogonal-eye.svg
1x1-lorc-octoman.svg	1x1/lorc/octoman.svg
1x1-lorc-octopus.svg	1x1/lorc/octopus.svg
1x1-lorc-oily-spiral.svg	1x1/lorc/oily-spiral.svg
1x1-lorc-omega.svg	1x1/lorc/omega.svg
1x1-lorc-on-target.svg	1x1/lorc/on-target.svg
1x1-lorc-one-eyed.svg	1x1/lorc/one-eyed.svg
1x1-lorc-open-book.svg	1x1/lorc/open-book.svg
1x1-lorc-open-wound.svg	1x1/lorc/open-wound.svg
1x1-lorc-opening-shell.svg	1x1/lorc/opening-shell.svg
1x1-lorc-oppression.svg	1x1/lorc/oppression.svg
1x1-lorc-orb-direction.svg	1x1/lorc/orb-direction.svg
1x1-lorc-orbital-rays.svg	1x1/lorc/orbital-rays.svg
1x1-lorc-orbital.svg	1x1/lorc/orbital.svg
1x1-lorc-ouroboros.svg	1x1/lorc/ouroboros.svg
1x1-lorc-over-infinity.svg	1x1/lorc/over-infinity.svg
1x1-lorc-overdose.svg	1x1/lorc/overdose.svg
1x1-lorc-overdrive.svg	1x1/lorc/overdrive.svg
1x1-lorc-owl.svg	1x1/lorc/owl.svg
1x1-lorc-padlock.svg	1x1/lorc/padlock.svg
1x1-lorc-palm.svg	1x1/lorc/palm.svg
1x1-lorc-paper-arrow.svg	1x1/lorc/paper-arrow.svg
1x1-lorc-paper-bomb.svg	1x1/lorc/paper-bomb.svg
1x1-lorc-paper-lantern.svg	1x1/lorc/paper-lantern.svg
1x1-lorc-papers.svg	1x1/lorc/papers.svg
1x1-lorc-parachute.svg	1x1/lorc/parachute.svg
1x1-lorc-paranoia.svg	1x1/lorc/paranoia.svg
1x1-lorc-parmecia.svg	1x1/lorc/parmecia.svg
1x1-lorc-parrot-head.svg	1x1/lorc/parrot-head.svg
1x1-lorc-paw-front.svg	1x1/lorc/paw-front.svg
1x1-lorc-paw-heart.svg	1x1/lorc/paw-heart.svg
1x1-lorc-paw-print.svg	1x1/lorc/paw-print.svg
1x1-lorc-paw.svg	1x1/lorc/paw.svg
1x1-lorc-pawn.svg	1x1/lorc/pawn.svg
1x1-lorc-peaks.svg	1x1/lorc/peaks.svg
1x1-lorc-pentagram-rose.svg	1x1/lorc/pentagram-rose.svg
1x1-lorc-pentarrows-tornado.svg	1x1/lorc/pentarrows-tornado.svg
1x1-lorc-perfume-bottle.svg	1x1/lorc/perfume-bottle.svg
1x1-lorc-perpendicular-rings.svg	1x1/lorc/perpendicular-rings.svg
1x1-lorc-person-in-blizzard.svg	1x1/lorc/person-in-blizzard.svg
1x1-lorc-pie-slice.svg	1x1/lorc/pie-slice.svg
1x1-lorc-piece-skull.svg	1x1/lorc/piece-skull.svg
1x1-lorc-pierced-body.svg	1x1/lorc/pierced-body.svg
1x1-lorc-pierced-heart.svg	1x1/lorc/pierced-heart.svg
1x1-lorc-piercing-sword.svg	1x1/lorc/piercing-sword.svg
1x1-lorc-pig-face.svg	1x1/lorc/pig-face.svg
1x1-lorc-pill-drop.svg	1x1/lorc/pill-drop.svg
1x1-lorc-pill.svg	1x1/lorc/pill.svg
1x1-lorc-pincers.svg	1x1/lorc/pincers.svg
1x1-lorc-pine-tree.svg	1x1/lorc/pine-tree.svg
1x1-lorc-pirate-grave.svg	1x1/lorc/pirate-grave.svg
1x1-lorc-pirate-skull.svg	1x1/lorc/pirate-skull.svg
1x1-lorc-pizza-cutter.svg	1x1/lorc/pizza-cutter.svg
1x1-lorc-plain-dagger.svg	1x1/lorc/plain-dagger.svg
1x1-lorc-plasma-bolt.svg	1x1/lorc/plasma-bolt.svg
1x1-lorc-plastron.svg	1x1/lorc/plastron.svg
1x1-lorc-plate-claw.svg	1x1/lorc/plate-claw.svg
1x1-lorc-pocket-bow.svg	1x1/lorc/pocket-bow.svg
1x1-lorc-pointing.svg	1x1/lorc/pointing.svg
1x1-lorc-pointy-hat.svg	1x1/lorc/pointy-hat.svg
1x1-lorc-pointy-sword.svg	1x1/lorc/pointy-sword.svg
1x1-lorc-poison-bottle.svg	1x1/lorc/poison-bottle.svg
1x1-lorc-poison-gas.svg	1x1/lorc/poison-gas.svg
1x1-lorc-pokecog.svg	1x1/lorc/pokecog.svg
1x1-lorc-poker-hand.svg	1x1/lorc/poker-hand.svg
1x1-lorc-pollen-dust.svg	1x1/lorc/pollen-dust.svg
1x1-lorc-portal.svg	1x1/lorc/portal.svg
1x1-lorc-portculis.svg	1x1/lorc/portculis.svg
1x1-lorc-potion-ball.svg	1x1/lorc/potion-ball.svg
1x1-lorc-pouring-chalice.svg	1x1/lorc/pouring-chalice.svg
1x1-lorc-powder.svg	1x1/lorc/powder.svg
1x1-lorc-power-lightning.svg	1x1/lorc/power-lightning.svg
1x1-lorc-prayer.svg	1x1/lorc/prayer.svg
1x1-lorc-pretty-fangs.svg	1x1/lorc/pretty-fangs.svg
1x1-lorc-processor.svg	1x1/lorc/processor.svg
1x1-lorc-profit.svg	1x1/lorc/profit.svg
1x1-lorc-psychic-waves.svg	1x1/lorc/psychic-waves.svg
1x1-lorc-pummeled.svg	1x1/lorc/pummeled.svg
1x1-lorc-pumpkin-lantern.svg	1x1/lorc/pumpkin-lantern.svg
1x1-lorc-pumpkin-mask.svg	1x1/lorc/pumpkin-mask.svg
1x1-lorc-punch-blast.svg	1x1/lorc/punch-blast.svg
1x1-lorc-punch.svg	1x1/lorc/punch.svg
1x1-lorc-puppet.svg	1x1/lorc/puppet.svg
1x1-lorc-pyromaniac.svg	1x1/lorc/pyromaniac.svg
1x1-lorc-quake-stomp.svg	1x1/lorc/quake-stomp.svg
1x1-lorc-queen-crown.svg	1x1/lorc/queen-crown.svg
1x1-lorc-quick-slash.svg	1x1/lorc/quick-slash.svg
1x1-lorc-quicksand.svg	1x1/lorc/quicksand.svg
1x1-lorc-quill-ink.svg	1x1/lorc/quill-ink.svg
1x1-lorc-quill.svg	1x1/lorc/quill.svg
1x1-lorc-radar-dish.svg	1x1/lorc/radar-dish.svg
1x1-lorc-radar-sweep.svg	1x1/lorc/radar-sweep.svg
1x1-lorc-radial-balance.svg	1x1/lorc/radial-balance.svg
1x1-lorc-radioactive.svg	1x1/lorc/radioactive.svg
1x1-lorc-ragged-wound.svg	1x1/lorc/ragged-wound.svg
1x1-lorc-rainbow-star.svg	1x1/lorc/rainbow-star.svg
1x1-lorc-raining.svg	1x1/lorc/raining.svg
1x1-lorc-rally-the-troops.svg	1x1/lorc/rally-the-troops.svg
1x1-lorc-ram.svg	1x1/lorc/ram.svg
1x1-lorc-rapidshare-arrow.svg	1x1/lorc/rapidshare-arrow.svg
1x1-lorc-raven.svg	1x1/lorc/raven.svg
1x1-lorc-ray-gun.svg	1x1/lorc/ray-gun.svg
1x1-lorc-razor-blade.svg	1x1/lorc/razor-blade.svg
1x1-lorc-reaper-scythe.svg	1x1/lorc/reaper-scythe.svg
1x1-lorc-rear-aura.svg	1x1/lorc/rear-aura.svg
1x1-lorc-recycle.svg	1x1/lorc/recycle.svg
1x1-lorc-relationship-bounds.svg	1x1/lorc/relationship-bounds.svg
1x1-lorc-relic-blade.svg	1x1/lorc/relic-blade.svg
1x1-lorc-resonance.svg	1x1/lorc/resonance.svg
1x1-lorc-reticule.svg	1x1/lorc/reticule.svg
1x1-lorc-return-arrow.svg	1x1/lorc/return-arrow.svg
1x1-lorc-ribbon.svg	1x1/lorc/ribbon.svg
1x1-lorc-ribcage.svg	1x1/lorc/ribcage.svg
1x1-lorc-ringed-beam.svg	1x1/lorc/ringed-beam.svg
1x1-lorc-ringed-planet.svg	1x1/lorc/ringed-planet.svg
1x1-lorc-ringing-bell.svg	1x1/lorc/ringing-bell.svg
1x1-lorc-riot-shield.svg	1x1/lorc/riot-shield.svg
1x1-lorc-roast-chicken.svg	1x1/lorc/roast-chicken.svg
1x1-lorc-robe.svg	1x1/lorc/robe.svg
1x1-lorc-robot-golem.svg	1x1/lorc/robot-golem.svg
1x1-lorc-rock.svg	1x1/lorc/rock.svg
1x1-lorc-rocket-flight.svg	1x1/lorc/rocket-flight.svg
1x1-lorc-rocket.svg	1x1/lorc/rocket.svg
1x1-lorc-rogue.svg	1x1/lorc/rogue.svg
1x1-lorc-rolling-bomb.svg	1x1/lorc/rolling-bomb.svg
1x1-lorc-rolling-energy.svg	1x1/lorc/rolling-energy.svg
1x1-lorc-root-tip.svg	1x1/lorc/root-tip.svg
1x1-lorc-rosa-shield.svg	1x1/lorc/rosa-shield.svg
1x1-lorc-rose.svg	1x1/lorc/rose.svg
1x1-lorc-rough-wound.svg	1x1/lorc/rough-wound.svg
1x1-lorc-round-bottom-flask.svg	1x1/lorc/round-bottom-flask.svg
1x1-lorc-round-struck.svg	1x1/lorc/round-struck.svg
1x1-lorc-royal-love.svg	1x1/lorc/royal-love.svg
1x1-lorc-rss.svg	1x1/lorc/rss.svg
1x1-lorc-run.svg	1x1/lorc/run.svg
1x1-lorc-rune-stone.svg	1x1/lorc/rune-stone.svg
1x1-lorc-rune-sword.svg	1x1/lorc/rune-sword.svg
1x1-lorc-saber-slash.svg	1x1/lorc/saber-slash.svg
1x1-lorc-saber-tooth.svg	1x1/lorc/saber-tooth.svg
1x1-lorc-sabers-choc.svg	1x1/lorc/sabers-choc.svg
1x1-lorc-sacrificial-dagger.svg	1x1/lorc/sacrificial-dagger.svg
1x1-lorc-sad-crab.svg	1x1/lorc/sad-crab.svg
1x1-lorc-salamander.svg	1x1/lorc/salamander.svg
1x1-lorc-salt-shaker.svg	1x1/lorc/salt-shaker.svg
1x1-lorc-sands-of-time.svg	1x1/lorc/sands-of-time.svg
1x1-lorc-saphir.svg	1x1/lorc/saphir.svg
1x1-lorc-satellite.svg	1x1/lorc/satellite.svg
1x1-lorc-saw-claw.svg	1x1/lorc/saw-claw.svg
1x1-lorc-scale-mail.svg	1x1/lorc/scale-mail.svg
1x1-lorc-scales.svg	1x1/lorc/scales.svg
1x1-lorc-scallop.svg	1x1/lorc/scallop.svg
1x1-lorc-scalpel-strike.svg	1x1/lorc/scalpel-strike.svg
1x1-lorc-scalpel.svg	1x1/lorc/scalpel.svg
1x1-lorc-scar-wound.svg	1x1/lorc/scar-wound.svg
1x1-lorc-scarab-beetle.svg	1x1/lorc/scarab-beetle.svg
1x1-lorc-scarecrow.svg	1x1/lorc/scarecrow.svg
1x1-lorc-scissors.svg	1x1/lorc/scissors.svg
1x1-lorc-scorpion-tail.svg	1x1/lorc/scorpion-tail.svg
1x1-lorc-scorpion.svg	1x1/lorc/scorpion.svg
1x1-lorc-screaming.svg	1x1/lorc/screaming.svg
1x1-lorc-screen-impact.svg	1x1/lorc/screen-impact.svg
1x1-lorc-screw.svg	1x1/lorc/screw.svg
1x1-lorc-screwdriver.svg	1x1/lorc/screwdriver.svg
1x1-lorc-scroll-unfurled.svg	1x1/lorc/scroll-unfurled.svg
1x1-lorc-scythe.svg	1x1/lorc/scythe.svg
1x1-lorc-sea-dragon.svg	1x1/lorc/sea-dragon.svg
1x1-lorc-sea-serpent.svg	1x1/lorc/sea-serpent.svg
1x1-lorc-seated-mouse.svg	1x1/lorc/seated-mouse.svg
1x1-lorc-self-love.svg	1x1/lorc/self-love.svg
1x1-lorc-semi-closed-eye.svg	1x1/lorc/semi-closed-eye.svg
1x1-lorc-sensuousness.svg	1x1/lorc/sensuousness.svg
1x1-lorc-sentry-gun.svg	1x1/lorc/sentry-gun.svg
1x1-lorc-serrated-slash.svg	1x1/lorc/serrated-slash.svg
1x1-lorc-sewed-shell.svg	1x1/lorc/sewed-shell.svg
1x1-lorc-sewing-needle.svg	1x1/lorc/sewing-needle.svg
1x1-lorc-shadow-follower.svg	1x1/lorc/shadow-follower.svg
1x1-lorc-shadow-grasp.svg	1x1/lorc/shadow-grasp.svg
1x1-lorc-shard-sword.svg	1x1/lorc/shard-sword.svg
1x1-lorc-shark-jaws.svg	1x1/lorc/shark-jaws.svg
1x1-lorc-sharp-crown.svg	1x1/lorc/sharp-crown.svg
1x1-lorc-sharp-lips.svg	1x1/lorc/sharp-lips.svg
1x1-lorc-sharp-smile.svg	1x1/lorc/sharp-smile.svg
1x1-lorc-sharped-teeth-skull.svg	1x1/lorc/sharped-teeth-skull.svg
1x1-lorc-shatter.svg	1x1/lorc/shatter.svg
1x1-lorc-shattered-glass.svg	1x1/lorc/shattered-glass.svg
1x1-lorc-shattered-sword.svg	1x1/lorc/shattered-sword.svg
1x1-lorc-sheikah-eye.svg	1x1/lorc/sheikah-eye.svg
1x1-lorc-shield-bounces.svg	1x1/lorc/shield-bounces.svg
1x1-lorc-shield-echoes.svg	1x1/lorc/shield-echoes.svg
1x1-lorc-shield-reflect.svg	1x1/lorc/shield-reflect.svg
1x1-lorc-shieldcomb.svg	1x1/lorc/shieldcomb.svg
1x1-lorc-shining-claw.svg	1x1/lorc/shining-claw.svg
1x1-lorc-shining-heart.svg	1x1/lorc/shining-heart.svg
1x1-lorc-shining-sword.svg	1x1/lorc/shining-sword.svg
1x1-lorc-shiny-apple.svg	1x1/lorc/shiny-apple.svg
1x1-lorc-shiny-entrance.svg	1x1/lorc/shiny-entrance.svg
1x1-lorc-shiny-iris.svg	1x1/lorc/shiny-iris.svg
1x1-lorc-shiny-omega.svg	1x1/lorc/shiny-omega.svg
1x1-lorc-shiny-purse.svg	1x1/lorc/shiny-purse.svg
1x1-lorc-shoulder-scales.svg	1x1/lorc/shoulder-scales.svg
1x1-lorc-shouting.svg	1x1/lorc/shouting.svg
1x1-lorc-shuriken-aperture.svg	1x1/lorc/shuriken-aperture.svg
1x1-lorc-shuriken.svg	1x1/lorc/shuriken.svg
1x1-lorc-shut-rose.svg	1x1/lorc/shut-rose.svg
1x1-lorc-silence.svg	1x1/lorc/silence.svg
1x1-lorc-sing.svg	1x1/lorc/sing.svg
1x1-lorc-sinking-trap.svg	1x1/lorc/sinking-trap.svg
1x1-lorc-sinusoidal-beam.svg	1x1/lorc/sinusoidal-beam.svg
1x1-lorc-six-eyes.svg	1x1/lorc/six-eyes.svg
1x1-lorc-skeleton-inside.svg	1x1/lorc/skeleton-inside.svg
1x1-lorc-skeleton-key.svg	1x1/lorc/skeleton-key.svg
1x1-lorc-skid-mark.svg	1x1/lorc/skid-mark.svg
1x1-lorc-skull-bolt.svg	1x1/lorc/skull-bolt.svg
1x1-lorc-skull-crack.svg	1x1/lorc/skull-crack.svg
1x1-lorc-skull-crossed-bones.svg	1x1/lorc/skull-crossed-bones.svg
1x1-lorc-skull-in-jar.svg	1x1/lorc/skull-in-jar.svg
1x1-lorc-skull-mask.svg	1x1/lorc/skull-mask.svg
1x1-lorc-skull-ring.svg	1x1/lorc/skull-ring.svg
1x1-lorc-skull-shield.svg	1x1/lorc/skull-shield.svg
1x1-lorc-skull-signet.svg	1x1/lorc/skull-signet.svg
1x1-lorc-skull-slices.svg	1x1/lorc/skull-slices.svg
1x1-lorc-slap.svg	1x1/lorc/slap.svg
1x1-lorc-slashed-shield.svg	1x1/lorc/slashed-shield.svg
1x1-lorc-slavery-whip.svg	1x1/lorc/slavery-whip.svg
1x1-lorc-sleepy.svg	1x1/lorc/sleepy.svg
1x1-lorc-sliced-bread.svg	1x1/lorc/sliced-bread.svg
1x1-lorc-slicing-arrow.svg	1x1/lorc/slicing-arrow.svg
1x1-lorc-sly.svg	1x1/lorc/sly.svg
1x1-lorc-small-fire.svg	1x1/lorc/small-fire.svg
1x1-lorc-smash-arrows.svg	1x1/lorc/smash-arrows.svg
1x1-lorc-smitten.svg	1x1/lorc/smitten.svg
1x1-lorc-smoking-finger.svg	1x1/lorc/smoking-finger.svg
1x1-lorc-smoking-orb.svg	1x1/lorc/smoking-orb.svg
1x1-lorc-snail.svg	1x1/lorc/snail.svg
1x1-lorc-snake-bite.svg	1x1/lorc/snake-bite.svg
1x1-lorc-snake-totem.svg	1x1/lorc/snake-totem.svg
1x1-lorc-snake.svg	1x1/lorc/snake.svg
1x1-lorc-snatch.svg	1x1/lorc/snatch.svg
1x1-lorc-snout.svg	1x1/lorc/snout.svg
1x1-lorc-snow-bottle.svg	1x1/lorc/snow-bottle.svg
1x1-lorc-snowflake-1.svg	1x1/lorc/snowflake-1.svg
1x1-lorc-snowflake-2.svg	1x1/lorc/snowflake-2.svg
1x1-lorc-snowing.svg	1x1/lorc/snowing.svg
1x1-lorc-snowman.svg	1x1/lorc/snowman.svg
1x1-lorc-soap-experiment.svg	1x1/lorc/soap-experiment.svg
1x1-lorc-sonic-boom.svg	1x1/lorc/sonic-boom.svg
1x1-lorc-sonic-lightning.svg	1x1/lorc/sonic-lightning.svg
1x1-lorc-sonic-screech.svg	1x1/lorc/sonic-screech.svg
1x1-lorc-sonic-shout.svg	1x1/lorc/sonic-shout.svg
1x1-lorc-space-suit.svg	1x1/lorc/space-suit.svg
1x1-lorc-spade-skull.svg	1x1/lorc/spade-skull.svg
1x1-lorc-spade.svg	1x1/lorc/spade.svg
1x1-lorc-spanner.svg	1x1/lorc/spanner.svg
1x1-lorc-spark-spirit.svg	1x1/lorc/spark-spirit.svg
1x1-lorc-sparkling-sabre.svg	1x1/lorc/sparkling-sabre.svg
1x1-lorc-sparky-bomb.svg	1x1/lorc/sparky-bomb.svg
1x1-lorc-sparrow.svg	1x1/lorc/sparrow.svg
1x1-lorc-spartan.svg	1x1/lorc/spartan.svg
1x1-lorc-spatter.svg	1x1/lorc/spatter.svg
1x1-lorc-spear-hook.svg	1x1/lorc/spear-hook.svg
1x1-lorc-spears.svg	1x1/lorc/spears.svg
1x1-lorc-spectacle-lenses.svg	1x1/lorc/spectacle-lenses.svg
1x1-lorc-spectacles.svg	1x1/lorc/spectacles.svg
1x1-lorc-spectre.svg	1x1/lorc/spectre.svg
1x1-lorc-spider-web.svg	1x1/lorc/spider-web.svg
1x1-lorc-spiked-armor.svg	1x1/lorc/spiked-armor.svg
1x1-lorc-spiked-collar.svg	1x1/lorc/spiked-collar.svg
1x1-lorc-spiked-fence.svg	1x1/lorc/spiked-fence.svg
1x1-lorc-spiked-halo.svg	1x1/lorc/spiked-halo.svg
1x1-lorc-spiked-mace.svg	1x1/lorc/spiked-mace.svg
1x1-lorc-spiked-shell.svg	1x1/lorc/spiked-shell.svg
1x1-lorc-spiked-snail.svg	1x1/lorc/spiked-snail.svg
1x1-lorc-spiked-tail.svg	1x1/lorc/spiked-tail.svg
1x1-lorc-spiked-tentacle.svg	1x1/lorc/spiked-tentacle.svg
1x1-lorc-spiky-eclipse.svg	1x1/lorc/spiky-eclipse.svg
1x1-lorc-spiky-explosion.svg	1x1/lorc/spiky-explosion.svg
1x1-lorc-spiky-field.svg	1x1/lorc/spiky-field.svg
1x1-lorc-spill.svg	1x1/lorc/spill.svg
1x1-lorc-spinal-coil.svg	1x1/lorc/spinal-coil.svg
1x1-lorc-spine-arrow.svg	1x1/lorc/spine-arrow.svg
1x1-lorc-spinning-blades.svg	1x1/lorc/spinning-blades.svg
1x1-lorc-spinning-ribbons.svg	1x1/lorc/spinning-ribbons.svg
1x1-lorc-spinning-sword.svg	1x1/lorc/spinning-sword.svg
1x1-lorc-spiral-arrow.svg	1x1/lorc/spiral-arrow.svg
1x1-lorc-spiral-bloom.svg	1x1/lorc/spiral-bloom.svg
1x1-lorc-spiral-bottle.svg	1x1/lorc/spiral-bottle.svg
1x1-lorc-spiral-shell.svg	1x1/lorc/spiral-shell.svg
1x1-lorc-spiral-tentacle.svg	1x1/lorc/spiral-tentacle.svg
1x1-lorc-spiral-thrust.svg	1x1/lorc/spiral-thrust.svg
1x1-lorc-splash.svg	1x1/lorc/splash.svg
1x1-lorc-splashy-stream.svg	1x1/lorc/splashy-stream.svg
1x1-lorc-split-body.svg	1x1/lorc/split-body.svg
1x1-lorc-split-cross.svg	1x1/lorc/split-cross.svg
1x1-lorc-splurt.svg	1x1/lorc/splurt.svg
1x1-lorc-spoon.svg	1x1/lorc/spoon.svg
1x1-lorc-spoted-flower.svg	1x1/lorc/spoted-flower.svg
1x1-lorc-spotted-arrowhead.svg	1x1/lorc/spotted-arrowhead.svg
1x1-lorc-spotted-mushroom.svg	1x1/lorc/spotted-mushroom.svg
1x1-lorc-spotted-wound.svg	1x1/lorc/spotted-wound.svg
1x1-lorc-spoutnik.svg	1x1/lorc/spoutnik.svg
1x1-lorc-spray.svg	1x1/lorc/spray.svg
1x1-lorc-sprint.svg	1x1/lorc/sprint.svg
1x1-lorc-sprout-disc.svg	1x1/lorc/sprout-disc.svg
1x1-lorc-sprout.svg	1x1/lorc/sprout.svg
1x1-lorc-spyglass.svg	1x1/lorc/spyglass.svg
1x1-lorc-square-bottle.svg	1x1/lorc/square-bottle.svg
1x1-lorc-squib.svg	1x1/lorc/squib.svg
1x1-lorc-squid-head.svg	1x1/lorc/squid-head.svg
1x1-lorc-squid.svg	1x1/lorc/squid.svg
1x1-lorc-stag-head.svg	1x1/lorc/stag-head.svg
1x1-lorc-stalagtite.svg	1x1/lorc/stalagtite.svg
1x1-lorc-standing-potion.svg	1x1/lorc/standing-potion.svg
1x1-lorc-star-cycle.svg	1x1/lorc/star-cycle.svg
1x1-lorc-star-prominences.svg	1x1/lorc/star-prominences.svg
1x1-lorc-star-pupil.svg	1x1/lorc/star-pupil.svg
1x1-lorc-star-satellites.svg	1x1/lorc/star-satellites.svg
1x1-lorc-star-skull.svg	1x1/lorc/star-skull.svg
1x1-lorc-star-swirl.svg	1x1/lorc/star-swirl.svg
1x1-lorc-staryu.svg	1x1/lorc/staryu.svg
1x1-lorc-static-guard.svg	1x1/lorc/static-guard.svg
1x1-lorc-static-waves.svg	1x1/lorc/static-waves.svg
1x1-lorc-static.svg	1x1/lorc/static.svg
1x1-lorc-steel-claws.svg	1x1/lorc/steel-claws.svg
1x1-lorc-steeltoe-boots.svg	1x1/lorc/steeltoe-boots.svg
1x1-lorc-steelwing-emblem.svg	1x1/lorc/steelwing-emblem.svg
1x1-lorc-stick-splitting.svg	1x1/lorc/stick-splitting.svg
1x1-lorc-sticking-plaster.svg	1x1/lorc/sticking-plaster.svg
1x1-lorc-stigmata.svg	1x1/lorc/stigmata.svg
1x1-lorc-stiletto.svg	1x1/lorc/stiletto.svg
1x1-lorc-stitched-wound.svg	1x1/lorc/stitched-wound.svg
1x1-lorc-stomp-tornado.svg	1x1/lorc/stomp-tornado.svg
1x1-lorc-stomp.svg	1x1/lorc/stomp.svg
1x1-lorc-stone-axe.svg	1x1/lorc/stone-axe.svg
1x1-lorc-stone-block.svg	1x1/lorc/stone-block.svg
1x1-lorc-stone-crafting.svg	1x1/lorc/stone-crafting.svg
1x1-lorc-stone-spear.svg	1x1/lorc/stone-spear.svg
1x1-lorc-stone-sphere.svg	1x1/lorc/stone-sphere.svg
1x1-lorc-stone-tablet.svg	1x1/lorc/stone-tablet.svg
1x1-lorc-stone-throne.svg	1x1/lorc/stone-throne.svg
1x1-lorc-stone-tower.svg	1x1/lorc/stone-tower.svg
1x1-lorc-stoned-skull.svg	1x1/lorc/stoned-skull.svg
1x1-lorc-stopwatch.svg	1x1/lorc/stopwatch.svg
1x1-lorc-strafe.svg	1x1/lorc/strafe.svg
1x1-lorc-striking-arrows.svg	1x1/lorc/striking-arrows.svg
1x1-lorc-striking-balls.svg	1x1/lorc/striking-balls.svg
1x1-lorc-striking-clamps.svg	1x1/lorc/striking-clamps.svg
1x1-lorc-striking-diamonds.svg	1x1/lorc/striking-diamonds.svg
1x1-lorc-striking-splinter.svg	1x1/lorc/striking-splinter.svg
1x1-lorc-striped-sword.svg	1x1/lorc/striped-sword.svg
1x1-lorc-strong.svg	1x1/lorc/strong.svg
1x1-lorc-suckered-tentacle.svg	1x1/lorc/suckered-tentacle.svg
1x1-lorc-suits.svg	1x1/lorc/suits.svg
1x1-lorc-sun-radiations.svg	1x1/lorc/sun-radiations.svg
1x1-lorc-sun.svg	1x1/lorc/sun.svg
1x1-lorc-sunbeams.svg	1x1/lorc/sunbeams.svg
1x1-lorc-sundial.svg	1x1/lorc/sundial.svg
1x1-lorc-sunken-eye.svg	1x1/lorc/sunken-eye.svg
1x1-lorc-sunrise.svg	1x1/lorc/sunrise.svg
1x1-lorc-super-mushroom.svg	1x1/lorc/super-mushroom.svg
1x1-lorc-supersonic-arrow.svg	1x1/lorc/supersonic-arrow.svg
1x1-lorc-supersonic-bullet.svg	1x1/lorc/supersonic-bullet.svg
1x1-lorc-surprised-skull.svg	1x1/lorc/surprised-skull.svg
1x1-lorc-surprised.svg	1x1/lorc/surprised.svg
1x1-lorc-surrounded-eye.svg	1x1/lorc/surrounded-eye.svg
1x1-lorc-surrounded-shield.svg	1x1/lorc/surrounded-shield.svg
1x1-lorc-suspicious.svg	1x1/lorc/suspicious.svg
1x1-lorc-swallow.svg	1x1/lorc/swallow.svg
1x1-lorc-swan-breeze.svg	1x1/lorc/swan-breeze.svg
1x1-lorc-swan.svg	1x1/lorc/swan.svg
1x1-lorc-swap-bag.svg	1x1/lorc/swap-bag.svg
1x1-lorc-swirl-ring.svg	1x1/lorc/swirl-ring.svg
1x1-lorc-swirl-string.svg	1x1/lorc/swirl-string.svg
1x1-lorc-sword-array.svg	1x1/lorc/sword-array.svg
1x1-lorc-sword-break.svg	1x1/lorc/sword-break.svg
1x1-lorc-sword-clash.svg	1x1/lorc/sword-clash.svg
1x1-lorc-sword-hilt.svg	1x1/lorc/sword-hilt.svg
1x1-lorc-sword-in-stone.svg	1x1/lorc/sword-in-stone.svg
1x1-lorc-sword-slice.svg	1x1/lorc/sword-slice.svg
1x1-lorc-sword-smithing.svg	1x1/lorc/sword-smithing.svg
1x1-lorc-sword-spade.svg	1x1/lorc/sword-spade.svg
1x1-lorc-sword-spin.svg	1x1/lorc/sword-spin.svg
1x1-lorc-sword-tie.svg	1x1/lorc/sword-tie.svg
1x1-lorc-sword-wound.svg	1x1/lorc/sword-wound.svg
1x1-lorc-swords-emblem.svg	1x1/lorc/swords-emblem.svg
1x1-lorc-syringe.svg	1x1/lorc/syringe.svg
1x1-lorc-tank.svg	1x1/lorc/tank.svg
1x1-lorc-target-arrows.svg	1x1/lorc/target-arrows.svg
1x1-lorc-target-dummy.svg	1x1/lorc/target-dummy.svg
1x1-lorc-target-shot.svg	1x1/lorc/target-shot.svg
1x1-lorc-targeting.svg	1x1/lorc/targeting.svg
1x1-lorc-tattered-banner.svg	1x1/lorc/tattered-banner.svg
1x1-lorc-teapot.svg	1x1/lorc/teapot.svg
1x1-lorc-tear-tracks.svg	1x1/lorc/tear-tracks.svg
1x1-lorc-tearing.svg	1x1/lorc/tearing.svg
1x1-lorc-techno-heart.svg	1x1/lorc/techno-heart.svg
1x1-lorc-telepathy.svg	1x1/lorc/telepathy.svg
1x1-lorc-teleport.svg	1x1/lorc/teleport.svg
1x1-lorc-templar-eye.svg	1x1/lorc/templar-eye.svg
1x1-lorc-templar-heart.svg	1x1/lorc/templar-heart.svg
1x1-lorc-temptation.svg	1x1/lorc/temptation.svg
1x1-lorc-tension-snowflake.svg	1x1/lorc/tension-snowflake.svg
1x1-lorc-tentacle-heart.svg	1x1/lorc/tentacle-heart.svg
1x1-lorc-tentacle-strike.svg	1x1/lorc/tentacle-strike.svg
1x1-lorc-tentacles-skull.svg	1x1/lorc/tentacles-skull.svg
1x1-lorc-tentacurl.svg	1x1/lorc/tentacurl.svg
1x1-lorc-terror.svg	1x1/lorc/terror.svg
1x1-lorc-tesla-coil.svg	1x1/lorc/tesla-coil.svg
1x1-lorc-tesla-turret.svg	1x1/lorc/tesla-turret.svg
1x1-lorc-test-tubes.svg	1x1/lorc/test-tubes.svg
1x1-lorc-thermometer-scale.svg	1x1/lorc/thermometer-scale.svg
1x1-lorc-third-eye.svg	1x1/lorc/third-eye.svg
1x1-lorc-thor-fist.svg	1x1/lorc/thor-fist.svg
1x1-lorc-thorn-helix.svg	1x1/lorc/thorn-helix.svg
1x1-lorc-thorned-arrow.svg	1x1/lorc/thorned-arrow.svg
1x1-lorc-thorny-tentacle.svg	1x1/lorc/thorny-tentacle.svg
1x1-lorc-thorny-vine.svg	1x1/lorc/thorny-vine.svg
1x1-lorc-three-burning-balls.svg	1x1/lorc/three-burning-balls.svg
1x1-lorc-three-keys.svg	1x1/lorc/three-keys.svg
1x1-lorc-three-leaves.svg	1x1/lorc/three-leaves.svg
1x1-lorc-thrown-charcoal.svg	1x1/lorc/thrown-charcoal.svg
1x1-lorc-thrown-daggers.svg	1x1/lorc/thrown-daggers.svg
1x1-lorc-thrown-knife.svg	1x1/lorc/thrown-knife.svg
1x1-lorc-thrown-spear.svg	1x1/lorc/thrown-spear.svg
1x1-lorc-thunder-blade.svg	1x1/lorc/thunder-blade.svg
1x1-lorc-thunder-skull.svg	1x1/lorc/thunder-skull.svg
1x1-lorc-thunder-struck.svg	1x1/lorc/thunder-struck.svg
1x1-lorc-thunderball.svg	1x1/lorc/thunderball.svg
1x1-lorc-tick.svg	1x1/lorc/tick.svg
1x1-lorc-tied-scroll.svg	1x1/lorc/tied-scroll.svg
1x1-lorc-time-bomb.svg	1x1/lorc/time-bomb.svg
1x1-lorc-time-trap.svg	1x1/lorc/time-trap.svg
1x1-lorc-tinker.svg	1x1/lorc/tinker.svg
1x1-lorc-toad-teeth.svg	1x1/lorc/toad-teeth.svg
1x1-lorc-tombstone.svg	1x1/lorc/tombstone.svg
1x1-lorc-tooth.svg	1x1/lorc/tooth.svg
1x1-lorc-top-hat.svg	1x1/lorc/top-hat.svg
1x1-lorc-top-paw.svg	1x1/lorc/top-paw.svg
1x1-lorc-tornado-discs.svg	1x1/lorc/tornado-discs.svg
1x1-lorc-tornado.svg	1x1/lorc/tornado.svg
1x1-lorc-totem-head.svg	1x1/lorc/totem-head.svg
1x1-lorc-totem-mask.svg	1x1/lorc/totem-mask.svg
1x1-lorc-tower-fall.svg	1x1/lorc/tower-fall.svg
1x1-lorc-trade.svg	1x1/lorc/trade.svg
1x1-lorc-transfuse.svg	1x1/lorc/transfuse.svg
1x1-lorc-transparent-tubes.svg	1x1/lorc/transparent-tubes.svg
1x1-lorc-transportation-rings.svg	1x1/lorc/transportation-rings.svg
1x1-lorc-trap-mask.svg	1x1/lorc/trap-mask.svg
1x1-lorc-tread.svg	1x1/lorc/tread.svg
1x1-lorc-treasure-map.svg	1x1/lorc/treasure-map.svg
1x1-lorc-tree-branch.svg	1x1/lorc/tree-branch.svg
1x1-lorc-trefoil-lily.svg	1x1/lorc/trefoil-lily.svg
1x1-lorc-trefoil-shuriken.svg	1x1/lorc/trefoil-shuriken.svg
1x1-lorc-tribal-mask.svg	1x1/lorc/tribal-mask.svg
1x1-lorc-trident.svg	1x1/lorc/trident.svg
1x1-lorc-trilobite.svg	1x1/lorc/trilobite.svg
1x1-lorc-triorb.svg	1x1/lorc/triorb.svg
1x1-lorc-triple-beak.svg	1x1/lorc/triple-beak.svg
1x1-lorc-triple-claws.svg	1x1/lorc/triple-claws.svg
1x1-lorc-triple-corn.svg	1x1/lorc/triple-corn.svg
1x1-lorc-triple-lock.svg	1x1/lorc/triple-lock.svg
1x1-lorc-triple-needle.svg	1x1/lorc/triple-needle.svg
1x1-lorc-triple-plier.svg	1x1/lorc/triple-plier.svg
1x1-lorc-triple-scratches.svg	1x1/lorc/triple-scratches.svg
1x1-lorc-triple-shells.svg	1x1/lorc/triple-shells.svg
1x1-lorc-triple-skulls.svg	1x1/lorc/triple-skulls.svg
1x1-lorc-triple-yin.svg	1x1/lorc/triple-yin.svg
1x1-lorc-tripwire.svg	1x1/lorc/tripwire.svg
1x1-lorc-triton-head.svg	1x1/lorc/triton-head.svg
1x1-lorc-tron-arrow.svg	1x1/lorc/tron-arrow.svg
1x1-lorc-trophy.svg	1x1/lorc/trophy.svg
1x1-lorc-trousers.svg	1x1/lorc/trousers.svg
1x1-lorc-tumor.svg	1x1/lorc/tumor.svg
1x1-lorc-tune-pitch.svg	1x1/lorc/tune-pitch.svg
1x1-lorc-turd.svg	1x1/lorc/turd.svg
1x1-lorc-turtle-shell.svg	1x1/lorc/turtle-shell.svg
1x1-lorc-turtle.svg	1x1/lorc/turtle.svg
1x1-lorc-twin-shell.svg	1x1/lorc/twin-shell.svg
1x1-lorc-twirl-center.svg	1x1/lorc/twirl-center.svg
1x1-lorc-twirly-flower.svg	1x1/lorc/twirly-flower.svg
1x1-lorc-twister.svg	1x1/lorc/twister.svg
1x1-lorc-two-feathers.svg	1x1/lorc/two-feathers.svg
1x1-lorc-two-shadows.svg	1x1/lorc/two-shadows.svg
1x1-lorc-tyre.svg	1x1/lorc/tyre.svg
1x1-lorc-ubisoft-sun.svg	1x1/lorc/ubisoft-sun.svg
1x1-lorc-ultrasound.svg	1x1/lorc/ultrasound.svg
1x1-lorc-umbrella.svg	1x1/lorc/umbrella.svg
1x1-lorc-uncertainty.svg	1x1/lorc/uncertainty.svg
1x1-lorc-unfriendly-fire.svg	1x1/lorc/unfriendly-fire.svg
1x1-lorc-unlit-bomb.svg	1x1/lorc/unlit-bomb.svg
1x1-lorc-unlit-candelabra.svg	1x1/lorc/unlit-candelabra.svg
1x1-lorc-unlocking.svg	1x1/lorc/unlocking.svg
1x1-lorc-unstable-orb.svg	1x1/lorc/unstable-orb.svg
1x1-lorc-unstable-projectile.svg	1x1/lorc/unstable-projectile.svg
1x1-lorc-valley.svg	1x1/lorc/valley.svg
1x1-lorc-vanilla-flower.svg	1x1/lorc/vanilla-flower.svg
1x1-lorc-vibrating-ball.svg	1x1/lorc/vibrating-ball.svg
1x1-lorc-vile-fluid.svg	1x1/lorc/vile-fluid.svg
1x1-lorc-vine-flower.svg	1x1/lorc/vine-flower.svg
1x1-lorc-vine-leaf.svg	1x1/lorc/vine-leaf.svg
1x1-lorc-vine-whip.svg	1x1/lorc/vine-whip.svg
1x1-lorc-vintage-robot.svg	1x1/lorc/vintage-robot.svg
1x1-lorc-viola.svg	1x1/lorc/viola.svg
1x1-lorc-virus.svg	1x1/lorc/virus.svg
1x1-lorc-visored-helm.svg	1x1/lorc/visored-helm.svg
1x1-lorc-volcano.svg	1x1/lorc/volcano.svg
1x1-lorc-vomiting.svg	1x1/lorc/vomiting.svg
1x1-lorc-voodoo-doll.svg	1x1/lorc/voodoo-doll.svg
1x1-lorc-vortex.svg	1x1/lorc/vortex.svg
1x1-lorc-vulture.svg	1x1/lorc/vulture.svg
1x1-lorc-walking-boot.svg	1x1/lorc/walking-boot.svg
1x1-lorc-wasp-sting.svg	1x1/lorc/wasp-sting.svg
1x1-lorc-water-bolt.svg	1x1/lorc/water-bolt.svg
1x1-lorc-water-splash.svg	1x1/lorc/water-splash.svg
1x1-lorc-wave-crest.svg	1x1/lorc/wave-crest.svg
1x1-lorc-wave-strike.svg	1x1/lorc/wave-strike.svg
1x1-lorc-waves.svg	1x1/lorc/waves.svg
1x1-lorc-wavy-chains.svg	1x1/lorc/wavy-chains.svg
1x1-lorc-wavy-itinerary.svg	1x1/lorc/wavy-itinerary.svg
1x1-lorc-wax-seal.svg	1x1/lorc/wax-seal.svg
1x1-lorc-web-spit.svg	1x1/lorc/web-spit.svg
1x1-lorc-werewolf.svg	1x1/lorc/werewolf.svg
1x1-lorc-wheat.svg	1x1/lorc/wheat.svg
1x1-lorc-whip.svg	1x1/lorc/whip.svg
1x1-lorc-whiplash.svg	1x1/lorc/whiplash.svg
1x1-lorc-whirlwind.svg	1x1/lorc/whirlwind.svg
1x1-lorc-white-tower.svg	1x1/lorc/white-tower.svg
1x1-lorc-wide-arrow-dunk.svg	1x1/lorc/wide-arrow-dunk.svg
1x1-lorc-wildfires.svg	1x1/lorc/wildfires.svg
1x1-lorc-william-tell-skull.svg	1x1/lorc/william-tell-skull.svg
1x1-lorc-william-tell.svg	1x1/lorc/william-tell.svg
1x1-lorc-wind-hole.svg	1x1/lorc/wind-hole.svg
1x1-lorc-wind-slap.svg	1x1/lorc/wind-slap.svg
1x1-lorc-windy-stripes.svg	1x1/lorc/windy-stripes.svg
1x1-lorc-wine-glass.svg	1x1/lorc/wine-glass.svg
1x1-lorc-wing-cloak.svg	1x1/lorc/wing-cloak.svg
1x1-lorc-winged-arrow.svg	1x1/lorc/winged-arrow.svg
1x1-lorc-winged-emblem.svg	1x1/lorc/winged-emblem.svg
1x1-lorc-winged-leg.svg	1x1/lorc/winged-leg.svg
1x1-lorc-winged-shield.svg	1x1/lorc/winged-shield.svg
1x1-lorc-winged-sword.svg	1x1/lorc/winged-sword.svg
1x1-lorc-wingfoot.svg	1x1/lorc/wingfoot.svg
1x1-lorc-witch-flight.svg	1x1/lorc/witch-flight.svg
1x1-lorc-wizard-staff.svg	1x1/lorc/wizard-staff.svg
1x1-lorc-wolf-head.svg	1x1/lorc/wolf-head.svg
1x1-lorc-wolf-howl.svg	1x1/lorc/wolf-howl.svg
1x1-lorc-wolf-trap.svg	1x1/lorc/wolf-trap.svg
1x1-lorc-wolverine-claws.svg	1x1/lorc/wolverine-claws.svg
1x1-lorc-wood-axe.svg	1x1/lorc/wood-axe.svg
1x1-lorc-wooden-door.svg	1x1/lorc/wooden-door.svg
1x1-lorc-wooden-fence.svg	1x1/lorc/wooden-fence.svg
1x1-lorc-wooden-sign.svg	1x1/lorc/wooden-sign.svg
1x1-lorc-world.svg	1x1/lorc/world.svg
1x1-lorc-worm-mouth.svg	1x1/lorc/worm-mouth.svg
1x1-lorc-worried-eyes.svg	1x1/lorc/worried-eyes.svg
1x1-lorc-wrapped-heart.svg	1x1/lorc/wrapped-heart.svg
1x1-lorc-wrapped-sweet.svg	1x1/lorc/wrapped-sweet.svg
1x1-lorc-wrapping-star.svg	1x1/lorc/wrapping-star.svg
1x1-lorc-wrecking-ball.svg	1x1/lorc/wrecking-ball.svg
1x1-lorc-wyvern.svg	1x1/lorc/wyvern.svg
1x1-lorc-zebra-shield.svg	1x1/lorc/zebra-shield.svg
1x1-lorc-zeus-sword.svg	1x1/lorc/zeus-sword.svg
1x1-lorc-zig-arrow.svg	1x1/lorc/zig-arrow.svg
1x1-lorc-zigzag-cage.svg	1x1/lorc/zigzag-cage.svg
1x1-lorc-zigzag-leaf.svg	1x1/lorc/zigzag-leaf.svg
1x1-lorc-zigzag-tune.svg	1x1/lorc/zigzag-tune.svg
1x1-lord-berandas-amplitude.svg	1x1/lord-berandas/amplitude.svg
1x1-lord-berandas-artificial-intelligence.svg	1x1/lord-berandas/artificial-intelligence.svg
1x1-lord-berandas-bomber.svg	1x1/lord-berandas/bomber.svg
1x1-lord-berandas-computing.svg	1x1/lord-berandas/computing.svg
1x1-lord-berandas-diagram.svg	1x1/lord-berandas/diagram.svg
1x1-lord-berandas-heavy-fighter.svg	1x1/lord-berandas/heavy-fighter.svg
1x1-lord-berandas-holosphere.svg	1x1/lord-berandas/holosphere.svg
1x1-lord-berandas-light-fighter.svg	1x1/lord-berandas/light-fighter.svg
1x1-lord-berandas-microscope.svg	1x1/lord-berandas/microscope.svg
1x1-lord-berandas-power-button.svg	1x1/lord-berandas/power-button.svg
1x1-lucasms-belt.svg	1x1/lucasms/belt.svg
1x1-lucasms-cloak.svg	1x1/lucasms/cloak.svg
1x1-lucasms-necklace.svg	1x1/lucasms/necklace.svg
1x1-lucasms-shirt.svg	1x1/lucasms/shirt.svg
1x1-lucasms-trousers.svg	1x1/lucasms/trousers.svg
1x1-pepijn-poolman-elven-castle.svg	1x1/pepijn-poolman/elven-castle.svg
1x1-pierre-leducq-anti-aircraft-gun.svg	1x1/pierre-leducq/anti-aircraft-gun.svg
1x1-pierre-leducq-shooner-sailboat.svg	1x1/pierre-leducq/shooner-sailboat.svg
1x1-pierre-leducq-small-fishing-sailboat.svg	1x1/pierre-leducq/small-fishing-sailboat.svg
1x1-priorblue-battery-0.svg	1x1/priorblue/battery-0.svg
1x1-priorblue-battery-100.svg	1x1/priorblue/battery-100.svg
1x1-priorblue-battery-25.svg	1x1/priorblue/battery-25.svg
1x1-priorblue-battery-50.svg	1x1/priorblue/battery-50.svg
1x1-priorblue-battery-75.svg	1x1/priorblue/battery-75.svg
1x1-priorblue-battery-minus.svg	1x1/priorblue/battery-minus.svg
1x1-priorblue-battery-plus.svg	1x1/priorblue/battery-plus.svg
1x1-quoting-artillery-shell.svg	1x1/quoting/artillery-shell.svg
1x1-quoting-biplane.svg	1x1/quoting/biplane.svg
1x1-quoting-bunker-assault.svg	1x1/quoting/bunker-assault.svg
1x1-quoting-bunker.svg	1x1/quoting/bunker.svg
1x1-quoting-card-pickup.svg	1x1/quoting/card-pickup.svg
1x1-quoting-card-play.svg	1x1/quoting/card-play.svg
1x1-quoting-damaged-house.svg	1x1/quoting/damaged-house.svg
1x1-quoting-field-gun.svg	1x1/quoting/field-gun.svg
1x1-quoting-lost-limb.svg	1x1/quoting/lost-limb.svg
1x1-quoting-military-ambulance.svg	1x1/quoting/military-ambulance.svg
1x1-quoting-poppy.svg	1x1/quoting/poppy.svg
1x1-quoting-trench-assault.svg	1x1/quoting/trench-assault.svg
1x1-rihlsul-chocolate-bar.svg	1x1/rihlsul/chocolate-bar.svg
1x1-rihlsul-milk-carton.svg	1x1/rihlsul/milk-carton.svg
1x1-rihlsul-peanut.svg	1x1/rihlsul/peanut.svg
1x1-sbed-acid-tube.svg	1x1/sbed/acid-tube.svg
1x1-sbed-acid.svg	1x1/sbed/acid.svg
1x1-sbed-ammo-box.svg	1x1/sbed/ammo-box.svg
1x1-sbed-arena.svg	1x1/sbed/arena.svg
1x1-sbed-battery-pack-alt.svg	1x1/sbed/battery-pack-alt.svg
1x1-sbed-battery-pack.svg	1x1/sbed/battery-pack.svg
1x1-sbed-big-egg.svg	1x1/sbed/big-egg.svg
1x1-sbed-blast.svg	1x1/sbed/blast.svg
1x1-sbed-blaster.svg	1x1/sbed/blaster.svg
1x1-sbed-burn.svg	1x1/sbed/burn.svg
1x1-sbed-cancel.svg	1x1/sbed/cancel.svg
1x1-sbed-chaingun.svg	1x1/sbed/chaingun.svg
1x1-sbed-circular-saw.svg	1x1/sbed/circular-saw.svg
1x1-sbed-claw.svg	1x1/sbed/claw.svg
1x1-sbed-clover-spiked.svg	1x1/sbed/clover-spiked.svg
1x1-sbed-clover.svg	1x1/sbed/clover.svg
1x1-sbed-crush.svg	1x1/sbed/crush.svg
1x1-sbed-death-skull.svg	1x1/sbed/death-skull.svg
1x1-sbed-doubled.svg	1x1/sbed/doubled.svg
1x1-sbed-duel.svg	1x1/sbed/duel.svg
1x1-sbed-egg-pod.svg	1x1/sbed/egg-pod.svg
1x1-sbed-electric.svg	1x1/sbed/electric.svg
1x1-sbed-evil-wings.svg	1x1/sbed/evil-wings.svg
1x1-sbed-expander.svg	1x1/sbed/expander.svg
1x1-sbed-fall-down.svg	1x1/sbed/fall-down.svg
1x1-sbed-falling.svg	1x1/sbed/falling.svg
1x1-sbed-fire.svg	1x1/sbed/fire.svg
1x1-sbed-fireflake.svg	1x1/sbed/fireflake.svg
1x1-sbed-flake.svg	1x1/sbed/flake.svg
1x1-sbed-flamer.svg	1x1/sbed/flamer.svg
1x1-sbed-grenade.svg	1x1/sbed/grenade.svg
1x1-sbed-hand.svg	1x1/sbed/hand.svg
1x1-sbed-head-shot.svg	1x1/sbed/head-shot.svg
1x1-sbed-health-decrease.svg	1x1/sbed/health-decrease.svg
1x1-sbed-health-increase.svg	1x1/sbed/health-increase.svg
1x1-sbed-health-normal.svg	1x1/sbed/health-normal.svg
1x1-sbed-helmet.svg	1x1/sbed/helmet.svg
1x1-sbed-help.svg	1x1/sbed/help.svg
1x1-sbed-hive.svg	1x1/sbed/hive.svg
1x1-sbed-hot-surface.svg	1x1/sbed/hot-surface.svg
1x1-sbed-jet-pack.svg	1x1/sbed/jet-pack.svg
1x1-sbed-kevlar.svg	1x1/sbed/kevlar.svg
1x1-sbed-key.svg	1x1/sbed/key.svg
1x1-sbed-laser-gun.svg	1x1/sbed/laser-gun.svg
1x1-sbed-lava.svg	1x1/sbed/lava.svg
1x1-sbed-level-four-advanced.svg	1x1/sbed/level-four-advanced.svg
1x1-sbed-level-four.svg	1x1/sbed/level-four.svg
1x1-sbed-level-three-advanced.svg	1x1/sbed/level-three-advanced.svg
1x1-sbed-level-three.svg	1x1/sbed/level-three.svg
1x1-sbed-level-two-advanced.svg	1x1/sbed/level-two-advanced.svg
1x1-sbed-level-two.svg	1x1/sbed/level-two.svg
1x1-sbed-lucifer-cannon.svg	1x1/sbed/lucifer-cannon.svg
1x1-sbed-mass-driver.svg	1x1/sbed/mass-driver.svg
1x1-sbed-medical-pack-alt.svg	1x1/sbed/medical-pack-alt.svg
1x1-sbed-medical-pack.svg	1x1/sbed/medical-pack.svg
1x1-sbed-nodular.svg	1x1/sbed/nodular.svg
1x1-sbed-nuclear.svg	1x1/sbed/nuclear.svg
1x1-sbed-overkill.svg	1x1/sbed/overkill.svg
1x1-sbed-overmind.svg	1x1/sbed/overmind.svg
1x1-sbed-poison-cloud.svg	1x1/sbed/poison-cloud.svg
1x1-sbed-poison.svg	1x1/sbed/poison.svg
1x1-sbed-pounce.svg	1x1/sbed/pounce.svg
1x1-sbed-pulse.svg	1x1/sbed/pulse.svg
1x1-sbed-reactor.svg	1x1/sbed/reactor.svg
1x1-sbed-regeneration.svg	1x1/sbed/regeneration.svg
1x1-sbed-revolt.svg	1x1/sbed/revolt.svg
1x1-sbed-rifle.svg	1x1/sbed/rifle.svg
1x1-sbed-select.svg	1x1/sbed/select.svg
1x1-sbed-shield.svg	1x1/sbed/shield.svg
1x1-sbed-shotgun.svg	1x1/sbed/shotgun.svg
1x1-sbed-slow-blob.svg	1x1/sbed/slow-blob.svg
1x1-sbed-snorkel.svg	1x1/sbed/snorkel.svg
1x1-sbed-spawn-node.svg	1x1/sbed/spawn-node.svg
1x1-sbed-spikeball.svg	1x1/sbed/spikeball.svg
1x1-sbed-spikes-full.svg	1x1/sbed/spikes-full.svg
1x1-sbed-spikes-half.svg	1x1/sbed/spikes-half.svg
1x1-sbed-spikes-init.svg	1x1/sbed/spikes-init.svg
1x1-sbed-spikes.svg	1x1/sbed/spikes.svg
1x1-sbed-splash.svg	1x1/sbed/splash.svg
1x1-sbed-suicide.svg	1x1/sbed/suicide.svg
1x1-sbed-syringe.svg	1x1/sbed/syringe.svg
1x1-sbed-target-laser.svg	1x1/sbed/target-laser.svg
1x1-sbed-targeted.svg	1x1/sbed/targeted.svg
1x1-sbed-telefrag.svg	1x1/sbed/telefrag.svg
1x1-sbed-tesla.svg	1x1/sbed/tesla.svg
1x1-sbed-tombstone.svg	1x1/sbed/tombstone.svg
1x1-sbed-trample.svg	1x1/sbed/trample.svg
1x1-sbed-trigger-hurt.svg	1x1/sbed/trigger-hurt.svg
1x1-sbed-turret.svg	1x1/sbed/turret.svg
1x1-sbed-unplugged.svg	1x1/sbed/unplugged.svg
1x1-sbed-usable.svg	1x1/sbed/usable.svg
1x1-sbed-vial.svg	1x1/sbed/vial.svg
1x1-sbed-water-drop.svg	1x1/sbed/water-drop.svg
1x1-sbed-weight-crush.svg	1x1/sbed/weight-crush.svg
1x1-sbed-wrench.svg	1x1/sbed/wrench.svg
1x1-seregacthtuf-acid-shield.svg	1x1/seregacthtuf/acid-shield.svg
1x1-seregacthtuf-armor-blueprint.svg	1x1/seregacthtuf/armor-blueprint.svg
1x1-seregacthtuf-pouch-with-beads.svg	1x1/seregacthtuf/pouch-with-beads.svg
1x1-seregacthtuf-sake-bottle.svg	1x1/seregacthtuf/sake-bottle.svg
1x1-seregacthtuf-thought-bubble.svg	1x1/seregacthtuf/thought-bubble.svg
1x1-skoll-achievement.svg	1x1/skoll/achievement.svg
1x1-skoll-air-force.svg	1x1/skoll/air-force.svg
1x1-skoll-airplane.svg	1x1/skoll/airplane.svg
1x1-skoll-ak47.svg	1x1/skoll/ak47.svg
1x1-skoll-ak47u.svg	1x1/skoll/ak47u.svg
1x1-skoll-allied-star.svg	1x1/skoll/allied-star.svg
1x1-skoll-amethyst.svg	1x1/skoll/amethyst.svg
1x1-skoll-amputation.svg	1x1/skoll/amputation.svg
1x1-skoll-apc.svg	1x1/skoll/apc.svg
1x1-skoll-atom.svg	1x1/skoll/atom.svg
1x1-skoll-balaclava.svg	1x1/skoll/balaclava.svg
1x1-skoll-balkenkreuz.svg	1x1/skoll/balkenkreuz.svg
1x1-skoll-ballista.svg	1x1/skoll/ballista.svg
1x1-skoll-bat.svg	1x1/skoll/bat.svg
1x1-skoll-baton.svg	1x1/skoll/baton.svg
1x1-skoll-bayonet.svg	1x1/skoll/bayonet.svg
1x1-skoll-big-diamond-ring.svg	1x1/skoll/big-diamond-ring.svg
1x1-skoll-blood.svg	1x1/skoll/blood.svg
1x1-skoll-bowie-knife.svg	1x1/skoll/bowie-knife.svg
1x1-skoll-box-trap.svg	1x1/skoll/box-trap.svg
1x1-skoll-bracers.svg	1x1/skoll/bracers.svg
1x1-skoll-breaking-chain.svg	1x1/skoll/breaking-chain.svg
1x1-skoll-brodie-helmet.svg	1x1/skoll/brodie-helmet.svg
1x1-skoll-bullseye.svg	1x1/skoll/bullseye.svg
1x1-skoll-bundle-grenade.svg	1x1/skoll/bundle-grenade.svg
1x1-skoll-burning-skull.svg	1x1/skoll/burning-skull.svg
1x1-skoll-butterfly-knife.svg	1x1/skoll/butterfly-knife.svg
1x1-skoll-c96.svg	1x1/skoll/c96.svg
1x1-skoll-carpet-bombing.svg	1x1/skoll/carpet-bombing.svg
1x1-skoll-cement-shoes.svg	1x1/skoll/cement-shoes.svg
1x1-skoll-chess-bishop.svg	1x1/skoll/chess-bishop.svg
1x1-skoll-chess-king.svg	1x1/skoll/chess-king.svg
1x1-skoll-chess-knight.svg	1x1/skoll/chess-knight.svg
1x1-skoll-chess-pawn.svg	1x1/skoll/chess-pawn.svg
1x1-skoll-chess-queen.svg	1x1/skoll/chess-queen.svg
1x1-skoll-chess-rook.svg	1x1/skoll/chess-rook.svg
1x1-skoll-click.svg	1x1/skoll/click.svg
1x1-skoll-clubs.svg	1x1/skoll/clubs.svg
1x1-skoll-cobra.svg	1x1/skoll/cobra.svg
1x1-skoll-colt-m1911.svg	1x1/skoll/colt-m1911.svg
1x1-skoll-combination-lock.svg	1x1/skoll/combination-lock.svg
1x1-skoll-console-controller.svg	1x1/skoll/console-controller.svg
1x1-skoll-crescent-blade.svg	1x1/skoll/crescent-blade.svg
1x1-skoll-cultist.svg	1x1/skoll/cultist.svg
1x1-skoll-cz-skorpion.svg	1x1/skoll/cz-skorpion.svg
1x1-skoll-d10.svg	1x1/skoll/d10.svg
1x1-skoll-d12.svg	1x1/skoll/d12.svg
1x1-skoll-d4.svg	1x1/skoll/d4.svg
1x1-skoll-desert-eagle.svg	1x1/skoll/desert-eagle.svg
1x1-skoll-diamonds.svg	1x1/skoll/diamonds.svg
1x1-skoll-divided-square.svg	1x1/skoll/divided-square.svg
1x1-skoll-donkey.svg	1x1/skoll/donkey.svg
1x1-skoll-dress.svg	1x1/skoll/dress.svg
1x1-skoll-drop-weapon.svg	1x1/skoll/drop-weapon.svg
1x1-skoll-evil-eyes.svg	1x1/skoll/evil-eyes.svg
1x1-skoll-f1-car.svg	1x1/skoll/f1-car.svg
1x1-skoll-famas.svg	1x1/skoll/famas.svg
1x1-skoll-fangs.svg	1x1/skoll/fangs.svg
1x1-skoll-fat.svg	1x1/skoll/fat.svg
1x1-skoll-fetus.svg	1x1/skoll/fetus.svg
1x1-skoll-fist.svg	1x1/skoll/fist.svg
1x1-skoll-flatbed-covered.svg	1x1/skoll/flatbed-covered.svg
1x1-skoll-flatbed.svg	1x1/skoll/flatbed.svg
1x1-skoll-fn-fal.svg	1x1/skoll/fn-fal.svg
1x1-skoll-footsteps.svg	1x1/skoll/footsteps.svg
1x1-skoll-fruit-bowl.svg	1x1/skoll/fruit-bowl.svg
1x1-skoll-gas-mask.svg	1x1/skoll/gas-mask.svg
1x1-skoll-gladius.svg	1x1/skoll/gladius.svg
1x1-skoll-glider.svg	1x1/skoll/glider.svg
1x1-skoll-glock.svg	1x1/skoll/glock.svg
1x1-skoll-goat.svg	1x1/skoll/goat.svg
1x1-skoll-halt.svg	1x1/skoll/halt.svg
1x1-skoll-ham-shank.svg	1x1/skoll/ham-shank.svg
1x1-skoll-hang-glider.svg	1x1/skoll/hang-glider.svg
1x1-skoll-hasty-grave.svg	1x1/skoll/hasty-grave.svg
1x1-skoll-headshot.svg	1x1/skoll/headshot.svg
1x1-skoll-hearing-disabled.svg	1x1/skoll/hearing-disabled.svg
1x1-skoll-hearts.svg	1x1/skoll/hearts.svg
1x1-skoll-hexes.svg	1x1/skoll/hexes.svg
1x1-skoll-inverted-dice-1.svg	1x1/skoll/inverted-dice-1.svg
1x1-skoll-inverted-dice-2.svg	1x1/skoll/inverted-dice-2.svg
1x1-skoll-inverted-dice-3.svg	1x1/skoll/inverted-dice-3.svg
1x1-skoll-inverted-dice-4.svg	1x1/skoll/inverted-dice-4.svg
1x1-skoll-inverted-dice-5.svg	1x1/skoll/inverted-dice-5.svg
1x1-skoll-inverted-dice-6.svg	1x1/skoll/inverted-dice-6.svg
1x1-skoll-iron-cross.svg	1x1/skoll/iron-cross.svg
1x1-skoll-jeep.svg	1x1/skoll/jeep.svg
1x1-skoll-joint.svg	1x1/skoll/joint.svg
1x1-skoll-kevlar-vest.svg	1x1/skoll/kevlar-vest.svg
1x1-skoll-knockout.svg	1x1/skoll/knockout.svg
1x1-skoll-laser-burst.svg	1x1/skoll/laser-burst.svg
1x1-skoll-lee-enfield.svg	1x1/skoll/lee-enfield.svg
1x1-skoll-logging.svg	1x1/skoll/logging.svg
1x1-skoll-long-legged-spider.svg	1x1/skoll/long-legged-spider.svg
1x1-skoll-luger.svg	1x1/skoll/luger.svg
1x1-skoll-m3-grease-gun.svg	1x1/skoll/m3-grease-gun.svg
1x1-skoll-mac-10.svg	1x1/skoll/mac-10.svg
1x1-skoll-machine-gun.svg	1x1/skoll/machine-gun.svg
1x1-skoll-minefield.svg	1x1/skoll/minefield.svg
1x1-skoll-molecule.svg	1x1/skoll/molecule.svg
1x1-skoll-mounted-knight.svg	1x1/skoll/mounted-knight.svg
1x1-skoll-mp-40.svg	1x1/skoll/mp-40.svg
1x1-skoll-mp5.svg	1x1/skoll/mp5.svg
1x1-skoll-mp5k.svg	1x1/skoll/mp5k.svg
1x1-skoll-musket.svg	1x1/skoll/musket.svg
1x1-skoll-nuclear-bomb.svg	1x1/skoll/nuclear-bomb.svg
1x1-skoll-oil-drum.svg	1x1/skoll/oil-drum.svg
1x1-skoll-open-chest.svg	1x1/skoll/open-chest.svg
1x1-skoll-open-palm.svg	1x1/skoll/open-palm.svg
1x1-skoll-open-treasure-chest.svg	1x1/skoll/open-treasure-chest.svg
1x1-skoll-orbit.svg	1x1/skoll/orbit.svg
1x1-skoll-p90.svg	1x1/skoll/p90.svg
1x1-skoll-pauldrons.svg	1x1/skoll/pauldrons.svg
1x1-skoll-pc.svg	1x1/skoll/pc.svg
1x1-skoll-pegasus.svg	1x1/skoll/pegasus.svg
1x1-skoll-pentacle.svg	1x1/skoll/pentacle.svg
1x1-skoll-pestle-mortar.svg	1x1/skoll/pestle-mortar.svg
1x1-skoll-pickelhaube.svg	1x1/skoll/pickelhaube.svg
1x1-skoll-pig.svg	1x1/skoll/pig.svg
1x1-skoll-platform.svg	1x1/skoll/platform.svg
1x1-skoll-pocket-watch.svg	1x1/skoll/pocket-watch.svg
1x1-skoll-pteruges.svg	1x1/skoll/pteruges.svg
1x1-skoll-race-car.svg	1x1/skoll/race-car.svg
1x1-skoll-raise-skeleton.svg	1x1/skoll/raise-skeleton.svg
1x1-skoll-raise-zombie.svg	1x1/skoll/raise-zombie.svg
1x1-skoll-rank-1.svg	1x1/skoll/rank-1.svg
1x1-skoll-rank-2.svg	1x1/skoll/rank-2.svg
1x1-skoll-rank-3.svg	1x1/skoll/rank-3.svg
1x1-skoll-read.svg	1x1/skoll/read.svg
1x1-skoll-retro-controller.svg	1x1/skoll/retro-controller.svg
1x1-skoll-revolver.svg	1x1/skoll/revolver.svg
1x1-skoll-sea-creature.svg	1x1/skoll/sea-creature.svg
1x1-skoll-shield-disabled.svg	1x1/skoll/shield-disabled.svg
1x1-skoll-siege-ram.svg	1x1/skoll/siege-ram.svg
1x1-skoll-sight-disabled.svg	1x1/skoll/sight-disabled.svg
1x1-skoll-siren.svg	1x1/skoll/siren.svg
1x1-skoll-skeleton.svg	1x1/skoll/skeleton.svg
1x1-skoll-smartphone.svg	1x1/skoll/smartphone.svg
1x1-skoll-solar-power.svg	1x1/skoll/solar-power.svg
1x1-skoll-sound-waves.svg	1x1/skoll/sound-waves.svg
1x1-skoll-spades.svg	1x1/skoll/spades.svg
1x1-skoll-spectre-m4.svg	1x1/skoll/spectre-m4.svg
1x1-skoll-spiked-ball.svg	1x1/skoll/spiked-ball.svg
1x1-skoll-spiked-bat.svg	1x1/skoll/spiked-bat.svg
1x1-skoll-spinning-top.svg	1x1/skoll/spinning-top.svg
1x1-skoll-spotted-bug.svg	1x1/skoll/spotted-bug.svg
1x1-skoll-stahlhelm.svg	1x1/skoll/stahlhelm.svg
1x1-skoll-steel-claws.svg	1x1/skoll/steel-claws.svg
1x1-skoll-steel-door.svg	1x1/skoll/steel-door.svg
1x1-skoll-steyr-aug.svg	1x1/skoll/steyr-aug.svg
1x1-skoll-stick-grenade.svg	1x1/skoll/stick-grenade.svg
1x1-skoll-stiletto.svg	1x1/skoll/stiletto.svg
1x1-skoll-stopwatch.svg	1x1/skoll/stopwatch.svg
1x1-skoll-swirled-shell.svg	1x1/skoll/swirled-shell.svg
1x1-skoll-switchblade.svg	1x1/skoll/switchblade.svg
1x1-skoll-tablet.svg	1x1/skoll/tablet.svg
1x1-skoll-talk.svg	1x1/skoll/talk.svg
1x1-skoll-tank-tread.svg	1x1/skoll/tank-tread.svg
1x1-skoll-tec-9.svg	1x1/skoll/tec-9.svg
1x1-skoll-telescopic-baton.svg	1x1/skoll/telescopic-baton.svg
1x1-skoll-teller-mine.svg	1x1/skoll/teller-mine.svg
1x1-skoll-thompson-m1.svg	1x1/skoll/thompson-m1.svg
1x1-skoll-thompson-m1928.svg	1x1/skoll/thompson-m1928.svg
1x1-skoll-topaz.svg	1x1/skoll/topaz.svg
1x1-skoll-trench-body-armor.svg	1x1/skoll/trench-body-armor.svg
1x1-skoll-trench-knife.svg	1x1/skoll/trench-knife.svg
1x1-skoll-trench-spade.svg	1x1/skoll/trench-spade.svg
1x1-skoll-troll.svg	1x1/skoll/troll.svg
1x1-skoll-walther-ppk.svg	1x1/skoll/walther-ppk.svg
1x1-skoll-winchester-rifle.svg	1x1/skoll/winchester-rifle.svg
1x1-skoll-wooden-helmet.svg	1x1/skoll/wooden-helmet.svg
1x1-skoll-zeppelin.svg	1x1/skoll/zeppelin.svg
1x1-sparker-bear-face.svg	1x1/sparker/bear-face.svg
1x1-spencerdub-digital-trace.svg	1x1/spencerdub/digital-trace.svg
1x1-starseeker-potion-of-madness.svg	1x1/starseeker/potion-of-madness.svg
1x1-various-artists-infinity.svg	1x1/various-artists/infinity.svg
1x1-various-artists-salmon.svg	1x1/various-artists/salmon.svg
1x1-viscious-speed-abstract-001.svg	1x1/viscious-speed/abstract-001.svg
1x1-viscious-speed-abstract-002.svg	1x1/viscious-speed/abstract-002.svg
1x1-viscious-speed-abstract-003.svg	1x1/viscious-speed/abstract-003.svg
1x1-viscious-speed-abstract-004.svg	1x1/viscious-speed/abstract-004.svg
1x1-viscious-speed-abstract-005.svg	1x1/viscious-speed/abstract-005.svg
1x1-viscious-speed-abstract-006.svg	1x1/viscious-speed/abstract-006.svg
1x1-viscious-speed-abstract-007.svg	1x1/viscious-speed/abstract-007.svg
1x1-viscious-speed-abstract-008.svg	1x1/viscious-speed/abstract-008.svg
1x1-viscious-speed-abstract-009.svg	1x1/viscious-speed/abstract-009.svg
1x1-viscious-speed-abstract-010.svg	1x1/viscious-speed/abstract-010.svg
1x1-viscious-speed-abstract-011.svg	1x1/viscious-speed/abstract-011.svg
1x1-viscious-speed-abstract-012.svg	1x1/viscious-speed/abstract-012.svg
1x1-viscious-speed-abstract-013.svg	1x1/viscious-speed/abstract-013.svg
1x1-viscious-speed-abstract-014.svg	1x1/viscious-speed/abstract-014.svg
1x1-viscious-speed-abstract-015.svg	1x1/viscious-speed/abstract-015.svg
1x1-viscious-speed-abstract-016.svg	1x1/viscious-speed/abstract-016.svg
1x1-viscious-speed-abstract-017.svg	1x1/viscious-speed/abstract-017.svg
1x1-viscious-speed-abstract-018.svg	1x1/viscious-speed/abstract-018.svg
1x1-viscious-speed-abstract-019.svg	1x1/viscious-speed/abstract-019.svg
1x1-viscious-speed-abstract-020.svg	1x1/viscious-speed/abstract-020.svg
1x1-viscious-speed-abstract-021.svg	1x1/viscious-speed/abstract-021.svg
1x1-viscious-speed-abstract-022.svg	1x1/viscious-speed/abstract-022.svg
1x1-viscious-speed-abstract-023.svg	1x1/viscious-speed/abstract-023.svg
1x1-viscious-speed-abstract-024.svg	1x1/viscious-speed/abstract-024.svg
1x1-viscious-speed-abstract-025.svg	1x1/viscious-speed/abstract-025.svg
1x1-viscious-speed-abstract-026.svg	1x1/viscious-speed/abstract-026.svg
1x1-viscious-speed-abstract-027.svg	1x1/viscious-speed/abstract-027.svg
1x1-viscious-speed-abstract-028.svg	1x1/viscious-speed/abstract-028.svg
1x1-viscious-speed-abstract-029.svg	1x1/viscious-speed/abstract-029.svg
1x1-viscious-speed-abstract-030.svg	1x1/viscious-speed/abstract-030.svg
1x1-viscious-speed-abstract-031.svg	1x1/viscious-speed/abstract-031.svg
1x1-viscious-speed-abstract-032.svg	1x1/viscious-speed/abstract-032.svg
1x1-viscious-speed-abstract-033.svg	1x1/viscious-speed/abstract-033.svg
1x1-viscious-speed-abstract-034.svg	1x1/viscious-speed/abstract-034.svg
1x1-viscious-speed-abstract-035.svg	1x1/viscious-speed/abstract-035.svg
1x1-viscious-speed-abstract-036.svg	1x1/viscious-speed/abstract-036.svg
1x1-viscious-speed-abstract-037.svg	1x1/viscious-speed/abstract-037.svg
1x1-viscious-speed-abstract-038.svg	1x1/viscious-speed/abstract-038.svg
1x1-viscious-speed-abstract-039.svg	1x1/viscious-speed/abstract-039.svg
1x1-viscious-speed-abstract-040.svg	1x1/viscious-speed/abstract-040.svg
1x1-viscious-speed-abstract-041.svg	1x1/viscious-speed/abstract-041.svg
1x1-viscious-speed-abstract-042.svg	1x1/viscious-speed/abstract-042.svg
1x1-viscious-speed-abstract-043.svg	1x1/viscious-speed/abstract-043.svg
1x1-viscious-speed-abstract-044.svg	1x1/viscious-speed/abstract-044.svg
1x1-viscious-speed-abstract-045.svg	1x1/viscious-speed/abstract-045.svg
1x1-viscious-speed-abstract-046.svg	1x1/viscious-speed/abstract-046.svg
1x1-viscious-speed-abstract-047.svg	1x1/viscious-speed/abstract-047.svg
1x1-viscious-speed-abstract-048.svg	1x1/viscious-speed/abstract-048.svg
1x1-viscious-speed-abstract-049.svg	1x1/viscious-speed/abstract-049.svg
1x1-viscious-speed-abstract-050.svg	1x1/viscious-speed/abstract-050.svg
1x1-viscious-speed-abstract-051.svg	1x1/viscious-speed/abstract-051.svg
1x1-viscious-speed-abstract-052.svg	1x1/viscious-speed/abstract-052.svg
1x1-viscious-speed-abstract-053.svg	1x1/viscious-speed/abstract-053.svg
1x1-viscious-speed-abstract-054.svg	1x1/viscious-speed/abstract-054.svg
1x1-viscious-speed-abstract-055.svg	1x1/viscious-speed/abstract-055.svg
1x1-viscious-speed-abstract-056.svg	1x1/viscious-speed/abstract-056.svg
1x1-viscious-speed-abstract-057.svg	1x1/viscious-speed/abstract-057.svg
1x1-viscious-speed-abstract-058.svg	1x1/viscious-speed/abstract-058.svg
1x1-viscious-speed-abstract-059.svg	1x1/viscious-speed/abstract-059.svg
1x1-viscious-speed-abstract-060.svg	1x1/viscious-speed/abstract-060.svg
1x1-viscious-speed-abstract-061.svg	1x1/viscious-speed/abstract-061.svg
1x1-viscious-speed-abstract-062.svg	1x1/viscious-speed/abstract-062.svg
1x1-viscious-speed-abstract-063.svg	1x1/viscious-speed/abstract-063.svg
1x1-viscious-speed-abstract-064.svg	1x1/viscious-speed/abstract-064.svg
1x1-viscious-speed-abstract-065.svg	1x1/viscious-speed/abstract-065.svg
1x1-viscious-speed-abstract-066.svg	1x1/viscious-speed/abstract-066.svg
1x1-viscious-speed-abstract-067.svg	1x1/viscious-speed/abstract-067.svg
1x1-viscious-speed-abstract-068.svg	1x1/viscious-speed/abstract-068.svg
1x1-viscious-speed-abstract-069.svg	1x1/viscious-speed/abstract-069.svg
1x1-viscious-speed-abstract-070.svg	1x1/viscious-speed/abstract-070.svg
1x1-viscious-speed-abstract-071.svg	1x1/viscious-speed/abstract-071.svg
1x1-viscious-speed-abstract-072.svg	1x1/viscious-speed/abstract-072.svg
1x1-viscious-speed-abstract-073.svg	1x1/viscious-speed/abstract-073.svg
1x1-viscious-speed-abstract-074.svg	1x1/viscious-speed/abstract-074.svg
1x1-viscious-speed-abstract-075.svg	1x1/viscious-speed/abstract-075.svg
1x1-viscious-speed-abstract-076.svg	1x1/viscious-speed/abstract-076.svg
1x1-viscious-speed-abstract-077.svg	1x1/viscious-speed/abstract-077.svg
1x1-viscious-speed-abstract-078.svg	1x1/viscious-speed/abstract-078.svg
1x1-viscious-speed-abstract-079.svg	1x1/viscious-speed/abstract-079.svg
1x1-viscious-speed-abstract-080.svg	1x1/viscious-speed/abstract-080.svg
1x1-viscious-speed-abstract-081.svg	1x1/viscious-speed/abstract-081.svg
1x1-viscious-speed-abstract-082.svg	1x1/viscious-speed/abstract-082.svg
1x1-viscious-speed-abstract-083.svg	1x1/viscious-speed/abstract-083.svg
1x1-viscious-speed-abstract-084.svg	1x1/viscious-speed/abstract-084.svg
1x1-viscious-speed-abstract-085.svg	1x1/viscious-speed/abstract-085.svg
1x1-viscious-speed-abstract-086.svg	1x1/viscious-speed/abstract-086.svg
1x1-viscious-speed-abstract-087.svg	1x1/viscious-speed/abstract-087.svg
1x1-viscious-speed-abstract-088.svg	1x1/viscious-speed/abstract-088.svg
1x1-viscious-speed-abstract-089.svg	1x1/viscious-speed/abstract-089.svg
1x1-viscious-speed-abstract-090.svg	1x1/viscious-speed/abstract-090.svg
1x1-viscious-speed-abstract-091.svg	1x1/viscious-speed/abstract-091.svg
1x1-viscious-speed-abstract-092.svg	1x1/viscious-speed/abstract-092.svg
1x1-viscious-speed-abstract-093.svg	1x1/viscious-speed/abstract-093.svg
1x1-viscious-speed-abstract-094.svg	1x1/viscious-speed/abstract-094.svg
1x1-viscious-speed-abstract-095.svg	1x1/viscious-speed/abstract-095.svg
1x1-viscious-speed-abstract-096.svg	1x1/viscious-speed/abstract-096.svg
1x1-viscious-speed-abstract-097.svg	1x1/viscious-speed/abstract-097.svg
1x1-viscious-speed-abstract-098.svg	1x1/viscious-speed/abstract-098.svg
1x1-viscious-speed-abstract-099.svg	1x1/viscious-speed/abstract-099.svg
1x1-viscious-speed-abstract-100.svg	1x1/viscious-speed/abstract-100.svg
1x1-viscious-speed-abstract-101.svg	1x1/viscious-speed/abstract-101.svg
1x1-viscious-speed-abstract-102.svg	1x1/viscious-speed/abstract-102.svg
1x1-viscious-speed-abstract-103.svg	1x1/viscious-speed/abstract-103.svg
1x1-viscious-speed-abstract-104.svg	1x1/viscious-speed/abstract-104.svg
1x1-viscious-speed-abstract-105.svg	1x1/viscious-speed/abstract-105.svg
1x1-viscious-speed-abstract-106.svg	1x1/viscious-speed/abstract-106.svg
1x1-viscious-speed-abstract-107.svg	1x1/viscious-speed/abstract-107.svg
1x1-viscious-speed-abstract-108.svg	1x1/viscious-speed/abstract-108.svg
1x1-viscious-speed-abstract-109.svg	1x1/viscious-speed/abstract-109.svg
1x1-viscious-speed-abstract-110.svg	1x1/viscious-speed/abstract-110.svg
1x1-viscious-speed-abstract-111.svg	1x1/viscious-speed/abstract-111.svg
1x1-viscious-speed-abstract-112.svg	1x1/viscious-speed/abstract-112.svg
1x1-viscious-speed-abstract-113.svg	1x1/viscious-speed/abstract-113.svg
1x1-viscious-speed-abstract-114.svg	1x1/viscious-speed/abstract-114.svg
1x1-viscious-speed-abstract-115.svg	1x1/viscious-speed/abstract-115.svg
1x1-viscious-speed-abstract-116.svg	1x1/viscious-speed/abstract-116.svg
1x1-viscious-speed-abstract-117.svg	1x1/viscious-speed/abstract-117.svg
1x1-viscious-speed-abstract-118.svg	1x1/viscious-speed/abstract-118.svg
1x1-viscious-speed-abstract-119.svg	1x1/viscious-speed/abstract-119.svg
1x1-viscious-speed-abstract-120.svg	1x1/viscious-speed/abstract-120.svg
1x1-viscious-speed-abstract-121.svg	1x1/viscious-speed/abstract-121.svg
1x1-willdabeast-black-book.svg	1x1/willdabeast/black-book.svg
1x1-willdabeast-chain-lightning.svg	1x1/willdabeast/chain-lightning.svg
1x1-willdabeast-chain-mail.svg	1x1/willdabeast/chain-mail.svg
1x1-willdabeast-gold-bar.svg	1x1/willdabeast/gold-bar.svg
1x1-willdabeast-orb-wand.svg	1x1/willdabeast/orb-wand.svg
1x1-willdabeast-round-shield.svg	1x1/willdabeast/round-shield.svg
1x1-willdabeast-white-book.svg	1x1/willdabeast/white-book.svg
1x1-zajkonur-skull-with-syringe.svg	1x1/zajkonur/skull-with-syringe.svg
1x1-zajkonur-violin.svg	1x1/zajkonur/violin.svg
1x1-zeromancer-heart-minus.svg	1x1/zeromancer/heart-minus.svg
1x1-zeromancer-heart-plus.svg	1x1/zeromancer/heart-plus.svg
essential-icon-001-sbed-helmet.svg	essential-icon/001-sbed-helmet.svg
essential-icon-002-lorc-battle-axe.svg	essential-icon/002-lorc-battle-axe.svg
essential-icon-003-lorc-ninja-mask.svg	essential-icon/003-lorc-ninja-mask.svg
essential-icon-004-lorc-crown.svg	essential-icon/004-lorc-crown.svg
essential-icon-005-sbed-shield.svg	essential-icon/005-sbed-shield.svg
essential-icon-006-delapouite-healing-shield.svg	essential-icon/006-delapouite-healing-shield.svg
essential-icon-007-delapouite-bow-arrow.svg	essential-icon/007-delapouite-bow-arrow.svg
essential-icon-008-carl-olsen-crossbow.svg	essential-icon/008-carl-olsen-crossbow.svg
essential-icon-009-lorc-tornado.svg	essential-icon/009-lorc-tornado.svg
essential-icon-010-delapouite-spell-book.svg	essential-icon/010-delapouite-spell-book.svg
essential-icon-011-delapouite-health-potion.svg	essential-icon/011-delapouite-health-potion.svg
essential-icon-012-lorc-knife-thrust.svg	essential-icon/012-lorc-knife-thrust.svg
essential-icon-013-lorc-black-flag.svg	essential-icon/013-lorc-black-flag.svg
essential-icon-014-lorc-robe.svg	essential-icon/014-lorc-robe.svg
essential-icon-015-delapouite-palette.svg	essential-icon/015-delapouite-palette.svg
essential-icon-016-lorc-broadsword.svg	essential-icon/016-lorc-broadsword.svg
essential-icon-017-delapouite-warhammer.svg	essential-icon/017-delapouite-warhammer.svg
essential-icon-018-lorc-feather.svg	essential-icon/018-lorc-feather.svg
essential-icon-019-lorc-spiked-mace.svg	essential-icon/019-lorc-spiked-mace.svg
essential-icon-020-delapouite-goblin-head.svg	essential-icon/020-delapouite-goblin-head.svg
essential-icon-021-lorc-sun.svg	essential-icon/021-lorc-sun.svg
essential-icon-022-lorc-boot-prints.svg	essential-icon/022-lorc-boot-prints.svg
essential-icon-023-delapouite-ogre.svg	essential-icon/023-delapouite-ogre.svg
essential-icon-024-lorc-dread-skull.svg	essential-icon/024-lorc-dread-skull.svg
essential-icon-025-lorc-barbute.svg	essential-icon/025-lorc-barbute.svg
essential-icon-026-lucasms-cloak.svg	essential-icon/026-lucasms-cloak.svg
essential-icon-027-lorc-wolf-head.svg	essential-icon/027-lorc-wolf-head.svg
essential-icon-028-lorc-paw-print.svg	essential-icon/028-lorc-paw-print.svg
essential-icon-029-lorc-flame-spin.svg	essential-icon/029-lorc-flame-spin.svg
essential-icon-030-lorc-wave-crest.svg	essential-icon/030-lorc-wave-crest.svg
essential-icon-031-lorc-fist.svg	essential-icon/031-lorc-fist.svg
essential-icon-032-delapouite-shield-bash.svg	essential-icon/032-delapouite-shield-bash.svg
essential-icon-033-delapouite-flag-objective.svg	essential-icon/033-delapouite-flag-objective.svg
essential-icon-034-lorc-lightning-arc.svg	essential-icon/034-lorc-lightning-arc.svg
essential-icon-035-lorc-crystal-cluster.svg	essential-icon/035-lorc-crystal-cluster.svg
essential-icon-036-delapouite-sparkles.svg	essential-icon/036-delapouite-sparkles.svg
essential-icon-037-lorc-padlock.svg	essential-icon/037-lorc-padlock.svg
essential-icon-038-delapouite-character.svg	essential-icon/038-delapouite-character.svg
essential-icon-039-lorc-anchor.svg	essential-icon/039-lorc-anchor.svg
essential-icon-040-lorc-expanded-rays.svg	essential-icon/040-lorc-expanded-rays.svg
essential-icon-041-lorc-flat-star.svg	essential-icon/041-lorc-flat-star.svg
essential-icon-042-delapouite-cross-shield.svg	essential-icon/042-delapouite-cross-shield.svg
essential-icon-043-lorc-vortex.svg	essential-icon/043-lorc-vortex.svg
essential-icon-044-lorc-emerald.svg	essential-icon/044-lorc-emerald.svg
essential-icon-045-lorc-leaf-skeleton.svg	essential-icon/045-lorc-leaf-skeleton.svg
essential-icon-046-lorc-mailed-fist.svg	essential-icon/046-lorc-mailed-fist.svg
essential-icon-047-lorc-guarded-tower.svg	essential-icon/047-lorc-guarded-tower.svg
essential-icon-048-delapouite-vertical-banner.svg	essential-icon/048-delapouite-vertical-banner.svg
essential-icon-049-lorc-lightning-branches.svg	essential-icon/049-lorc-lightning-branches.svg
essential-icon-050-lorc-crystal-shine.svg	essential-icon/050-lorc-crystal-shine.svg
essential-icon-051-lorc-star-prominences.svg	essential-icon/051-lorc-star-prominences.svg
essential-icon-052-lorc-locked-fortress.svg	essential-icon/052-lorc-locked-fortress.svg
essential-icon-053-delapouite-black-knight-helm.svg	essential-icon/053-delapouite-black-knight-helm.svg
essential-icon-054-lorc-anchor.svg	essential-icon/054-lorc-anchor.svg
essential-icon-055-lorc-comet-spark.svg	essential-icon/055-lorc-comet-spark.svg
essential-icon-056-lorc-sunbeams.svg	essential-icon/056-lorc-sunbeams.svg
essential-icon-057-delapouite-dragon-shield.svg	essential-icon/057-delapouite-dragon-shield.svg
essential-icon-058-lorc-spiral-bloom.svg	essential-icon/058-lorc-spiral-bloom.svg
essential-icon-059-lorc-crystal-eye.svg	essential-icon/059-lorc-crystal-eye.svg
essential-icon-060-lorc-falling-leaf.svg	essential-icon/060-lorc-falling-leaf.svg
essential-icon-061-delapouite-knight-banner.svg	essential-icon/061-delapouite-knight-banner.svg
essential-icon-062-lorc-crossed-swords.svg	essential-icon/062-lorc-crossed-swords.svg
essential-icon-063-delapouite-ample-dress.svg	essential-icon/063-delapouite-ample-dress.svg
essential-icon-064-lorc-spider-web.svg	essential-icon/064-lorc-spider-web.svg
essential-icon-065-delapouite-fairy-wings.svg	essential-icon/065-delapouite-fairy-wings.svg
essential-icon-066-lorc-claw-slashes.svg	essential-icon/066-lorc-claw-slashes.svg
essential-icon-067-delapouite-brick-wall.svg	essential-icon/067-delapouite-brick-wall.svg
essential-icon-068-lorc-gem-pendant.svg	essential-icon/068-lorc-gem-pendant.svg
essential-icon-069-lorc-book-cover.svg	essential-icon/069-lorc-book-cover.svg
essential-icon-070-lorc-eyeball.svg	essential-icon/070-lorc-eyeball.svg
essential-icon-071-delapouite-centurion-helmet.svg	essential-icon/071-delapouite-centurion-helmet.svg
essential-icon-072-lorc-robe.svg	essential-icon/072-lorc-robe.svg
essential-icon-073-lorc-justice-star.svg	essential-icon/073-lorc-justice-star.svg
essential-icon-074-lorc-cat.svg	essential-icon/074-lorc-cat.svg
essential-icon-075-lorc-swirl-ring.svg	essential-icon/075-lorc-swirl-ring.svg
essential-icon-076-delapouite-armor-upgrade.svg	essential-icon/076-delapouite-armor-upgrade.svg
essential-icon-077-lorc-sword-spin.svg	essential-icon/077-lorc-sword-spin.svg
essential-icon-078-delapouite-clothes.svg	essential-icon/078-delapouite-clothes.svg
essential-icon-079-lorc-paw-front.svg	essential-icon/079-lorc-paw-front.svg
essential-icon-080-delapouite-coins-pile.svg	essential-icon/080-delapouite-coins-pile.svg
essential-icon-081-lorc-bone-knife.svg	essential-icon/081-lorc-bone-knife.svg
essential-icon-082-lorc-wavy-chains.svg	essential-icon/082-lorc-wavy-chains.svg
essential-icon-083-delapouite-horse-head.svg	essential-icon/083-delapouite-horse-head.svg
essential-icon-084-lorc-open-book.svg	essential-icon/084-lorc-open-book.svg
essential-icon-085-lorc-papers.svg	essential-icon/085-lorc-papers.svg
essential-icon-086-lorc-hammer-drop.svg	essential-icon/086-lorc-hammer-drop.svg
essential-icon-087-delapouite-heart-beats.svg	essential-icon/087-delapouite-heart-beats.svg
essential-icon-088-lorc-broken-heart.svg	essential-icon/088-lorc-broken-heart.svg
essential-icon-089-lorc-heavy-lightning.svg	essential-icon/089-lorc-heavy-lightning.svg
essential-icon-090-lorc-droplets.svg	essential-icon/090-lorc-droplets.svg
essential-icon-091-lorc-cauldron.svg	essential-icon/091-lorc-cauldron.svg
essential-icon-092-lorc-candle-flame.svg	essential-icon/092-lorc-candle-flame.svg
essential-icon-093-delapouite-magic-potion.svg	essential-icon/093-delapouite-magic-potion.svg
essential-icon-094-lorc-bright-explosion.svg	essential-icon/094-lorc-bright-explosion.svg
essential-icon-095-delapouite-spartan-helmet.svg	essential-icon/095-delapouite-spartan-helmet.svg
essential-icon-096-lorc-beveled-star.svg	essential-icon/096-lorc-beveled-star.svg
essential-icon-097-lorc-cog.svg	essential-icon/097-lorc-cog.svg
essential-icon-098-lorc-key.svg	essential-icon/098-lorc-key.svg
essential-icon-099-lorc-sword-hilt.svg	essential-icon/099-lorc-sword-hilt.svg
essential-icon-100-lorc-hammer-nails.svg	essential-icon/100-lorc-hammer-nails.svg
essential-icon-101-delapouite-hatchet.svg	essential-icon/101-delapouite-hatchet.svg
essential-icon-102-lorc-heavy-rain.svg	essential-icon/102-lorc-heavy-rain.svg
essential-icon-103-lorc-run.svg	essential-icon/103-lorc-run.svg
essential-icon-104-lorc-tornado-discs.svg	essential-icon/104-lorc-tornado-discs.svg
essential-icon-105-lorc-arrowhead.svg	essential-icon/105-lorc-arrowhead.svg
essential-icon-106-delapouite-roman-shield.svg	essential-icon/106-delapouite-roman-shield.svg
essential-icon-107-delapouite-target-poster.svg	essential-icon/107-delapouite-target-poster.svg
essential-icon-108-delapouite-armor-downgrade.svg	essential-icon/108-delapouite-armor-downgrade.svg
essential-icon-109-delapouite-castle.svg	essential-icon/109-delapouite-castle.svg
essential-icon-110-delapouite-gauntlet.svg	essential-icon/110-delapouite-gauntlet.svg
essential-icon-111-delapouite-crenel-crown.svg	essential-icon/111-delapouite-crenel-crown.svg
essential-icon-112-lorc-bone-gnawer.svg	essential-icon/112-lorc-bone-gnawer.svg
essential-icon-113-lorc-hood.svg	essential-icon/113-lorc-hood.svg
essential-icon-114-delapouite-money-stack.svg	essential-icon/114-delapouite-money-stack.svg
essential-icon-115-delapouite-empty-metal-bucket.svg	essential-icon/115-delapouite-empty-metal-bucket.svg
essential-icon-116-delapouite-cargo-crate.svg	essential-icon/116-delapouite-cargo-crate.svg
essential-icon-117-lorc-cloud-ring.svg	essential-icon/117-lorc-cloud-ring.svg
essential-icon-118-delapouite-fog.svg	essential-icon/118-delapouite-fog.svg
essential-icon-119-lorc-snowflake-1.svg	essential-icon/119-lorc-snowflake-1.svg
essential-icon-120-lorc-rock.svg	essential-icon/120-lorc-rock.svg
essential-icon-121-lorc-grenade.svg	essential-icon/121-lorc-grenade.svg
essential-icon-122-lorc-cobweb.svg	essential-icon/122-lorc-cobweb.svg
essential-icon-123-lorc-snowflake-2.svg	essential-icon/123-lorc-snowflake-2.svg
essential-icon-124-lorc-standing-potion.svg	essential-icon/124-lorc-standing-potion.svg
essential-icon-125-delapouite-sunrise.svg	essential-icon/125-delapouite-sunrise.svg
essential-icon-126-delapouite-vampire-cape.svg	essential-icon/126-delapouite-vampire-cape.svg
essential-icon-127-lorc-gems.svg	essential-icon/127-lorc-gems.svg
essential-icon-128-lorc-leaf-swirl.svg	essential-icon/128-lorc-leaf-swirl.svg
essential-icon-129-lorc-hourglass.svg	essential-icon/129-lorc-hourglass.svg
essential-icon-130-lorc-small-fire.svg	essential-icon/130-lorc-small-fire.svg
essential-icon-131-lorc-thunderball.svg	essential-icon/131-lorc-thunderball.svg
essential-icon-132-lorc-tree-branch.svg	essential-icon/132-lorc-tree-branch.svg
essential-icon-133-lorc-waves.svg	essential-icon/133-lorc-waves.svg
essential-icon-134-lorc-fluffy-cloud.svg	essential-icon/134-lorc-fluffy-cloud.svg
essential-icon-135-lorc-wind-hole.svg	essential-icon/135-lorc-wind-hole.svg
icons-elements-1x1-lorc-cursed-star.svg	icons/elements/1x1-lorc-cursed-star.svg
icons-elements-1x1-lorc-fireball.svg	icons/elements/1x1-lorc-fireball.svg
icons-elements-1x1-lorc-ice-bolt.svg	icons/elements/1x1-lorc-ice-bolt.svg
icons-elements-1x1-lorc-lightning-storm.svg	icons/elements/1x1-lorc-lightning-storm.svg
icons-elements-1x1-lorc-poison-bottle.svg	icons/elements/1x1-lorc-poison-bottle.svg
icons-elements-chaos.svg	icons/elements/chaos.svg
icons-elements-cold.svg	icons/elements/cold.svg
icons-elements-fire.svg	icons/elements/fire.svg
icons-elements-lightning.svg	icons/elements/lightning.svg
icons-elements-poison.svg	icons/elements/poison.svg
icons-gear-offhand-base-buckler.svg	icons/gear/offhand/base-buckler.svg
icons-gear-offhand-base-kite-shield.svg	icons/gear/offhand/base-kite-shield.svg
icons-gear-offhand-base-tome.svg	icons/gear/offhand/base-tome.svg
icons-gear-slots-amulet.svg	icons/gear/slots/amulet.svg
icons-gear-slots-belt.svg	icons/gear/slots/belt.svg
icons-gear-slots-boots.svg	icons/gear/slots/boots.svg
icons-gear-slots-cape.svg	icons/gear/slots/cape.svg
icons-gear-slots-chest.svg	icons/gear/slots/chest.svg
icons-gear-slots-gloves.svg	icons/gear/slots/gloves.svg
icons-gear-slots-helmet.svg	icons/gear/slots/helmet.svg
icons-gear-slots-pant.svg	icons/gear/slots/pant.svg
icons-gear-slots-ring.svg	icons/gear/slots/ring.svg
icons-gear-weapons-weapon-bow.svg	icons/gear/weapons/weapon-bow.svg
icons-gear-weapons-weapon-crossbow.svg	icons/gear/weapons/weapon-crossbow.svg
icons-gear-weapons-weapon-dagger.svg	icons/gear/weapons/weapon-dagger.svg
icons-gear-weapons-weapon-mace.svg	icons/gear/weapons/weapon-mace.svg
icons-gear-weapons-weapon-one-handed-axe.svg	icons/gear/weapons/weapon-one-handed-axe.svg
icons-gear-weapons-weapon-one-handed-sword.svg	icons/gear/weapons/weapon-one-handed-sword.svg
icons-gear-weapons-weapon-rod.svg	icons/gear/weapons/weapon-rod.svg
icons-gear-weapons-weapon-spear.svg	icons/gear/weapons/weapon-spear.svg
icons-gear-weapons-weapon-staff.svg	icons/gear/weapons/weapon-staff.svg
icons-gear-weapons-weapon-two-handed-axe.svg	icons/gear/weapons/weapon-two-handed-axe.svg
icons-gear-weapons-weapon-two-handed-sword.svg	icons/gear/weapons/weapon-two-handed-sword.svg
icons-gear-weapons-weapon-wand.svg	icons/gear/weapons/weapon-wand.svg
icons-items-materials-1x1-delapouite-gold-nuggets.svg	icons/items/materials/1x1-delapouite-gold-nuggets.svg
icons-items-materials-1x1-delapouite-herbs-bundle.svg	icons/items/materials/1x1-delapouite-herbs-bundle.svg
icons-items-materials-1x1-faithtoken-minerals.svg	icons/items/materials/1x1-faithtoken-minerals.svg
icons-items-materials-gold-coin.svg	icons/items/materials/gold-coin.svg
icons-items-materials-herb.svg	icons/items/materials/herb.svg
icons-items-potions-1x1-delapouite-health-potion.svg	icons/items/potions/1x1-delapouite-health-potion.svg
icons-items-potions-1x1-delapouite-magic-potion.svg	icons/items/potions/1x1-delapouite-magic-potion.svg
icons-items-potions-draught-condensed.svg	icons/items/potions/draught-condensed.svg
icons-items-potions-draught-hp.svg	icons/items/potions/draught-hp.svg
icons-items-potions-draught-mana.svg	icons/items/potions/draught-mana.svg
icons-items-stones-1x1-lorc-crystal-cluster.svg	icons/items/stones/1x1-lorc-crystal-cluster.svg
icons-items-stones-1x1-lorc-rune-stone.svg	icons/items/stones/1x1-lorc-rune-stone.svg
icons-items-stones-stone-add-mod.svg	icons/items/stones/stone-add-mod.svg
icons-items-stones-stone-corrupt.svg	icons/items/stones/stone-corrupt.svg
icons-items-stones-stone-quality.svg	icons/items/stones/stone-quality.svg
icons-items-stones-stone-remove-mod.svg	icons/items/stones/stone-remove-mod.svg
icons-items-stones-stone-repair.svg	icons/items/stones/stone-repair.svg
icons-items-stones-stone-reroll-tier.svg	icons/items/stones/stone-reroll-tier.svg
icons-items-stones-stone-reroll-value.svg	icons/items/stones/stone-reroll-value.svg
icons-mobs-boss-1x1-delapouite-golem-head.svg	icons/mobs/boss/1x1-delapouite-golem-head.svg
icons-mobs-boss-1x1-faithtoken-dragon-head.svg	icons/mobs/boss/1x1-faithtoken-dragon-head.svg
icons-mobs-boss-mob-boss-bandit.svg	icons/mobs/boss/mob-boss-bandit.svg
icons-mobs-boss-mob-boss-demon.svg	icons/mobs/boss/mob-boss-demon.svg
icons-mobs-boss-mob-boss-drake.svg	icons/mobs/boss/mob-boss-drake.svg
icons-mobs-boss-mob-boss-elf.svg	icons/mobs/boss/mob-boss-elf.svg
icons-mobs-boss-mob-boss-goblin.svg	icons/mobs/boss/mob-boss-goblin.svg
icons-mobs-boss-mob-boss-golem.svg	icons/mobs/boss/mob-boss-golem.svg
icons-mobs-boss-mob-boss-husk.svg	icons/mobs/boss/mob-boss-husk.svg
icons-mobs-boss-mob-boss-knight.svg	icons/mobs/boss/mob-boss-knight.svg
icons-mobs-boss-mob-boss-orc.svg	icons/mobs/boss/mob-boss-orc.svg
icons-mobs-boss-mob-boss-rat.svg	icons/mobs/boss/mob-boss-rat.svg
icons-mobs-boss-mob-boss-seraph.svg	icons/mobs/boss/mob-boss-seraph.svg
icons-mobs-boss-mob-boss-slime.svg	icons/mobs/boss/mob-boss-slime.svg
icons-mobs-boss-mob-boss-spider.svg	icons/mobs/boss/mob-boss-spider.svg
icons-mobs-boss-mob-boss-troll.svg	icons/mobs/boss/mob-boss-troll.svg
icons-mobs-boss-mob-boss-wolf.svg	icons/mobs/boss/mob-boss-wolf.svg
icons-mobs-elite-mob-demon-elite.svg	icons/mobs/elite/mob-demon-elite.svg
icons-mobs-elite-mob-drake-elite.svg	icons/mobs/elite/mob-drake-elite.svg
icons-mobs-elite-mob-elf-elite.svg	icons/mobs/elite/mob-elf-elite.svg
icons-mobs-elite-mob-goblin-elite.svg	icons/mobs/elite/mob-goblin-elite.svg
icons-mobs-elite-mob-golem-elite.svg	icons/mobs/elite/mob-golem-elite.svg
icons-mobs-elite-mob-husk-elite.svg	icons/mobs/elite/mob-husk-elite.svg
icons-mobs-elite-mob-knight-elite.svg	icons/mobs/elite/mob-knight-elite.svg
icons-mobs-elite-mob-orc-elite.svg	icons/mobs/elite/mob-orc-elite.svg
icons-mobs-elite-mob-seraph-elite.svg	icons/mobs/elite/mob-seraph-elite.svg
icons-mobs-elite-mob-troll-elite.svg	icons/mobs/elite/mob-troll-elite.svg
icons-mobs-rank-1x1-lorc-crown.svg	icons/mobs/rank/1x1-lorc-crown.svg
icons-mobs-rank-1x1-lorc-trophy.svg	icons/mobs/rank/1x1-lorc-trophy.svg
icons-mobs-rank-rank-boss.svg	icons/mobs/rank/rank-boss.svg
icons-mobs-rank-rank-elite.svg	icons/mobs/rank/rank-elite.svg
icons-mobs-species-1x1-caro-asercion-goblin.svg	icons/mobs/species/1x1-caro-asercion-goblin.svg
icons-mobs-species-1x1-delapouite-bandit.svg	icons/mobs/species/1x1-delapouite-bandit.svg
icons-mobs-species-1x1-delapouite-ogre.svg	icons/mobs/species/1x1-delapouite-ogre.svg
icons-mobs-species-1x1-delapouite-rat.svg	icons/mobs/species/1x1-delapouite-rat.svg
icons-mobs-species-1x1-delapouite-slime.svg	icons/mobs/species/1x1-delapouite-slime.svg
icons-mobs-species-1x1-lorc-wolf-head.svg	icons/mobs/species/1x1-lorc-wolf-head.svg
icons-mobs-species-1x1-skoll-troll.svg	icons/mobs/species/1x1-skoll-troll.svg
icons-mobs-species-mob-bandit.svg	icons/mobs/species/mob-bandit.svg
icons-mobs-species-mob-demon.svg	icons/mobs/species/mob-demon.svg
icons-mobs-species-mob-drake.svg	icons/mobs/species/mob-drake.svg
icons-mobs-species-mob-elf.svg	icons/mobs/species/mob-elf.svg
icons-mobs-species-mob-goblin.svg	icons/mobs/species/mob-goblin.svg
icons-mobs-species-mob-golem.svg	icons/mobs/species/mob-golem.svg
icons-mobs-species-mob-husk.svg	icons/mobs/species/mob-husk.svg
icons-mobs-species-mob-knight.svg	icons/mobs/species/mob-knight.svg
icons-mobs-species-mob-orc.svg	icons/mobs/species/mob-orc.svg
icons-mobs-species-mob-rat.svg	icons/mobs/species/mob-rat.svg
icons-mobs-species-mob-seraph.svg	icons/mobs/species/mob-seraph.svg
icons-mobs-species-mob-slime.svg	icons/mobs/species/mob-slime.svg
icons-mobs-species-mob-spider.svg	icons/mobs/species/mob-spider.svg
icons-mobs-species-mob-troll.svg	icons/mobs/species/mob-troll.svg
icons-mobs-species-mob-wolf.svg	icons/mobs/species/mob-wolf.svg
icons-skills-attack-attack-arcane-bolt.svg	icons/skills/attack/attack-arcane-bolt.svg
icons-skills-attack-attack-arrow-shower.svg	icons/skills/attack/attack-arrow-shower.svg
icons-skills-attack-attack-chain-spark.svg	icons/skills/attack/attack-chain-spark.svg
icons-skills-attack-attack-cleave.svg	icons/skills/attack/attack-cleave.svg
icons-skills-attack-attack-elemental-break.svg	icons/skills/attack/attack-elemental-break.svg
icons-skills-attack-attack-execute.svg	icons/skills/attack/attack-execute.svg
icons-skills-attack-attack-flame-lash.svg	icons/skills/attack/attack-flame-lash.svg
icons-skills-attack-attack-frost-nova.svg	icons/skills/attack/attack-frost-nova.svg
icons-skills-attack-attack-headshot.svg	icons/skills/attack/attack-headshot.svg
icons-skills-attack-attack-piercing-shot.svg	icons/skills/attack/attack-piercing-shot.svg
icons-skills-attack-attack-puncture.svg	icons/skills/attack/attack-puncture.svg
icons-skills-attack-attack-retribution.svg	icons/skills/attack/attack-retribution.svg
icons-skills-attack-attack-riposte.svg	icons/skills/attack/attack-riposte.svg
icons-skills-attack-attack-shield-bash.svg	icons/skills/attack/attack-shield-bash.svg
icons-skills-attack-attack-toxic-spray.svg	icons/skills/attack/attack-toxic-spray.svg
icons-skills-attack-attack-void-lance.svg	icons/skills/attack/attack-void-lance.svg
icons-skills-attack-attack-volley.svg	icons/skills/attack/attack-volley.svg
icons-skills-attack-attack-whirlwind.svg	icons/skills/attack/attack-whirlwind.svg
icons-skills-aura-aura-clarity.svg	icons/skills/aura/aura-clarity.svg
icons-skills-aura-aura-elemental-fury.svg	icons/skills/aura/aura-elemental-fury.svg
icons-skills-aura-aura-energy-guard.svg	icons/skills/aura/aura-energy-guard.svg
icons-skills-aura-aura-grace.svg	icons/skills/aura/aura-grace.svg
icons-skills-aura-aura-haste.svg	icons/skills/aura/aura-haste.svg
icons-skills-aura-aura-herald-of-ash.svg	icons/skills/aura/aura-herald-of-ash.svg
icons-skills-aura-aura-herald-of-frost.svg	icons/skills/aura/aura-herald-of-frost.svg
icons-skills-aura-aura-herald-of-lightning.svg	icons/skills/aura/aura-herald-of-lightning.svg
icons-skills-aura-aura-iron-guard.svg	icons/skills/aura/aura-iron-guard.svg
icons-skills-aura-aura-rimbo-form.svg	icons/skills/aura/aura-rimbo-form.svg
icons-skills-aura-aura-trinity-form.svg	icons/skills/aura/aura-trinity-form.svg
icons-skills-aura-aura-vitality.svg	icons/skills/aura/aura-vitality.svg
icons-skills-aura-aura-wraith-of-fury.svg	icons/skills/aura/aura-wraith-of-fury.svg
icons-skills-buff-buff-berserker.svg	icons/skills/buff/buff-berserker.svg
icons-skills-buff-buff-ghost-dance.svg	icons/skills/buff/buff-ghost-dance.svg
icons-skills-buff-buff-holy-veil.svg	icons/skills/buff/buff-holy-veil.svg
icons-skills-buff-buff-iron-will.svg	icons/skills/buff/buff-iron-will.svg
icons-skills-buff-buff-magia-drive.svg	icons/skills/buff/buff-magia-drive.svg
icons-skills-buff-buff-warcry.svg	icons/skills/buff/buff-warcry.svg
icons-skills-curse-curse-blinding-mark.svg	icons/skills/curse/curse-blinding-mark.svg
icons-skills-curse-curse-cripple.svg	icons/skills/curse/curse-cripple.svg
icons-skills-curse-curse-expose.svg	icons/skills/curse/curse-expose.svg
icons-skills-curse-curse-jinx.svg	icons/skills/curse/curse-jinx.svg
icons-skills-curse-curse-lacerate.svg	icons/skills/curse/curse-lacerate.svg
icons-skills-curse-curse-mark-of-the-executioner.svg	icons/skills/curse/curse-mark-of-the-executioner.svg
icons-skills-curse-curse-pandemonium.svg	icons/skills/curse/curse-pandemonium.svg
icons-skills-curse-curse-shatter.svg	icons/skills/curse/curse-shatter.svg
icons-skills-curse-curse-sunder.svg	icons/skills/curse/curse-sunder.svg
icons-skills-curse-curse-venom-bind.svg	icons/skills/curse/curse-venom-bind.svg
icons-skills-curse-curse-weaken.svg	icons/skills/curse/curse-weaken.svg
icons-skills-heal-heal-cleanse.svg	icons/skills/heal/heal-cleanse.svg
icons-skills-heal-heal-greater-heal.svg	icons/skills/heal/heal-greater-heal.svg
icons-skills-heal-heal-heal.svg	icons/skills/heal/heal-heal.svg
icons-town-1x1-delapouite-bank.svg	icons/town/1x1-delapouite-bank.svg
icons-town-1x1-delapouite-house.svg	icons/town/1x1-delapouite-house.svg
icons-town-1x1-delapouite-road.svg	icons/town/1x1-delapouite-road.svg
icons-town-1x1-delapouite-shop.svg	icons/town/1x1-delapouite-shop.svg
icons-town-1x1-lorc-treasure-map.svg	icons/town/1x1-lorc-treasure-map.svg
icons-town-bag-category-slot.svg	icons/town/bag-category-slot.svg
icons-town-banner.svg	icons/town/banner.svg
icons-town-base-tint.svg	icons/town/base-tint.svg
icons-town-herb-pouch.svg	icons/town/herb-pouch.svg
icons-town-house.svg	icons/town/house.svg
icons-town-map.svg	icons/town/map.svg
icons-town-plot-deed.svg	icons/town/plot-deed.svg
icons-town-repair-service.svg	icons/town/repair-service.svg
icons-town-road-link.svg	icons/town/road-link.svg
icons-town-stash-tab.svg	icons/town/stash-tab.svg
icons-town-task-skip-token.svg	icons/town/task-skip-token.svg
icons-town-title.svg	icons/town/title.svg
inbox-rpg-icon-365-duplicate-of-existing-skill-aura-clarity.svg	inbox/rpg-icon-365/duplicate-of-existing-skill/aura-clarity.svg
inbox-rpg-icon-365-duplicate-of-existing-skill-aura-elemental-fury.svg	inbox/rpg-icon-365/duplicate-of-existing-skill/aura-elemental-fury.svg
inbox-rpg-icon-365-duplicate-of-existing-skill-aura-energy-guard.svg	inbox/rpg-icon-365/duplicate-of-existing-skill/aura-energy-guard.svg
inbox-rpg-icon-365-duplicate-of-existing-skill-aura-grace.svg	inbox/rpg-icon-365/duplicate-of-existing-skill/aura-grace.svg
inbox-rpg-icon-365-duplicate-of-existing-skill-aura-haste.svg	inbox/rpg-icon-365/duplicate-of-existing-skill/aura-haste.svg
inbox-rpg-icon-365-duplicate-of-existing-skill-aura-herald-of-ash.svg	inbox/rpg-icon-365/duplicate-of-existing-skill/aura-herald-of-ash.svg
inbox-rpg-icon-365-duplicate-of-existing-skill-aura-herald-of-frost.svg	inbox/rpg-icon-365/duplicate-of-existing-skill/aura-herald-of-frost.svg
inbox-rpg-icon-365-duplicate-of-existing-skill-aura-herald-of-lightning.svg	inbox/rpg-icon-365/duplicate-of-existing-skill/aura-herald-of-lightning.svg
inbox-rpg-icon-365-duplicate-of-existing-skill-aura-iron-guard.svg	inbox/rpg-icon-365/duplicate-of-existing-skill/aura-iron-guard.svg
inbox-rpg-icon-365-duplicate-of-existing-skill-aura-rimbo-form.svg	inbox/rpg-icon-365/duplicate-of-existing-skill/aura-rimbo-form.svg
inbox-rpg-icon-365-duplicate-of-existing-skill-aura-trinity-form.svg	inbox/rpg-icon-365/duplicate-of-existing-skill/aura-trinity-form.svg
inbox-rpg-icon-365-duplicate-of-existing-skill-aura-vitality.svg	inbox/rpg-icon-365/duplicate-of-existing-skill/aura-vitality.svg
inbox-rpg-icon-365-duplicate-of-existing-skill-aura-wraith-of-fury.svg	inbox/rpg-icon-365/duplicate-of-existing-skill/aura-wraith-of-fury.svg
inbox-rpg-icon-365-duplicate-of-existing-skill-skill-arcane-bolt.svg	inbox/rpg-icon-365/duplicate-of-existing-skill/skill-arcane-bolt.svg
inbox-rpg-icon-365-duplicate-of-existing-skill-skill-arrow-shower.svg	inbox/rpg-icon-365/duplicate-of-existing-skill/skill-arrow-shower.svg
inbox-rpg-icon-365-duplicate-of-existing-skill-skill-berserker.svg	inbox/rpg-icon-365/duplicate-of-existing-skill/skill-berserker.svg
inbox-rpg-icon-365-duplicate-of-existing-skill-skill-blinding-mark.svg	inbox/rpg-icon-365/duplicate-of-existing-skill/skill-blinding-mark.svg
inbox-rpg-icon-365-duplicate-of-existing-skill-skill-chain-spark.svg	inbox/rpg-icon-365/duplicate-of-existing-skill/skill-chain-spark.svg
inbox-rpg-icon-365-duplicate-of-existing-skill-skill-cleanse.svg	inbox/rpg-icon-365/duplicate-of-existing-skill/skill-cleanse.svg
inbox-rpg-icon-365-duplicate-of-existing-skill-skill-cleave.svg	inbox/rpg-icon-365/duplicate-of-existing-skill/skill-cleave.svg
inbox-rpg-icon-365-duplicate-of-existing-skill-skill-cripple.svg	inbox/rpg-icon-365/duplicate-of-existing-skill/skill-cripple.svg
inbox-rpg-icon-365-duplicate-of-existing-skill-skill-elemental-break.svg	inbox/rpg-icon-365/duplicate-of-existing-skill/skill-elemental-break.svg
inbox-rpg-icon-365-duplicate-of-existing-skill-skill-execute.svg	inbox/rpg-icon-365/duplicate-of-existing-skill/skill-execute.svg
inbox-rpg-icon-365-duplicate-of-existing-skill-skill-expose.svg	inbox/rpg-icon-365/duplicate-of-existing-skill/skill-expose.svg
inbox-rpg-icon-365-duplicate-of-existing-skill-skill-flame-lash.svg	inbox/rpg-icon-365/duplicate-of-existing-skill/skill-flame-lash.svg
inbox-rpg-icon-365-duplicate-of-existing-skill-skill-frost-nova.svg	inbox/rpg-icon-365/duplicate-of-existing-skill/skill-frost-nova.svg
inbox-rpg-icon-365-duplicate-of-existing-skill-skill-ghost-dance.svg	inbox/rpg-icon-365/duplicate-of-existing-skill/skill-ghost-dance.svg
inbox-rpg-icon-365-duplicate-of-existing-skill-skill-greater-heal.svg	inbox/rpg-icon-365/duplicate-of-existing-skill/skill-greater-heal.svg
inbox-rpg-icon-365-duplicate-of-existing-skill-skill-headshot.svg	inbox/rpg-icon-365/duplicate-of-existing-skill/skill-headshot.svg
inbox-rpg-icon-365-duplicate-of-existing-skill-skill-heal.svg	inbox/rpg-icon-365/duplicate-of-existing-skill/skill-heal.svg
inbox-rpg-icon-365-duplicate-of-existing-skill-skill-holy-veil.svg	inbox/rpg-icon-365/duplicate-of-existing-skill/skill-holy-veil.svg
inbox-rpg-icon-365-duplicate-of-existing-skill-skill-iron-will.svg	inbox/rpg-icon-365/duplicate-of-existing-skill/skill-iron-will.svg
inbox-rpg-icon-365-duplicate-of-existing-skill-skill-jinx.svg	inbox/rpg-icon-365/duplicate-of-existing-skill/skill-jinx.svg
inbox-rpg-icon-365-duplicate-of-existing-skill-skill-lacerate.svg	inbox/rpg-icon-365/duplicate-of-existing-skill/skill-lacerate.svg
inbox-rpg-icon-365-duplicate-of-existing-skill-skill-magia-drive.svg	inbox/rpg-icon-365/duplicate-of-existing-skill/skill-magia-drive.svg
inbox-rpg-icon-365-duplicate-of-existing-skill-skill-mark-of-the-executioner.svg	inbox/rpg-icon-365/duplicate-of-existing-skill/skill-mark-of-the-executioner.svg
inbox-rpg-icon-365-duplicate-of-existing-skill-skill-pandemonium.svg	inbox/rpg-icon-365/duplicate-of-existing-skill/skill-pandemonium.svg
inbox-rpg-icon-365-duplicate-of-existing-skill-skill-piercing-shot.svg	inbox/rpg-icon-365/duplicate-of-existing-skill/skill-piercing-shot.svg
inbox-rpg-icon-365-duplicate-of-existing-skill-skill-puncture.svg	inbox/rpg-icon-365/duplicate-of-existing-skill/skill-puncture.svg
inbox-rpg-icon-365-duplicate-of-existing-skill-skill-retribution.svg	inbox/rpg-icon-365/duplicate-of-existing-skill/skill-retribution.svg
inbox-rpg-icon-365-duplicate-of-existing-skill-skill-riposte.svg	inbox/rpg-icon-365/duplicate-of-existing-skill/skill-riposte.svg
inbox-rpg-icon-365-duplicate-of-existing-skill-skill-shatter.svg	inbox/rpg-icon-365/duplicate-of-existing-skill/skill-shatter.svg
inbox-rpg-icon-365-duplicate-of-existing-skill-skill-shield-bash.svg	inbox/rpg-icon-365/duplicate-of-existing-skill/skill-shield-bash.svg
inbox-rpg-icon-365-duplicate-of-existing-skill-skill-sunder.svg	inbox/rpg-icon-365/duplicate-of-existing-skill/skill-sunder.svg
inbox-rpg-icon-365-duplicate-of-existing-skill-skill-toxic-spray.svg	inbox/rpg-icon-365/duplicate-of-existing-skill/skill-toxic-spray.svg
inbox-rpg-icon-365-duplicate-of-existing-skill-skill-venom-bind.svg	inbox/rpg-icon-365/duplicate-of-existing-skill/skill-venom-bind.svg
inbox-rpg-icon-365-duplicate-of-existing-skill-skill-void-lance.svg	inbox/rpg-icon-365/duplicate-of-existing-skill/skill-void-lance.svg
inbox-rpg-icon-365-duplicate-of-existing-skill-skill-volley.svg	inbox/rpg-icon-365/duplicate-of-existing-skill/skill-volley.svg
inbox-rpg-icon-365-duplicate-of-existing-skill-skill-warcry.svg	inbox/rpg-icon-365/duplicate-of-existing-skill/skill-warcry.svg
inbox-rpg-icon-365-duplicate-of-existing-skill-skill-weaken.svg	inbox/rpg-icon-365/duplicate-of-existing-skill/skill-weaken.svg
inbox-rpg-icon-365-duplicate-of-existing-skill-skill-whirlwind.svg	inbox/rpg-icon-365/duplicate-of-existing-skill/skill-whirlwind.svg
inbox-rpg-icon-365-general-001-knight-helmet.svg	inbox/rpg-icon-365/general/001-knight-helmet.svg
inbox-rpg-icon-365-general-002-wizard-hat.svg	inbox/rpg-icon-365/general/002-wizard-hat.svg
inbox-rpg-icon-365-general-003-assassin-hood.svg	inbox/rpg-icon-365/general/003-assassin-hood.svg
inbox-rpg-icon-365-general-004-crown.svg	inbox/rpg-icon-365/general/004-crown.svg
inbox-rpg-icon-365-general-005-shield.svg	inbox/rpg-icon-365/general/005-shield.svg
inbox-rpg-icon-365-general-006-shield-cross.svg	inbox/rpg-icon-365/general/006-shield-cross.svg
inbox-rpg-icon-365-general-007-bow.svg	inbox/rpg-icon-365/general/007-bow.svg
inbox-rpg-icon-365-general-008-crossed-bow.svg	inbox/rpg-icon-365/general/008-crossed-bow.svg
inbox-rpg-icon-365-general-009-tornado.svg	inbox/rpg-icon-365/general/009-tornado.svg
inbox-rpg-icon-365-general-010-holy-book.svg	inbox/rpg-icon-365/general/010-holy-book.svg
inbox-rpg-icon-365-general-011-heart-elixir.svg	inbox/rpg-icon-365/general/011-heart-elixir.svg
inbox-rpg-icon-365-general-012-dagger.svg	inbox/rpg-icon-365/general/012-dagger.svg
inbox-rpg-icon-365-general-013-flag.svg	inbox/rpg-icon-365/general/013-flag.svg
inbox-rpg-icon-365-general-014-cloak.svg	inbox/rpg-icon-365/general/014-cloak.svg
inbox-rpg-icon-365-general-015-mushroom.svg	inbox/rpg-icon-365/general/015-mushroom.svg
inbox-rpg-icon-365-general-016-map-scroll.svg	inbox/rpg-icon-365/general/016-map-scroll.svg
inbox-rpg-icon-365-general-017-sword.svg	inbox/rpg-icon-365/general/017-sword.svg
inbox-rpg-icon-365-general-018-war-axe.svg	inbox/rpg-icon-365/general/018-war-axe.svg
inbox-rpg-icon-365-general-019-knife.svg	inbox/rpg-icon-365/general/019-knife.svg
inbox-rpg-icon-365-general-020-mace.svg	inbox/rpg-icon-365/general/020-mace.svg
inbox-rpg-icon-365-general-021-staff.svg	inbox/rpg-icon-365/general/021-staff.svg
inbox-rpg-icon-365-general-022-sun.svg	inbox/rpg-icon-365/general/022-sun.svg
inbox-rpg-icon-365-general-023-paw-print.svg	inbox/rpg-icon-365/general/023-paw-print.svg
inbox-rpg-icon-365-general-024-ghost.svg	inbox/rpg-icon-365/general/024-ghost.svg
inbox-rpg-icon-365-general-025-skull.svg	inbox/rpg-icon-365/general/025-skull.svg
inbox-rpg-icon-365-general-026-spartan-helmet.svg	inbox/rpg-icon-365/general/026-spartan-helmet.svg
inbox-rpg-icon-365-general-027-robe.svg	inbox/rpg-icon-365/general/027-robe.svg
inbox-rpg-icon-365-general-028-wolf-head.svg	inbox/rpg-icon-365/general/028-wolf-head.svg
inbox-rpg-icon-365-general-029-paw.svg	inbox/rpg-icon-365/general/029-paw.svg
inbox-rpg-icon-365-general-030-flame.svg	inbox/rpg-icon-365/general/030-flame.svg
inbox-rpg-icon-365-general-031-wave.svg	inbox/rpg-icon-365/general/031-wave.svg
inbox-rpg-icon-365-general-032-crescent-moon.svg	inbox/rpg-icon-365/general/032-crescent-moon.svg
inbox-rpg-icon-365-general-033-fist.svg	inbox/rpg-icon-365/general/033-fist.svg
inbox-rpg-icon-365-general-034-bicep.svg	inbox/rpg-icon-365/general/034-bicep.svg
inbox-rpg-icon-365-general-035-hammer.svg	inbox/rpg-icon-365/general/035-hammer.svg
inbox-rpg-icon-365-general-036-axe.svg	inbox/rpg-icon-365/general/036-axe.svg
inbox-rpg-icon-365-general-037-crystal.svg	inbox/rpg-icon-365/general/037-crystal.svg
inbox-rpg-icon-365-general-038-sparkle.svg	inbox/rpg-icon-365/general/038-sparkle.svg
inbox-rpg-icon-365-general-039-lock.svg	inbox/rpg-icon-365/general/039-lock.svg
inbox-rpg-icon-365-general-040-tower.svg	inbox/rpg-icon-365/general/040-tower.svg
inbox-rpg-icon-365-general-041-anchor.svg	inbox/rpg-icon-365/general/041-anchor.svg
inbox-rpg-icon-365-general-042-sparkles.svg	inbox/rpg-icon-365/general/042-sparkles.svg
inbox-rpg-icon-365-general-043-star-burst.svg	inbox/rpg-icon-365/general/043-star-burst.svg
inbox-rpg-icon-365-general-044-shield-quartered.svg	inbox/rpg-icon-365/general/044-shield-quartered.svg
inbox-rpg-icon-365-general-045-spiral.svg	inbox/rpg-icon-365/general/045-spiral.svg
inbox-rpg-icon-365-general-046-crystals.svg	inbox/rpg-icon-365/general/046-crystals.svg
inbox-rpg-icon-365-general-047-leaf.svg	inbox/rpg-icon-365/general/047-leaf.svg
inbox-rpg-icon-365-general-048-curved-bow.svg	inbox/rpg-icon-365/general/048-curved-bow.svg
inbox-rpg-icon-365-general-049-gauntlet.svg	inbox/rpg-icon-365/general/049-gauntlet.svg
inbox-rpg-icon-365-general-050-gem.svg	inbox/rpg-icon-365/general/050-gem.svg
inbox-rpg-icon-365-general-051-anvil.svg	inbox/rpg-icon-365/general/051-anvil.svg
inbox-rpg-icon-365-general-052-rook.svg	inbox/rpg-icon-365/general/052-rook.svg
inbox-rpg-icon-365-general-053-bat.svg	inbox/rpg-icon-365/general/053-bat.svg
inbox-rpg-icon-365-general-054-lips.svg	inbox/rpg-icon-365/general/054-lips.svg
inbox-rpg-icon-365-general-055-ram-skull.svg	inbox/rpg-icon-365/general/055-ram-skull.svg
inbox-rpg-icon-365-general-056-claw-marks.svg	inbox/rpg-icon-365/general/056-claw-marks.svg
inbox-rpg-icon-365-general-057-brick-wall.svg	inbox/rpg-icon-365/general/057-brick-wall.svg
inbox-rpg-icon-365-general-058-spade.svg	inbox/rpg-icon-365/general/058-spade.svg
inbox-rpg-icon-365-general-059-eye.svg	inbox/rpg-icon-365/general/059-eye.svg
inbox-rpg-icon-365-general-060-turtle-shell.svg	inbox/rpg-icon-365/general/060-turtle-shell.svg
inbox-rpg-icon-365-general-061-footprint.svg	inbox/rpg-icon-365/general/061-footprint.svg
inbox-rpg-icon-365-general-062-viking-helmet.svg	inbox/rpg-icon-365/general/062-viking-helmet.svg
inbox-rpg-icon-365-general-063-star.svg	inbox/rpg-icon-365/general/063-star.svg
inbox-rpg-icon-365-general-064-hood.svg	inbox/rpg-icon-365/general/064-hood.svg
inbox-rpg-icon-365-general-065-tent.svg	inbox/rpg-icon-365/general/065-tent.svg
inbox-rpg-icon-365-general-066-ring.svg	inbox/rpg-icon-365/general/066-ring.svg
inbox-rpg-icon-365-general-067-whirlpool.svg	inbox/rpg-icon-365/general/067-whirlpool.svg
inbox-rpg-icon-365-general-068-grip-fist.svg	inbox/rpg-icon-365/general/068-grip-fist.svg
inbox-rpg-icon-365-general-069-crossed-swords.svg	inbox/rpg-icon-365/general/069-crossed-swords.svg
inbox-rpg-icon-365-general-070-sack.svg	inbox/rpg-icon-365/general/070-sack.svg
inbox-rpg-icon-365-general-071-spiked-ring.svg	inbox/rpg-icon-365/general/071-spiked-ring.svg
inbox-rpg-icon-365-general-072-treasure-chest.svg	inbox/rpg-icon-365/general/072-treasure-chest.svg
inbox-rpg-icon-365-general-073-battle-axe.svg	inbox/rpg-icon-365/general/073-battle-axe.svg
inbox-rpg-icon-365-general-074-chain.svg	inbox/rpg-icon-365/general/074-chain.svg
inbox-rpg-icon-365-general-075-broken-chain.svg	inbox/rpg-icon-365/general/075-broken-chain.svg
inbox-rpg-icon-365-general-076-muscle-arm.svg	inbox/rpg-icon-365/general/076-muscle-arm.svg
inbox-rpg-icon-365-general-077-open-book.svg	inbox/rpg-icon-365/general/077-open-book.svg
inbox-rpg-icon-365-general-078-scroll-doc.svg	inbox/rpg-icon-365/general/078-scroll-doc.svg
inbox-rpg-icon-365-general-079-small-anvil.svg	inbox/rpg-icon-365/general/079-small-anvil.svg
inbox-rpg-icon-365-general-080-heart.svg	inbox/rpg-icon-365/general/080-heart.svg
inbox-rpg-icon-365-general-081-broken-heart.svg	inbox/rpg-icon-365/general/081-broken-heart.svg
inbox-rpg-icon-365-general-082-lightning.svg	inbox/rpg-icon-365/general/082-lightning.svg
inbox-rpg-icon-365-general-083-droplet.svg	inbox/rpg-icon-365/general/083-droplet.svg
inbox-rpg-icon-365-general-084-roots.svg	inbox/rpg-icon-365/general/084-roots.svg
inbox-rpg-icon-365-general-085-compass-star.svg	inbox/rpg-icon-365/general/085-compass-star.svg
inbox-rpg-icon-365-general-086-coins.svg	inbox/rpg-icon-365/general/086-coins.svg
inbox-rpg-icon-365-general-087-torch.svg	inbox/rpg-icon-365/general/087-torch.svg
inbox-rpg-icon-365-general-088-flask.svg	inbox/rpg-icon-365/general/088-flask.svg
inbox-rpg-icon-365-general-089-starburst.svg	inbox/rpg-icon-365/general/089-starburst.svg
inbox-rpg-icon-365-general-090-crested-helmet.svg	inbox/rpg-icon-365/general/090-crested-helmet.svg
inbox-rpg-icon-365-general-091-explosion.svg	inbox/rpg-icon-365/general/091-explosion.svg
inbox-rpg-icon-365-general-092-gear.svg	inbox/rpg-icon-365/general/092-gear.svg
inbox-rpg-icon-365-general-093-key.svg	inbox/rpg-icon-365/general/093-key.svg
inbox-rpg-icon-365-general-094-short-sword.svg	inbox/rpg-icon-365/general/094-short-sword.svg
inbox-rpg-icon-365-general-095-mallet.svg	inbox/rpg-icon-365/general/095-mallet.svg
inbox-rpg-icon-365-general-096-mushroom-cloud.svg	inbox/rpg-icon-365/general/096-mushroom-cloud.svg
inbox-rpg-icon-365-general-097-winged-boots.svg	inbox/rpg-icon-365/general/097-winged-boots.svg
inbox-rpg-icon-365-general-098-cyclone.svg	inbox/rpg-icon-365/general/098-cyclone.svg
inbox-rpg-icon-365-general-099-arrow.svg	inbox/rpg-icon-365/general/099-arrow.svg
inbox-rpg-icon-365-general-100-lantern.svg	inbox/rpg-icon-365/general/100-lantern.svg
inbox-rpg-icon-365-general-101-sprout.svg	inbox/rpg-icon-365/general/101-sprout.svg
inbox-rpg-icon-365-general-102-dune.svg	inbox/rpg-icon-365/general/102-dune.svg
inbox-rpg-icon-365-general-103-swirl.svg	inbox/rpg-icon-365/general/103-swirl.svg
inbox-rpg-icon-365-general-104-candle.svg	inbox/rpg-icon-365/general/104-candle.svg
inbox-rpg-icon-365-general-105-shield-crest.svg	inbox/rpg-icon-365/general/105-shield-crest.svg
inbox-rpg-icon-365-general-106-shield-target.svg	inbox/rpg-icon-365/general/106-shield-target.svg
inbox-rpg-icon-365-general-107-shield-cracked.svg	inbox/rpg-icon-365/general/107-shield-cracked.svg
inbox-rpg-icon-365-general-108-chess-rook.svg	inbox/rpg-icon-365/general/108-chess-rook.svg
inbox-rpg-icon-365-general-109-boot.svg	inbox/rpg-icon-365/general/109-boot.svg
inbox-rpg-icon-365-general-110-royal-crown.svg	inbox/rpg-icon-365/general/110-royal-crown.svg
inbox-rpg-icon-365-general-111-bone.svg	inbox/rpg-icon-365/general/111-bone.svg
inbox-rpg-icon-365-general-112-goblet.svg	inbox/rpg-icon-365/general/112-goblet.svg
inbox-rpg-icon-365-general-113-money-bag.svg	inbox/rpg-icon-365/general/113-money-bag.svg
inbox-rpg-icon-365-general-114-coin-purse.svg	inbox/rpg-icon-365/general/114-coin-purse.svg
inbox-rpg-icon-365-general-115-open-chest.svg	inbox/rpg-icon-365/general/115-open-chest.svg
inbox-rpg-icon-365-general-116-urn.svg	inbox/rpg-icon-365/general/116-urn.svg
inbox-rpg-icon-365-general-117-ornate-key.svg	inbox/rpg-icon-365/general/117-ornate-key.svg
inbox-rpg-icon-365-general-118-medal.svg	inbox/rpg-icon-365/general/118-medal.svg
inbox-rpg-icon-365-general-119-crate.svg	inbox/rpg-icon-365/general/119-crate.svg
inbox-rpg-icon-365-general-120-rain-cloud.svg	inbox/rpg-icon-365/general/120-rain-cloud.svg
inbox-rpg-icon-365-general-121-boulder.svg	inbox/rpg-icon-365/general/121-boulder.svg
inbox-rpg-icon-365-general-122-vortex.svg	inbox/rpg-icon-365/general/122-vortex.svg
inbox-rpg-icon-365-general-123-sealed-scroll.svg	inbox/rpg-icon-365/general/123-sealed-scroll.svg
inbox-rpg-icon-365-general-124-spider-web.svg	inbox/rpg-icon-365/general/124-spider-web.svg
inbox-rpg-icon-365-general-125-snowflake.svg	inbox/rpg-icon-365/general/125-snowflake.svg
inbox-rpg-icon-365-general-126-potion-bottle.svg	inbox/rpg-icon-365/general/126-potion-bottle.svg
inbox-rpg-icon-365-general-127-sun-rays.svg	inbox/rpg-icon-365/general/127-sun-rays.svg
inbox-rpg-icon-365-general-128-scroll.svg	inbox/rpg-icon-365/general/128-scroll.svg
inbox-rpg-icon-365-general-129-cake.svg	inbox/rpg-icon-365/general/129-cake.svg
inbox-rpg-icon-365-general-130-green-leaf.svg	inbox/rpg-icon-365/general/130-green-leaf.svg
inbox-rpg-icon-365-general-131-hourglass.svg	inbox/rpg-icon-365/general/131-hourglass.svg
inbox-rpg-icon-365-general-132-fire.svg	inbox/rpg-icon-365/general/132-fire.svg
inbox-rpg-icon-365-general-133-volcano.svg	inbox/rpg-icon-365/general/133-volcano.svg
inbox-rpg-icon-365-general-134-waves.svg	inbox/rpg-icon-365/general/134-waves.svg
inbox-rpg-icon-365-general-135-storm-cloud.svg	inbox/rpg-icon-365/general/135-storm-cloud.svg
inbox-rpg-icon-365-general-136-funnel.svg	inbox/rpg-icon-365/general/136-funnel.svg
inbox-rpg-icon-365-general-137-sun-symbol.svg	inbox/rpg-icon-365/general/137-sun-symbol.svg
inbox-rpg-icon-365-general-138-wind.svg	inbox/rpg-icon-365/general/138-wind.svg
inbox-rpg-icon-365-general-139-flames.svg	inbox/rpg-icon-365/general/139-flames.svg
inbox-rpg-icon-365-general-140-swirl-leaf.svg	inbox/rpg-icon-365/general/140-swirl-leaf.svg
inbox-rpg-icon-365-general-141-water-drop.svg	inbox/rpg-icon-365/general/141-water-drop.svg
inbox-rpg-icon-365-general-add-plus.svg	inbox/rpg-icon-365/general/add-plus.svg
inbox-rpg-icon-365-general-alchemy-alembic.svg	inbox/rpg-icon-365/general/alchemy-alembic.svg
inbox-rpg-icon-365-general-amulet.svg	inbox/rpg-icon-365/general/amulet.svg
inbox-rpg-icon-365-general-antidote-vial.svg	inbox/rpg-icon-365/general/antidote-vial.svg
inbox-rpg-icon-365-general-arrow-fan.svg	inbox/rpg-icon-365/general/arrow-fan.svg
inbox-rpg-icon-365-general-atlas-disc.svg	inbox/rpg-icon-365/general/atlas-disc.svg
inbox-rpg-icon-365-general-belt.svg	inbox/rpg-icon-365/general/belt.svg
inbox-rpg-icon-365-general-bomb-round.svg	inbox/rpg-icon-365/general/bomb-round.svg
inbox-rpg-icon-365-general-boss-marker.svg	inbox/rpg-icon-365/general/boss-marker.svg
inbox-rpg-icon-365-general-buff-arrow-up.svg	inbox/rpg-icon-365/general/buff-arrow-up.svg
inbox-rpg-icon-365-general-buff-aura.svg	inbox/rpg-icon-365/general/buff-aura.svg
inbox-rpg-icon-365-general-buff-blessing.svg	inbox/rpg-icon-365/general/buff-blessing.svg
inbox-rpg-icon-365-general-buff-defense.svg	inbox/rpg-icon-365/general/buff-defense.svg
inbox-rpg-icon-365-general-cancel-close.svg	inbox/rpg-icon-365/general/cancel-close.svg
inbox-rpg-icon-365-general-chainmail-shirt.svg	inbox/rpg-icon-365/general/chainmail-shirt.svg
inbox-rpg-icon-365-general-circlet.svg	inbox/rpg-icon-365/general/circlet.svg
inbox-rpg-icon-365-general-clay-lump.svg	inbox/rpg-icon-365/general/clay-lump.svg
inbox-rpg-icon-365-general-confirm-check.svg	inbox/rpg-icon-365/general/confirm-check.svg
inbox-rpg-icon-365-general-cooking-cauldron.svg	inbox/rpg-icon-365/general/cooking-cauldron.svg
inbox-rpg-icon-365-general-crossbow.svg	inbox/rpg-icon-365/general/crossbow.svg
inbox-rpg-icon-365-general-currency-bar-stack.svg	inbox/rpg-icon-365/general/currency-bar-stack.svg
inbox-rpg-icon-365-general-currency-chit.svg	inbox/rpg-icon-365/general/currency-chit.svg
inbox-rpg-icon-365-general-currency-nugget.svg	inbox/rpg-icon-365/general/currency-nugget.svg
inbox-rpg-icon-365-general-currency-ring-money.svg	inbox/rpg-icon-365/general/currency-ring-money.svg
inbox-rpg-icon-365-general-currency-shard.svg	inbox/rpg-icon-365/general/currency-shard.svg
inbox-rpg-icon-365-general-currency-souls.svg	inbox/rpg-icon-365/general/currency-souls.svg
inbox-rpg-icon-365-general-currency-strongbox.svg	inbox/rpg-icon-365/general/currency-strongbox.svg
inbox-rpg-icon-365-general-currency-token.svg	inbox/rpg-icon-365/general/currency-token.svg
inbox-rpg-icon-365-general-currency-tribute.svg	inbox/rpg-icon-365/general/currency-tribute.svg
inbox-rpg-icon-365-general-currency-voucher.svg	inbox/rpg-icon-365/general/currency-voucher.svg
inbox-rpg-icon-365-general-danger-warning.svg	inbox/rpg-icon-365/general/danger-warning.svg
inbox-rpg-icon-365-general-debuff-arrow-down.svg	inbox/rpg-icon-365/general/debuff-arrow-down.svg
inbox-rpg-icon-365-general-debuff-bleed.svg	inbox/rpg-icon-365/general/debuff-bleed.svg
inbox-rpg-icon-365-general-debuff-curse.svg	inbox/rpg-icon-365/general/debuff-curse.svg
inbox-rpg-icon-365-general-debuff-poison.svg	inbox/rpg-icon-365/general/debuff-poison.svg
inbox-rpg-icon-365-general-debuff-rooted.svg	inbox/rpg-icon-365/general/debuff-rooted.svg
inbox-rpg-icon-365-general-debuff-silence.svg	inbox/rpg-icon-365/general/debuff-silence.svg
inbox-rpg-icon-365-general-demon.svg	inbox/rpg-icon-365/general/demon.svg
inbox-rpg-icon-365-general-dragon-head.svg	inbox/rpg-icon-365/general/dragon-head.svg
inbox-rpg-icon-365-general-earring.svg	inbox/rpg-icon-365/general/earring.svg
inbox-rpg-icon-365-general-element-arcane.svg	inbox/rpg-icon-365/general/element-arcane.svg
inbox-rpg-icon-365-general-element-blood.svg	inbox/rpg-icon-365/general/element-blood.svg
inbox-rpg-icon-365-general-element-chaos.svg	inbox/rpg-icon-365/general/element-chaos.svg
inbox-rpg-icon-365-general-element-gas.svg	inbox/rpg-icon-365/general/element-gas.svg
inbox-rpg-icon-365-general-element-holy.svg	inbox/rpg-icon-365/general/element-holy.svg
inbox-rpg-icon-365-general-element-metal.svg	inbox/rpg-icon-365/general/element-metal.svg
inbox-rpg-icon-365-general-element-shadow.svg	inbox/rpg-icon-365/general/element-shadow.svg
inbox-rpg-icon-365-general-element-sonic.svg	inbox/rpg-icon-365/general/element-sonic.svg
inbox-rpg-icon-365-general-element-time.svg	inbox/rpg-icon-365/general/element-time.svg
inbox-rpg-icon-365-general-element-void.svg	inbox/rpg-icon-365/general/element-void.svg
inbox-rpg-icon-365-general-face-mask.svg	inbox/rpg-icon-365/general/face-mask.svg
inbox-rpg-icon-365-general-feather-pluck.svg	inbox/rpg-icon-365/general/feather-pluck.svg
inbox-rpg-icon-365-general-fishing-fish.svg	inbox/rpg-icon-365/general/fishing-fish.svg
inbox-rpg-icon-365-general-fishing-rod.svg	inbox/rpg-icon-365/general/fishing-rod.svg
inbox-rpg-icon-365-general-flail.svg	inbox/rpg-icon-365/general/flail.svg
inbox-rpg-icon-365-general-food-bread-loaf.svg	inbox/rpg-icon-365/general/food-bread-loaf.svg
inbox-rpg-icon-365-general-food-cheese-wedge.svg	inbox/rpg-icon-365/general/food-cheese-wedge.svg
inbox-rpg-icon-365-general-food-roast-meat.svg	inbox/rpg-icon-365/general/food-roast-meat.svg
inbox-rpg-icon-365-general-forge-furnace.svg	inbox/rpg-icon-365/general/forge-furnace.svg
inbox-rpg-icon-365-general-fur-pelt.svg	inbox/rpg-icon-365/general/fur-pelt.svg
inbox-rpg-icon-365-general-gate-guard.svg	inbox/rpg-icon-365/general/gate-guard.svg
inbox-rpg-icon-365-general-gathering-net.svg	inbox/rpg-icon-365/general/gathering-net.svg
inbox-rpg-icon-365-general-goblin.svg	inbox/rpg-icon-365/general/goblin.svg
inbox-rpg-icon-365-general-golem.svg	inbox/rpg-icon-365/general/golem.svg
inbox-rpg-icon-365-general-greatsword.svg	inbox/rpg-icon-365/general/greatsword.svg
inbox-rpg-icon-365-general-greaves.svg	inbox/rpg-icon-365/general/greaves.svg
inbox-rpg-icon-365-general-halberd.svg	inbox/rpg-icon-365/general/halberd.svg
inbox-rpg-icon-365-general-herb-bundle.svg	inbox/rpg-icon-365/general/herb-bundle.svg
inbox-rpg-icon-365-general-hideout-door.svg	inbox/rpg-icon-365/general/hideout-door.svg
inbox-rpg-icon-365-general-honey-jar.svg	inbox/rpg-icon-365/general/honey-jar.svg
inbox-rpg-icon-365-general-hydra.svg	inbox/rpg-icon-365/general/hydra.svg
inbox-rpg-icon-365-general-jeweler-mandrel.svg	inbox/rpg-icon-365/general/jeweler-mandrel.svg
inbox-rpg-icon-365-general-katana.svg	inbox/rpg-icon-365/general/katana.svg
inbox-rpg-icon-365-general-keystone-node.svg	inbox/rpg-icon-365/general/keystone-node.svg
inbox-rpg-icon-365-general-lance.svg	inbox/rpg-icon-365/general/lance.svg
inbox-rpg-icon-365-general-leather-vest.svg	inbox/rpg-icon-365/general/leather-vest.svg
inbox-rpg-icon-365-general-level-up.svg	inbox/rpg-icon-365/general/level-up.svg
inbox-rpg-icon-365-general-lock-pick.svg	inbox/rpg-icon-365/general/lock-pick.svg
inbox-rpg-icon-365-general-minotaur.svg	inbox/rpg-icon-365/general/minotaur.svg
inbox-rpg-icon-365-general-mushroom-cluster.svg	inbox/rpg-icon-365/general/mushroom-cluster.svg
inbox-rpg-icon-365-general-npc-merchant.svg	inbox/rpg-icon-365/general/npc-merchant.svg
inbox-rpg-icon-365-general-npc-villager.svg	inbox/rpg-icon-365/general/npc-villager.svg
inbox-rpg-icon-365-general-oil-flask.svg	inbox/rpg-icon-365/general/oil-flask.svg
inbox-rpg-icon-365-general-orc.svg	inbox/rpg-icon-365/general/orc.svg
inbox-rpg-icon-365-general-ore-node.svg	inbox/rpg-icon-365/general/ore-node.svg
inbox-rpg-icon-365-general-party-group.svg	inbox/rpg-icon-365/general/party-group.svg
inbox-rpg-icon-365-general-pauldron.svg	inbox/rpg-icon-365/general/pauldron.svg
inbox-rpg-icon-365-general-pickaxe.svg	inbox/rpg-icon-365/general/pickaxe.svg
inbox-rpg-icon-365-general-plate-chestplate.svg	inbox/rpg-icon-365/general/plate-chestplate.svg
inbox-rpg-icon-365-general-portal-rift.svg	inbox/rpg-icon-365/general/portal-rift.svg
inbox-rpg-icon-365-general-potion-experience.svg	inbox/rpg-icon-365/general/potion-experience.svg
inbox-rpg-icon-365-general-potion-life.svg	inbox/rpg-icon-365/general/potion-life.svg
inbox-rpg-icon-365-general-potion-mana.svg	inbox/rpg-icon-365/general/potion-mana.svg
inbox-rpg-icon-365-general-quest-journal.svg	inbox/rpg-icon-365/general/quest-journal.svg
inbox-rpg-icon-365-general-quest-marker.svg	inbox/rpg-icon-365/general/quest-marker.svg
inbox-rpg-icon-365-general-quiver.svg	inbox/rpg-icon-365/general/quiver.svg
inbox-rpg-icon-365-general-remove-minus.svg	inbox/rpg-icon-365/general/remove-minus.svg
inbox-rpg-icon-365-general-rest-campfire.svg	inbox/rpg-icon-365/general/rest-campfire.svg
inbox-rpg-icon-365-general-save-crystal.svg	inbox/rpg-icon-365/general/save-crystal.svg
inbox-rpg-icon-365-general-saw.svg	inbox/rpg-icon-365/general/saw.svg
inbox-rpg-icon-365-general-scroll-teleport.svg	inbox/rpg-icon-365/general/scroll-teleport.svg
inbox-rpg-icon-365-general-shovel.svg	inbox/rpg-icon-365/general/shovel.svg
inbox-rpg-icon-365-general-skill-tree.svg	inbox/rpg-icon-365/general/skill-tree.svg
inbox-rpg-icon-365-general-slime.svg	inbox/rpg-icon-365/general/slime.svg
inbox-rpg-icon-365-general-spear.svg	inbox/rpg-icon-365/general/spear.svg
inbox-rpg-icon-365-general-spider.svg	inbox/rpg-icon-365/general/spider.svg
inbox-rpg-icon-365-general-stone-quarry.svg	inbox/rpg-icon-365/general/stone-quarry.svg
inbox-rpg-icon-365-general-talent-node.svg	inbox/rpg-icon-365/general/talent-node.svg
inbox-rpg-icon-365-general-timber-log.svg	inbox/rpg-icon-365/general/timber-log.svg
inbox-rpg-icon-365-general-trade-balance.svg	inbox/rpg-icon-365/general/trade-balance.svg
inbox-rpg-icon-365-general-waypoint-pillar.svg	inbox/rpg-icon-365/general/waypoint-pillar.svg
inbox-rpg-icon-365-general-weaving-loom.svg	inbox/rpg-icon-365/general/weaving-loom.svg
inbox-rpg-icon-365-general-whip.svg	inbox/rpg-icon-365/general/whip.svg
inbox-rpg-icon-365-general-wraith.svg	inbox/rpg-icon-365/general/wraith.svg
inbox-rpg-icon-365-new-skill-support-aoe-chain-targets.svg	inbox/rpg-icon-365/new-skill-support/aoe-chain-targets.svg
inbox-rpg-icon-365-new-skill-support-aoe-circle-area.svg	inbox/rpg-icon-365/new-skill-support/aoe-circle-area.svg
inbox-rpg-icon-365-new-skill-support-aoe-cone-area.svg	inbox/rpg-icon-365/new-skill-support/aoe-cone-area.svg
inbox-rpg-icon-365-new-skill-support-aoe-line-area.svg	inbox/rpg-icon-365/new-skill-support/aoe-line-area.svg
inbox-rpg-icon-365-new-skill-support-aoe-single-target.svg	inbox/rpg-icon-365/new-skill-support/aoe-single-target.svg
inbox-rpg-icon-365-new-skill-support-aoe-spread-area.svg	inbox/rpg-icon-365/new-skill-support/aoe-spread-area.svg
inbox-rpg-icon-365-new-skill-support-attribute-agility.svg	inbox/rpg-icon-365/new-skill-support/attribute-agility.svg
inbox-rpg-icon-365-new-skill-support-attribute-dexterity.svg	inbox/rpg-icon-365/new-skill-support/attribute-dexterity.svg
inbox-rpg-icon-365-new-skill-support-attribute-intelligence.svg	inbox/rpg-icon-365/new-skill-support/attribute-intelligence.svg
inbox-rpg-icon-365-new-skill-support-attribute-luck.svg	inbox/rpg-icon-365/new-skill-support/attribute-luck.svg
inbox-rpg-icon-365-new-skill-support-attribute-strength.svg	inbox/rpg-icon-365/new-skill-support/attribute-strength.svg
inbox-rpg-icon-365-new-skill-support-attribute-wisdom.svg	inbox/rpg-icon-365/new-skill-support/attribute-wisdom.svg
inbox-rpg-icon-365-new-skill-support-auto-press-queue.svg	inbox/rpg-icon-365/new-skill-support/auto-press-queue.svg
inbox-rpg-icon-365-new-skill-support-cooldown-locked.svg	inbox/rpg-icon-365/new-skill-support/cooldown-locked.svg
inbox-rpg-icon-365-new-skill-support-cooldown-ready.svg	inbox/rpg-icon-365/new-skill-support/cooldown-ready.svg
inbox-rpg-icon-365-new-skill-support-cooldown-running.svg	inbox/rpg-icon-365/new-skill-support/cooldown-running.svg
inbox-rpg-icon-365-new-skill-support-ladder-stack.svg	inbox/rpg-icon-365/new-skill-support/ladder-stack.svg
inbox-rpg-icon-365-new-skill-support-layer-accuracy.svg	inbox/rpg-icon-365/new-skill-support/layer-accuracy.svg
inbox-rpg-icon-365-new-skill-support-layer-armour-penetration.svg	inbox/rpg-icon-365/new-skill-support/layer-armour-penetration.svg
inbox-rpg-icon-365-new-skill-support-layer-armour.svg	inbox/rpg-icon-365/new-skill-support/layer-armour.svg
inbox-rpg-icon-365-new-skill-support-layer-attack-speed.svg	inbox/rpg-icon-365/new-skill-support/layer-attack-speed.svg
inbox-rpg-icon-365-new-skill-support-layer-block.svg	inbox/rpg-icon-365/new-skill-support/layer-block.svg
inbox-rpg-icon-365-new-skill-support-layer-cooldown-reduction.svg	inbox/rpg-icon-365/new-skill-support/layer-cooldown-reduction.svg
inbox-rpg-icon-365-new-skill-support-layer-critical-chance.svg	inbox/rpg-icon-365/new-skill-support/layer-critical-chance.svg
inbox-rpg-icon-365-new-skill-support-layer-critical-damage.svg	inbox/rpg-icon-365/new-skill-support/layer-critical-damage.svg
inbox-rpg-icon-365-new-skill-support-layer-elemental-alignment.svg	inbox/rpg-icon-365/new-skill-support/layer-elemental-alignment.svg
inbox-rpg-icon-365-new-skill-support-layer-energy-shield.svg	inbox/rpg-icon-365/new-skill-support/layer-energy-shield.svg
inbox-rpg-icon-365-new-skill-support-layer-evasion.svg	inbox/rpg-icon-365/new-skill-support/layer-evasion.svg
inbox-rpg-icon-365-new-skill-support-layer-life-regeneration.svg	inbox/rpg-icon-365/new-skill-support/layer-life-regeneration.svg
inbox-rpg-icon-365-new-skill-support-layer-magic-power.svg	inbox/rpg-icon-365/new-skill-support/layer-magic-power.svg
inbox-rpg-icon-365-new-skill-support-layer-mana-regeneration.svg	inbox/rpg-icon-365/new-skill-support/layer-mana-regeneration.svg
inbox-rpg-icon-365-new-skill-support-layer-max-health.svg	inbox/rpg-icon-365/new-skill-support/layer-max-health.svg
inbox-rpg-icon-365-new-skill-support-layer-max-mana.svg	inbox/rpg-icon-365/new-skill-support/layer-max-mana.svg
inbox-rpg-icon-365-new-skill-support-layer-perfect-dodge.svg	inbox/rpg-icon-365/new-skill-support/layer-perfect-dodge.svg
inbox-rpg-icon-365-new-skill-support-layer-physical-power.svg	inbox/rpg-icon-365/new-skill-support/layer-physical-power.svg
inbox-rpg-icon-365-new-skill-support-layer-status-resistance.svg	inbox/rpg-icon-365/new-skill-support/layer-status-resistance.svg
inbox-rpg-icon-365-new-skill-support-mana-cost-percent.svg	inbox/rpg-icon-365/new-skill-support/mana-cost-percent.svg
inbox-rpg-icon-365-new-skill-support-reserve-mana-pool.svg	inbox/rpg-icon-365/new-skill-support/reserve-mana-pool.svg
inbox-rpg-icon-365-new-skill-support-reserve-tier-cheap.svg	inbox/rpg-icon-365/new-skill-support/reserve-tier-cheap.svg
inbox-rpg-icon-365-new-skill-support-reserve-tier-heavy.svg	inbox/rpg-icon-365/new-skill-support/reserve-tier-heavy.svg
inbox-rpg-icon-365-new-skill-support-reserve-tier-mid.svg	inbox/rpg-icon-365/new-skill-support/reserve-tier-mid.svg
inbox-rpg-icon-365-new-skill-support-skill-energy-absorb.svg	inbox/rpg-icon-365/new-skill-support/skill-energy-absorb.svg
inbox-rpg-icon-365-new-skill-support-skill-level-up.svg	inbox/rpg-icon-365/new-skill-support/skill-level-up.svg
inbox-rpg-icon-365-new-skill-support-skill-preset-set.svg	inbox/rpg-icon-365/new-skill-support/skill-preset-set.svg
inbox-rpg-icon-365-new-skill-support-status-bleed-stacks.svg	inbox/rpg-icon-365/new-skill-support/status-bleed-stacks.svg
inbox-rpg-icon-365-new-skill-support-status-burn.svg	inbox/rpg-icon-365/new-skill-support/status-burn.svg
inbox-rpg-icon-365-new-skill-support-status-chill.svg	inbox/rpg-icon-365/new-skill-support/status-chill.svg
inbox-rpg-icon-365-new-skill-support-status-mark.svg	inbox/rpg-icon-365/new-skill-support/status-mark.svg
inbox-rpg-icon-365-new-skill-support-status-poison-stacks.svg	inbox/rpg-icon-365/new-skill-support/status-poison-stacks.svg
inbox-rpg-icon-365-new-skill-support-status-shock.svg	inbox/rpg-icon-365/new-skill-support/status-shock.svg
inbox-rpg-icon-365-new-skill-support-status-stun.svg	inbox/rpg-icon-365/new-skill-support/status-stun.svg
inbox-rpg-icon-365-new-skill-support-type-active-skill.svg	inbox/rpg-icon-365/new-skill-support/type-active-skill.svg
inbox-rpg-icon-365-new-skill-support-type-aura-skill.svg	inbox/rpg-icon-365/new-skill-support/type-aura-skill.svg
inbox-rpg-icon-365-new-skill-support-type-buff-skill.svg	inbox/rpg-icon-365/new-skill-support/type-buff-skill.svg
inbox-rpg-icon-365-new-skill-support-type-curse-skill.svg	inbox/rpg-icon-365/new-skill-support/type-curse-skill.svg
inbox-rpg-icon-365-new-skill-support-type-heal-skill.svg	inbox/rpg-icon-365/new-skill-support/type-heal-skill.svg
inbox-rpg-icon-365-new-skill-support-weapon-group-magic.svg	inbox/rpg-icon-365/new-skill-support/weapon-group-magic.svg
inbox-rpg-icon-365-new-skill-support-weapon-group-melee.svg	inbox/rpg-icon-365/new-skill-support/weapon-group-melee.svg
inbox-rpg-icon-365-new-skill-support-weapon-group-ranged.svg	inbox/rpg-icon-365/new-skill-support/weapon-group-ranged.svg
ui-map-overlay.svg	ui/map-overlay.svg
ui-map-terrain.svg	ui/map-terrain.svg
